number,mpf_name,vpx,kind,type,x,y,nx,ny,note
1,l_01_li1,li1,lamp,Light,70.4,2230.8,0.074,1.0309,
2,l_02_li2,li2,lamp,Light,51.9,2230.7,0.0545,1.0308,
3,l_03_li3,li3,lamp,Light,432.1,1898.3,0.4539,0.8772,also: li3a
4,l_04_li4,li4,lamp,Light,364.4,1713.9,0.3827,0.792,also: li4a
5,l_05_li5,li5,lamp,Light,364.4,1607.7,0.3827,0.7429,also: li5a
6,l_06_li6,li6,lamp,Light,364.4,1500.9,0.3827,0.6936,also: li6a
7,l_07_li7,li7,lamp,Light,364.4,1395.0,0.3827,0.6446,also: li7a
8,l_08_li8,li8,lamp,Light,50.6,1512.5,0.0531,0.699,also: li8a
9,l_09_li9,li9,lamp,Light,130.4,1467.3,0.137,0.6781,also: li9a
10,l_10_li10,li10,lamp,Light,738.3,1473.2,0.7756,0.6808,also: li10a
11,l_11_li11,li11,lamp,Light,812.3,1527.8,0.8533,0.706,also: li11a
12,l_12_li12,li12,lamp,Light,198.5,1318.3,0.2085,0.6092,also: li12a
13,l_13_li13,li13,lamp,Light,166.7,1248.6,0.1751,0.577,also: li13a
14,l_14_li14,li14,lamp,Light,140.0,1189.9,0.1471,0.5498,also: li14a
15,l_15_li15,li15,lamp,Light,113.2,1132.3,0.1189,0.5233,also: li15a
16,l_16_li16,li16,lamp,Light,171.6,966.9,0.1803,0.4468,also: li16a
17,l_17_li17,li17,lamp,Light,151.0,892.3,0.1586,0.4123,also: li17a
18,l_18_li18,li18,lamp,Light,132.1,828.7,0.1387,0.383,also: li18a
19,l_19_li19,li19,lamp,Light,113.0,769.9,0.1187,0.3558,also: li19a
20,l_20_li20,li20,lamp,Light,727.3,1319.7,0.7639,0.6098,also: li20a
21,l_21_li21,li21,lamp,Light,717.4,1237.3,0.7536,0.5718,also: li21a
22,l_22_li22,li22,lamp,Light,506.7,1290.3,0.5322,0.5963,also: li22a
23,l_23_li23,li23,lamp,Light,506.7,1396.6,0.5322,0.6454,also: li23a
24,l_24_li24,li24,lamp,Light,506.7,1502.5,0.5322,0.6943,also: li24a
25,l_25_li25a,li25a,lamp,Light,506.7,1609.5,0.5323,0.7438,also: li25
26,l_26_li26,li26,lamp,Light,506.7,1715.4,0.5322,0.7927,also: li26a
27,l_27_li27,li27,lamp,Light,364.4,1288.8,0.3827,0.5955,also: li27a
28,l_28_li28,li28,lamp,Light,435.0,1206.2,0.457,0.5574,also: li28a
29,l_29_li29,li29,lamp,Light,434.2,1012.3,0.456,0.4678,also: li29a
30,l_30_li30,li30,lamp,Light,594.5,847.9,0.6245,0.3918,also: li30a
31,l_31_li31,li31,lamp,Light,621.1,1026.5,0.6524,0.4743,also: li31a
32,l_32_li32,li32,lamp,Light,640.8,948.9,0.6731,0.4385,also: li32a
33,l_33_li33,li33,lamp,Light,657.6,887.0,0.6908,0.4099,also: li33a
34,l_34_li34,li34,lamp,Light,673.4,820.7,0.7074,0.3793,also: li34a
35,l_35_li35,li35,lamp,Light,740.6,831.3,0.7779,0.3841,also: li35a
36,l_36_li36,li36,lamp,Light,699.6,1131.8,0.7349,0.523,also: li36a
37,l_37_li37,li37,lamp,Light,725.3,1058.1,0.7618,0.4889,also: li37a
38,l_38_li38,li38,lamp,Light,747.2,998.7,0.7849,0.4615,also: li38a
39,l_39_li39,li39,lamp,Light,767.8,935.3,0.8065,0.4322,also: li39a
40,l_40_li40,li40,lamp,Light,512.3,727.7,0.5381,0.3363,also: li40a
41,l_41_li41,li41,lamp,Light,513.3,793.2,0.5392,0.3665,also: li41a
42,l_42_li42,li42,lamp,Light,512.0,858.0,0.5378,0.3965,also: li42a
43,l_43_li43,li43,lamp,Light,512.1,934.9,0.538,0.432,also: li43a
44,l_44_li44,li44,lamp,Light,265.7,982.8,0.279,0.4542,also: li44a
45,l_45_li45,li45,lamp,Light,281.2,1046.2,0.2953,0.4835,also: li45a
46,l_46_li46,li46,lamp,Light,294.8,1108.3,0.3097,0.5122,also: li46a
47,l_47_li47,li47,lamp,Light,311.7,1182.9,0.3274,0.5466,also: li47a
48,l_48_li48,li48,lamp,Light,331.8,920.5,0.3485,0.4254,also: li48a
49,l_49_li49,li49,lamp,Light,287.5,131.8,0.302,0.0609,also: li49a
50,l_50_li50,li50,lamp,Light,199.9,108.9,0.21,0.0503,also: li50a
51,l_51_li51,li51,lamp,Light,199.7,51.1,0.2097,0.0236,also: li51a
52,l_52_li52,li52,lamp,Light,287.8,71.4,0.3023,0.033,also: li52a
53,l_53_li53,li53,lamp,Light,812.8,911.1,0.8537,0.421,
54,l_54_li54,li54,lamp,Light,440.5,878.6,0.4627,0.406,also: li54a
55,l_55_li55,li55,lamp,Light,767.9,895.2,0.8066,0.4137,
57,l_57_li57,li57,lamp,Light,261.8,667.3,0.275,0.3084,
58,l_58_li58,li58,lamp,Light,360.4,776.0,0.3786,0.3586,
59,l_59_li59,li59,lamp,Light,512.5,649.7,0.5383,0.3002,also: li59a
60,l_60_li60,li60,lamp,Light,151.5,299.2,0.1592,0.1383,
61,l_61_li61,li61,lamp,Light,287.8,416.4,0.3024,0.1924,
62,l_62_li62,li62,lamp,Light,150.1,506.3,0.1576,0.234,
17,f_17_f17,f17,flasher,Light,213.7,809.7,0.2245,0.3742,
18,f_18_flasherlight3,Flasherlight3,flasher,Light,73.5,177.3,0.0772,0.082,
19,f_19_f19,f19,flasher,Light,819.4,1106.6,0.8607,0.5114,
20,f_20_f20,f20,flasher,Light,743.3,404.5,0.7808,0.1869,
21,f_21_flasherlight5,Flasherlight5,flasher,Light,182.0,401.8,0.1912,0.1857,
23,f_23_flasherlight4,Flasherlight4,flasher,Light,691.9,49.4,0.7268,0.0228,
25,f_25_f25,f25,flasher,Light,512.5,649.7,0.5383,0.3002,
26,f_26_flasherlight1,Flasherlight1,flasher,Light,695.0,1558.4,0.7301,0.7201,
27,f_27_flasherlight2,Flasherlight2,flasher,Light,175.1,1577.1,0.1839,0.7288,
28,f_28_f28,f28,flasher,Light,308.8,818.1,0.3244,0.3781,
31,f_31_f31,f31,flasher,Light,597.4,295.0,0.6276,0.1363,
32,f_32_flasherlight6,Flasherlight6,flasher,Light,114.2,1018.0,0.1199,0.4704,
