vpx,type,x,y,nx,ny,timer_interval,surf,imag
wallbumper4,Wall,126.3,455.9,0.1326,0.2107,100,,
Wall12,Wall,372.1,262.7,0.3909,0.1214,100,,
outersleft_prim,Primitive,-0.0,0.0,-0.0,0.0,,,outersleftgion
Wall5,Wall,10.0,986.8,0.0105,0.456,100,,
wall59,Wall,694.8,456.0,0.7298,0.2107,10,,
wall93,Wall,681.2,460.7,0.7155,0.2129,10,,
wall72,Wall,810.3,474.4,0.8511,0.2192,10,,
sw12,Trigger,854.1,213.7,0.8971,0.0987,100,,
RightRampFlap,Primitive,735.8,531.4,0.7729,0.2456,,,RampGIOn
Wall6,Wall,901.8,1944.5,0.9473,0.8986,100,,
Wall4,Wall,90.3,1524.5,0.0948,0.7045,100,,
Wall8,Wall,585.8,1942.3,0.6154,0.8976,100,,darkgrey
Drain,Kicker,438.5,2131.1,0.4606,0.9848,3000,,
BallRelease,Kicker,820.1,1841.2,0.8614,0.8508,100,,
Wall17,Wall,940.0,1082.0,0.9874,0.5,100,,
Gate2,Gate,871.0,1842.5,0.9149,0.8514,100,,
Plunger,Plunger,902.1,2105.2,0.9476,0.9728,100,,customwhitetip
Bumper1,Bumper,150.6,299.3,0.1582,0.1383,-1,,
LeftFlipper,Flipper,277.0,1825.2,0.291,0.8434,100,,
RightFlipper,Flipper,594.5,1825.2,0.6245,0.8434,100,,
LeftSlingshot,Wall,222.5,1578.4,0.2337,0.7294,20,,
wall359,Wall,203.7,1602.9,0.214,0.7407,10,,
Sling2,Primitive,216.6,1578.4,0.2275,0.7294,,,
RightSlingshot,Wall,648.3,1580.3,0.681,0.7302,20,,
Sling1,Primitive,654.4,1579.7,0.6874,0.73,,,
OptimusPrime,Primitive,504.2,247.3,0.5296,0.1143,,,OptimusGIOn
Primitive104,Primitive,90.2,1456.7,0.0948,0.6732,,,
Primitive2,Primitive,777.2,1460.9,0.8164,0.6751,,,
redpost1,Wall,123.9,1322.4,0.1302,0.6111,100,,
Wall26,Wall,171.2,1740.8,0.1798,0.8044,0,,
Wall2,Wall,777.2,1524.5,0.8164,0.7045,100,,
Wall3,Wall,698.2,1740.8,0.7335,0.8044,0,,
Wall1,Wall,70.8,1029.4,0.0744,0.4757,100,,
Wall7,Wall,813.9,942.1,0.855,0.4354,100,,
Wall11,Wall,895.4,615.7,0.9405,0.2845,100,,
Wall13,Wall,897.7,695.2,0.943,0.3212,100,,
redpost3,Wall,772.4,1119.4,0.8113,0.5173,100,,
sw3,Kicker,68.2,1034.4,0.0716,0.478,100,,
wall27,Wall,667.4,1605.1,0.7011,0.7417,10,,
Rubber-Blue,Wall,186.9,901.7,0.1963,0.4167,100,,
Wall28,Wall,306.6,702.3,0.3221,0.3245,100,,
Wall29,Wall,379.3,730.3,0.3984,0.3375,100,,
Bumper2,Bumper,287.3,416.3,0.3017,0.1924,-1,,
Bumper3,Bumper,149.4,504.9,0.1569,0.2333,-1,,
Wall30,Wall,159.7,165.1,0.1677,0.0763,100,,
Wall31,Wall,245.5,170.6,0.2579,0.0788,100,,
Wall32,Wall,330.9,192.1,0.3476,0.0888,100,,
Primitive38,Primitive,354.7,131.4,0.3726,0.0607,,,
Primitive47,Primitive,324.2,571.9,0.3405,0.2643,,,
RubberBand5,Wall,271.2,569.5,0.2849,0.2632,20,,
RubberBand6,Wall,312.8,300.3,0.3285,0.1388,20,,
Wall33,Wall,182.0,730.5,0.1911,0.3376,100,,
RubberBand7,Wall,115.9,399.4,0.1218,0.1845,20,,
Wall34,Wall,97.6,335.5,0.1025,0.155,100,,
LGate,Gate,135.5,76.0,0.1424,0.0351,100,,
KickerMegaTron,Kicker,318.9,673.2,0.335,0.3111,100,,
Wall35,Wall,497.4,158.9,0.5225,0.0734,100,,
Wall38,Wall,426.7,650.3,0.4482,0.3005,100,,
sw2,HitTarget,317.3,871.7,0.3333,0.4028,100,,target1-blue
sw49,HitTarget,434.9,827.2,0.4569,0.3822,100,,target1-blue
sw46,HitTarget,770.8,777.0,0.8096,0.3591,100,,target1-blue
Wall39,Wall,338.3,362.1,0.3553,0.1673,100,,
Wall40,Wall,404.8,282.1,0.4253,0.1304,100,,
Wall41,Wall,395.0,501.5,0.4149,0.2317,100,,
Wall42,Wall,379.4,620.4,0.3985,0.2867,100,,
Wall43,Wall,401.6,403.2,0.4219,0.1863,100,,
Ironhide,Primitive,751.2,241.3,0.7891,0.1115,,,IronhideGIOn
wallbumper1,Wall,150.6,300.3,0.1582,0.1388,100,,
wallbumper2,Wall,286.9,417.9,0.3013,0.1931,100,,
wallbumper3,Wall,149.0,506.4,0.1565,0.234,100,,
Starscream,Primitive,91.9,40.2,0.0966,0.0186,,,StarscreamGIOn
Megatron,Primitive,362.0,728.6,0.3803,0.3367,,,MegatronGION
Primitive16,Primitive,109.6,973.9,0.1151,0.45,,,cubepegtexture
CapKicker1,Kicker,622.6,747.0,0.6539,0.3452,100,15h,
CapKicker1a,Kicker,626.3,694.8,0.6578,0.3211,100,15h,
CapWall1,Wall,621.1,753.5,0.6524,0.3482,100,,
CapTrigger1,Trigger,621.4,785.4,0.6527,0.363,100,,
Wall44,Wall,574.5,643.8,0.6035,0.2975,100,,
Wall45,Wall,578.1,453.5,0.6072,0.2096,100,,
car,Primitive,656.5,346.6,0.6896,0.1602,,,bumblebeetexture
Wall46,Wall,498.3,239.2,0.5234,0.1106,100,,
redpost4,Wall,552.0,136.9,0.5798,0.0633,100,,
Wall49,Wall,749.5,327.7,0.7873,0.1514,100,,
Wall50,Wall,459.9,429.0,0.4831,0.1983,100,,
sw51,Wall,508.8,300.7,0.5345,0.139,20,,
RightJet,Primitive,836.5,1322.9,0.8787,0.6113,,,RightJetGIOn
Wall53,Wall,87.6,609.4,0.092,0.2816,100,,
Wall54,Wall,863.5,174.8,0.9071,0.0808,100,,
Wall55,Wall,930.4,174.8,0.9773,0.0808,100,,
sw37,HitTarget,787.2,1251.1,0.8269,0.5781,100,,target mudflap
sw50,HitTarget,778.3,1174.0,0.8175,0.5425,100,,target skids
wall56,Wall,73.3,1006.5,0.077,0.4651,10,,
wall57,Wall,300.2,612.8,0.3153,0.2832,10,,
wall58,Wall,821.7,1138.8,0.8631,0.5263,10,,
wall60,Wall,420.0,126.6,0.4412,0.0585,10,,
RubberBand8,Wall,64.3,1359.7,0.0675,0.6283,20,,
RubberBand9,Wall,811.5,1345.9,0.8524,0.622,20,,
Wall61,Wall,853.4,1550.1,0.8964,0.7163,100,,
Wall62,Wall,646.5,441.9,0.6791,0.2042,100,,
OptimusWall,Wall,509.2,388.2,0.5348,0.1794,20,,
Wall63,Wall,649.7,439.7,0.6825,0.2032,100,,
Wall64,Wall,642.3,444.9,0.6747,0.2056,100,,
sw1p,HitTarget,660.1,238.0,0.6933,0.11,100,,target1-yellow
redpost6,Wall,428.1,792.3,0.4497,0.3661,100,,
Gate3,Gate,234.0,865.8,0.2458,0.4001,100,,
Gate4,Gate,740.9,524.1,0.7783,0.2422,100,,
Gate5,Gate,906.4,181.4,0.9521,0.0838,100,Ramp36,
Wall70,Wall,864.5,181.6,0.9081,0.0839,100,,
Wall71,Wall,947.1,181.6,0.9948,0.0839,100,,
Wall73,Wall,13.8,606.2,0.0145,0.2801,100,,
Wall74,Wall,88.8,606.2,0.0933,0.2801,100,,
Gate6,Gate,50.8,605.6,0.0534,0.2799,100,Wall74,
sw34,Spinner,795.1,889.9,0.8351,0.4112,100,,
Wall77,Wall,795.4,888.8,0.8355,0.4107,100,,
Primitive77,Primitive,358.8,51.5,0.3769,0.0238,,,
RGate,Gate,347.7,55.6,0.3652,0.0257,100,,
Primitive81,Primitive,772.6,882.5,0.8115,0.4078,,,
Primitive79,Primitive,816.2,896.5,0.8574,0.4143,,,
Wall87,Wall,849.6,1114.3,0.8925,0.5149,100,,
Wall88,Wall,700.1,53.9,0.7354,0.0249,100,,
sw24,Trigger,53.4,1640.0,0.0561,0.7579,100,,
sw25,Trigger,126.7,1600.3,0.1331,0.7395,100,,
sw28,Trigger,740.3,1603.9,0.7776,0.7412,100,,
sw29,Trigger,813.5,1643.4,0.8545,0.7594,100,,
sw45,Trigger,648.8,506.5,0.6816,0.2341,100,,
sw13,Trigger,372.2,491.6,0.3909,0.2272,100,,
sw5,Trigger,58.6,545.4,0.0616,0.252,100,,
sw8,Trigger,203.3,173.7,0.2135,0.0803,100,,
sw7,Trigger,289.3,195.3,0.3039,0.0902,100,,
sw6,Trigger,81.7,123.2,0.0858,0.0569,100,,
Primitive94,Primitive,587.8,654.2,0.6174,0.3023,,,
Primitive72,Primitive,587.8,654.2,0.6174,0.3023,,,
Primitive73,Primitive,666.5,661.6,0.7001,0.3057,,,
Primitive78,Primitive,666.5,661.6,0.7001,0.3057,,,
Primitive93,Primitive,298.3,831.4,0.3134,0.3842,,,
Primitive96,Primitive,298.3,831.4,0.3134,0.3842,,,
sw23,Trigger,900.1,1913.9,0.9455,0.8844,10,,
Wall90,Wall,940.3,1857.7,0.9877,0.8585,100,,
Wall91,Wall,940.3,1817.0,0.9877,0.8396,100,,
Wall92,Wall,940.3,1894.3,0.9877,0.8753,100,,
screw15,Primitive,940.2,1804.4,0.9877,0.8338,,,
screw1,Primitive,940.2,1909.8,0.9877,0.8825,,,
sw11,Trigger,542.5,218.5,0.5698,0.101,100,,
sw4,Trigger,221.4,813.7,0.2326,0.376,100,Ramp5,
sw35,Trigger,736.3,553.7,0.7735,0.2559,100,Ramp6,
sw14,Trigger,896.7,156.0,0.9419,0.0721,100,Ramp36,
sw10,Trigger,54.7,632.4,0.0574,0.2922,100,LeftRamp1,
sw22,Trigger,839.3,1838.7,0.8816,0.8497,100,,
sw1,Wall,664.7,318.8,0.6982,0.1473,100,,
carkicker,Kicker,656.1,351.9,0.6891,0.1626,100,,
Wall51,Wall,113.7,2077.0,0.1194,0.9598,100,,
hball,Kicker,118.4,2126.6,0.1244,0.9827,0,,
RightRampPlastic,Primitive,777.4,975.2,0.8166,0.4507,,,RampGIOn
Backpanel,Primitive,-0.0,0.0,-0.0,0.0,,,BackwallGIOn
metals_prim,Primitive,-0.0,0.0,-0.0,0.0,,,metals
Primitive114,Primitive,83.5,561.9,0.0877,0.2596,,,
right_drop,Trigger,905.9,938.5,0.9516,0.4337,100,RightRamp2,
right_drop1,Trigger,53.2,661.8,0.0559,0.3058,100,LeftRamp1,
zCol_Rubber_Peg001,Primitive,90.2,1456.7,0.0948,0.6732,,,
zCol_Rubber_Post001,Primitive,175.0,1482.6,0.1838,0.6851,,,
zCol_Rubber_Sleeve001,Primitive,132.0,1060.7,0.1386,0.4901,,,
zCol_Rubber_Sleeve002,Primitive,123.7,1322.5,0.1299,0.6111,,,
zCol_Rubber_Peg002,Primitive,777.2,1461.0,0.8164,0.6751,,,
zCol_Rubber_Post002,Primitive,174.3,1632.3,0.1831,0.7543,,,
zCol_Rubber_Post003,Primitive,244.5,1681.6,0.2568,0.7771,,,
zCol_Rubber_Post004,Primitive,695.2,1486.1,0.7303,0.6867,,,
zCol_Rubber_Post005,Primitive,695.3,1633.4,0.7303,0.7548,,,
zCol_Rubber_Post006,Primitive,625.9,1682.9,0.6574,0.7777,,,
zCol_Rubber_Post007,Primitive,86.6,1339.0,0.091,0.6188,,,
zCol_Rubber_Post008,Primitive,41.9,1380.4,0.0441,0.6379,,,
EndPoint1LS,Primitive,195.3,1487.3,0.2052,0.6873,,,
EndPoint2LS,Primitive,257.9,1667.5,0.2709,0.7706,,,
EndPoint2RS,Primitive,613.0,1666.9,0.6439,0.7703,,,
EndPoint1RS,Primitive,673.4,1494.8,0.7074,0.6908,,,
zCol_Rubber_Post009,Primitive,797.2,1312.3,0.8374,0.6064,,,
zCol_Rubber_Post010,Primitive,825.7,1379.5,0.8674,0.6375,,,
zCol_Rubber_Post011,Primitive,225.0,603.9,0.2364,0.2791,,,
zCol_Rubber_Post012,Primitive,317.0,535.7,0.3329,0.2475,,,
zCol_Rubber_Sleeve003,Primitive,297.1,839.7,0.3121,0.388,,,
zCol_Rubber_Sleeve004,Primitive,428.2,792.0,0.4498,0.366,,,
zCol_Rubber_Post013,Primitive,318.9,497.5,0.3349,0.2299,,,
zCol_Rubber_Post014,Primitive,120.8,578.0,0.1269,0.2671,,,
zCol_Rubber_Peg003,Primitive,324.4,572.2,0.3407,0.2644,,,
zCol_Rubber_Peg004,Primitive,354.8,131.1,0.3727,0.0606,,,
zCol_Rubber_Post015,Primitive,308.9,342.0,0.3245,0.158,,,
zCol_Rubber_Post016,Primitive,317.1,256.4,0.3331,0.1185,,,
zCol_Rubber_Post017,Primitive,110.3,366.6,0.1159,0.1694,,,
zCol_Rubber_Post018,Primitive,120.9,429.4,0.127,0.1984,,,
zCol_Rubber_Post019,Primitive,134.1,220.6,0.1409,0.1019,,,
zCol_Rubber_Peg005,Primitive,331.1,154.7,0.3478,0.0715,,,
zCol_Rubber_Peg006,Primitive,331.0,225.3,0.3477,0.1041,,,
zCol_Rubber_Peg007,Primitive,245.6,133.2,0.258,0.0616,,,
zCol_Rubber_Peg008,Primitive,245.6,203.9,0.258,0.0942,,,
zCol_Rubber_Peg009,Primitive,159.8,127.7,0.1679,0.059,,,
zCol_Rubber_Peg010,Primitive,159.7,198.4,0.1678,0.0917,,,
zCol_Rubber_Sleeve005,Primitive,552.1,136.8,0.5799,0.0632,,,
RubberBand004,Wall,191.7,1602.7,0.2014,0.7406,20,,
RubberBand003,Wall,678.8,1605.2,0.7131,0.7418,20,,
ramptrigger01,Trigger,220.6,812.8,0.2317,0.3756,100,Ramp1,
ramptrigger02,Trigger,736.7,553.7,0.7738,0.2559,100,Ramp1,
Flasherbase2,Primitive,175.0,1577.0,0.1838,0.7287,,,dome2basewhite
Flasherlit2,Primitive,175.0,1577.0,0.1838,0.7287,,,dome2litwhite
Flasherbase1,Primitive,695.1,1557.7,0.7302,0.7198,,,dome2basewhite
Flasherlit1,Primitive,695.3,1557.7,0.7303,0.7198,,,dome2litwhite
Flasherbase3,Primitive,73.6,177.5,0.0774,0.082,,,domeearbasewhite
Flasherlit3,Primitive,73.4,177.2,0.0771,0.0819,,,domeearlitwhite
Flasherbase4,Primitive,691.8,49.4,0.7267,0.0228,,,dome2basewhite
Flasherlit4,Primitive,692.0,49.4,0.7268,0.0228,,,dome2litwhite
PinCab_Backbox,Primitive,2.1,-176.0,0.0022,-0.0813,,,Pincab_Backbox
PinCab_DMD_Decal,Primitive,1.0,-79.0,0.0011,-0.0365,,,
PinCab_Tournament_Button_Housin,Primitive,75.0,2263.0,0.0788,1.0457,,,
PinCab_Plunger,Primitive,900.9,2367.6,0.9463,1.0941,,,VRPlungermap
PinCab_Baclbox_Brackets,Primitive,23.2,68.0,0.0244,0.0314,,,
PinCab_Tournament_Topper,Primitive,43.8,-80.0,0.046,-0.037,,,Pincab_Tournament_Topper
REnd2,Trigger,777.7,1495.6,0.8169,0.6911,100,RightRamp3,
REnd1,Trigger,124.4,1464.8,0.1307,0.6769,100,LeftRamp1,
KickerTrigger,Trigger,68.6,1034.7,0.0721,0.4782,100,,
Wall003,Wall,123.6,1514.8,0.1299,0.7,100,,
PinCab_Blades,Primitive,13.0,0.0,0.0137,0.0,,,PinCab_BladesGIOn
PinCab_DMD_Decal_Custom,Primitive,469.0,-5.0,0.4926,-0.0023,,,Pincab_DMD_Decal_Cust4
PinCab_DMD_Decal_Custom_HD,Primitive,469.0,-5.0,0.4926,-0.0023,,,Pincab_DMD_Decal_Cust4
p3,Primitive,432.7,1897.8,0.4546,0.877,,,Insert_round1onb
p3off,Primitive,432.7,1897.8,0.4546,0.877,,,Insert_round1off5b
p29,Primitive,434.0,998.8,0.4559,0.4616,,,Insert_round2on_
p29off,Primitive,434.0,998.8,0.4559,0.4616,,,Insert_round2off_
p48,Primitive,332.0,915.5,0.3487,0.423,,,Insert_round2on_
p48off,Primitive,332.0,915.5,0.3487,0.423,,,Insert_round2off_
p54,Primitive,440.4,873.9,0.4626,0.4038,,,Insert_round2on_
p54off,Primitive,440.4,873.9,0.4626,0.4038,,,Insert_round2off_
p35,Primitive,740.6,826.7,0.7779,0.382,,,Insert_round2on_
p35off,Primitive,740.6,826.7,0.7779,0.382,,,Insert_round2off_
Flasherbase5,Primitive,181.9,401.4,0.1911,0.1855,,,Insert_round2off_
Flasherlit5,Primitive,181.9,401.4,0.1911,0.1855,,,Insert_roundFlash1on_
p8,Primitive,51.3,1513.7,0.0538,0.6995,,,Insert_square1on_
p8off,Primitive,51.3,1513.7,0.0538,0.6995,,,Insert_square1off3b
p9,Primitive,130.5,1460.0,0.1371,0.6747,,,Insert_square1on_
p9off,Primitive,130.5,1460.0,0.1371,0.6747,,,Insert_square1off3b
p11,Primitive,811.7,1517.8,0.8526,0.7014,,,Insert_square1on_
p11off,Primitive,811.7,1517.8,0.8526,0.7014,,,Insert_square1off3b
p10,Primitive,738.6,1463.4,0.7758,0.6762,,,Insert_square1on_
p10off,Primitive,738.6,1463.4,0.7758,0.6762,,,Insert_square1off3b
p51,Primitive,200.2,42.3,0.2103,0.0195,,,Insert_square1on_
p51off,Primitive,200.2,42.3,0.2103,0.0195,,,Insert_square1off3b
p50,Primitive,200.2,100.0,0.2103,0.0462,,,Insert_square1on_
p50off,Primitive,200.2,100.0,0.2103,0.0462,,,Insert_square1off3b
p52,Primitive,287.7,63.0,0.3022,0.0291,,,Insert_square1on_
p52off,Primitive,287.7,63.0,0.3022,0.0291,,,Insert_square1off3b
p49,Primitive,287.6,122.1,0.3021,0.0564,,,Insert_square1on_
p49off,Primitive,287.6,122.1,0.3021,0.0564,,,Insert_square1off3b
p59off,Primitive,512.2,637.9,0.538,0.2948,,,Insert_triangle3off_
p59,Primitive,512.2,637.9,0.538,0.2948,,,Insert_triangle2onb
p40off,Primitive,519.8,726.8,0.546,0.3359,,,Insert_triangle1off2
p40,Primitive,519.8,726.8,0.546,0.3359,,,Insert_triangle1on5
p41off,Primitive,506.9,784.5,0.5325,0.3625,,,Insert_triangle1off2
p41,Primitive,506.9,784.5,0.5325,0.3625,,,Insert_triangle1on5
p42off,Primitive,506.4,851.6,0.532,0.3935,,,Insert_triangle1off2
p42,Primitive,506.4,851.6,0.532,0.3935,,,Insert_triangle1on5
p43off,Primitive,519.9,935.0,0.5461,0.4321,,,Insert_triangle1off2
p43,Primitive,519.9,935.0,0.5461,0.4321,,,Insert_triangle1on5
p19off,Primitive,119.0,767.4,0.125,0.3546,,,Insert_triangle1off2
p19,Primitive,119.0,767.4,0.125,0.3546,,,Insert_triangle1on5
p18off,Primitive,124.3,824.2,0.1305,0.3809,,,Insert_triangle1off2
p18,Primitive,124.3,824.2,0.1305,0.3809,,,Insert_triangle1on5
p17off,Primitive,144.0,888.7,0.1513,0.4107,,,Insert_triangle1off2
p17,Primitive,144.0,888.7,0.1513,0.4107,,,Insert_triangle1on5
p16off,Primitive,177.5,964.7,0.1864,0.4458,,,Insert_triangle1off2
p16,Primitive,177.5,964.7,0.1864,0.4458,,,Insert_triangle1on5
p44off,Primitive,272.7,980.5,0.2865,0.4531,,,Insert_triangle1off2
p44,Primitive,272.7,980.5,0.2865,0.4531,,,Insert_triangle1on5
p45off,Primitive,273.3,1038.6,0.2871,0.4799,,,Insert_triangle1off2
p45,Primitive,273.3,1038.6,0.2871,0.4799,,,Insert_triangle1on5
p46off,Primitive,288.0,1103.1,0.3025,0.5097,,,Insert_triangle1off2
p46,Primitive,288.0,1103.1,0.3025,0.5097,,,Insert_triangle1on5
p47off,Primitive,318.6,1181.1,0.3347,0.5458,,,Insert_triangle1off2
p47,Primitive,318.6,1181.1,0.3347,0.5458,,,Insert_triangle1on5
p15off,Primitive,119.5,1128.9,0.1255,0.5217,,,Insert_triangle1off2
p15,Primitive,119.5,1128.9,0.1255,0.5217,,,Insert_triangle1on5
p14off,Primitive,130.2,1184.7,0.1368,0.5475,,,Insert_triangle1off2
p14,Primitive,130.2,1184.7,0.1368,0.5475,,,Insert_triangle1on5
p13off,Primitive,158.8,1245.2,0.1668,0.5754,,,Insert_triangle1off2
p13,Primitive,158.8,1245.2,0.1668,0.5754,,,Insert_triangle1on5
p12off,Primitive,204.1,1314.5,0.2144,0.6074,,,Insert_triangle1off2
p12,Primitive,204.1,1314.5,0.2144,0.6074,,,Insert_triangle1on5
p34off,Primitive,680.0,822.3,0.7143,0.38,,,Insert_triangle1off2
p34,Primitive,680.0,822.3,0.7143,0.38,,,Insert_triangle1on5
p33off,Primitive,653.8,876.4,0.6867,0.405,,,Insert_triangle1off2
p33,Primitive,653.8,876.4,0.6867,0.405,,,Insert_triangle1on5
p32off,Primitive,637.5,941.8,0.6696,0.4352,,,Insert_triangle1off2
p32,Primitive,637.5,941.8,0.6696,0.4352,,,Insert_triangle1on5
p31off,Primitive,627.6,1027.4,0.6592,0.4748,,,Insert_triangle1off2
p31,Primitive,627.6,1027.4,0.6592,0.4748,,,Insert_triangle1on5
p39off,Primitive,774.1,937.6,0.8131,0.4333,,,Insert_triangle1off2
p39,Primitive,774.1,937.6,0.8131,0.4333,,,Insert_triangle1on5
p38off,Primitive,744.6,987.5,0.7821,0.4563,,,Insert_triangle1off2
p38,Primitive,744.6,987.5,0.7821,0.4563,,,Insert_triangle1on5
p37off,Primitive,722.1,1050.3,0.7585,0.4854,,,Insert_triangle1off2
p37,Primitive,722.1,1050.3,0.7585,0.4854,,,Insert_triangle1on5
p36off,Primitive,706.4,1133.7,0.742,0.5239,,,Insert_triangle1off2
p36,Primitive,706.4,1133.7,0.742,0.5239,,,Insert_triangle1on5
p28,Primitive,435.2,1202.5,0.4572,0.5557,,,Insert_square5on
p28off,Primitive,435.2,1202.5,0.4572,0.5557,,,Insert_square5off
p21off,Primitive,712.1,1235.3,0.748,0.5708,,,Insert_triangle1off2
p21,Primitive,712.1,1235.3,0.748,0.5708,,,Insert_triangle1on5
p20off,Primitive,722.1,1317.8,0.7585,0.609,,,Insert_triangle1off2
p20,Primitive,722.1,1317.8,0.7585,0.609,,,Insert_triangle1on5
p30off,Primitive,597.9,828.6,0.628,0.3829,,,Insert_triangle3off_
p30,Primitive,597.9,828.6,0.628,0.3829,,,Insert_Triangle1on
Flasherbase6,Primitive,109.5,973.6,0.115,0.4499,,,AllSparkGIOn
p27off,Primitive,364.3,1285.4,0.3827,0.594,,,Insert_rect1off
p27,Primitive,364.5,1285.3,0.3828,0.5939,,,Insert_rect1onhorizontalb
p7off,Primitive,364.3,1391.5,0.3827,0.643,,,Insert_rect1off
p7,Primitive,364.5,1391.5,0.3828,0.643,,,Insert_rect1onhorizontalb
p6off,Primitive,364.6,1497.0,0.3829,0.6918,,,Insert_rect1off
p6,Primitive,364.7,1496.9,0.3831,0.6917,,,Insert_rect1onhorizontalb
p5off,Primitive,364.6,1604.1,0.3829,0.7413,,,Insert_rect1off
p5,Primitive,364.7,1604.0,0.3831,0.7412,,,Insert_rect1onhorizontalb
p4off,Primitive,364.6,1710.2,0.3829,0.7903,,,Insert_rect1off
p4,Primitive,364.7,1710.1,0.3831,0.7902,,,Insert_rect1onhorizontalb
p22off,Primitive,506.6,1285.4,0.5322,0.594,,,Insert_rect1off
p22,Primitive,506.8,1285.3,0.5324,0.5939,,,Insert_rect1onhorizontalb
p23off,Primitive,506.6,1390.8,0.5322,0.6427,,,Insert_rect1off
p23,Primitive,506.8,1390.7,0.5324,0.6427,,,Insert_rect1onhorizontalb
p24off,Primitive,506.6,1496.5,0.5322,0.6916,,,Insert_rect1off
p24,Primitive,506.8,1496.4,0.5324,0.6915,,,Insert_rect1onhorizontalb
p25off,Primitive,506.6,1603.6,0.5322,0.741,,,Insert_rect1off
p25,Primitive,506.8,1603.5,0.5324,0.741,,,Insert_rect1onhorizontalb
p26off,Primitive,506.6,1709.2,0.5322,0.7899,,,Insert_rect1off
p26,Primitive,506.8,1709.2,0.5324,0.7898,,,Insert_rect1onhorizontalb
VR_Mega001,Primitive,-12304.0,-2552.0,-12.9244,-1.1793,,,5_0000-block-b--RSHADOW_0.1_16_16_Bake1_CyclesBake_COMBINED_1
VR_Mega002,Primitive,-12304.0,-2552.0,-12.9244,-1.1793,,,5_0001-block-center--RSHADOW_0.1_16_16_Bake1_CyclesBake_COMBINE_1
VR_Mega003,Primitive,-12304.0,-2552.0,-12.9244,-1.1793,,,5_0002-block-center-sign--RSHADOW_0.1_16_16_Bake1_CyclesBake_CO_1
VR_Mega004,Primitive,-12304.0,-2552.0,-12.9244,-1.1793,,,5_0003-block-e--RSHADOW_0.1_16_16_Bake1_CyclesBake_COMBINED_1
VR_Mega005,Primitive,-12304.0,-2552.0,-12.9244,-1.1793,,,5_0004-block-n--RSHADOW_0.1_16_16_Bake1_CyclesBake_COMBINED_1
VR_Mega006,Primitive,-12304.0,-2552.0,-12.9244,-1.1793,,,5_0005-block-s--RSHADOW_0.1_16_16_Bake1_CyclesBake_COMBINED_1
VR_Mega007,Primitive,-12304.0,-2552.0,-12.9244,-1.1793,,,5_0006-block-b--LMAP_0.1_16_16_Bake1_CyclesBake_COMBINED_1
VR_Mega008,Primitive,-12304.0,-2552.0,-12.9244,-1.1793,,,5_0007-block-c--LMAP_0.1_16_16_Bake1_CyclesBake_COMBINED_1
VR_Mega009,Primitive,-12304.0,-2552.0,-12.9244,-1.1793,,,5_0008-block-e--LMAP_0.1_16_16_Bake1_CyclesBake_COMBINED_1
VR_Mega010,Primitive,-12304.0,-2552.0,-12.9244,-1.1793,,,5_0009-block-f--LMAP_0.1_16_16_Bake1_CyclesBake_COMBINED_1
VR_Mega011,Primitive,-12304.0,-2552.0,-12.9244,-1.1793,,,5_0010-block-far-n00--LMAP_0.1_16_16_Bake1_CyclesBake_COMBINED_1
VR_Mega012,Primitive,-12304.0,-2552.0,-12.9244,-1.1793,,,5_0016-block-a--ENV_0.1_16_16_Bake1_CyclesBake_COMBINED_1
VR_Mega013,Primitive,-12304.0,-2552.0,-12.9244,-1.1793,,,5_0017-block-b--ENV_0.1_16_16_Bake1_CyclesBake_COMBINED_1
VR_Mega014,Primitive,-12304.0,-2552.0,-12.9244,-1.1793,,,5_0018-block-b-cull00--ENV_0.1_16_16_Bake1_CyclesBake_COMBINED_1
VR_Mega015,Primitive,-12304.0,-2552.0,-12.9244,-1.1793,,,5_0019-block-c--ENV_0.1_16_16_Bake1_CyclesBake_COMBINED_1
VR_Mega016,Primitive,-12304.0,-2552.0,-12.9244,-1.1793,,,5_0020-block-d--ENV_0.1_16_16_Bake1_CyclesBake_COMBINED_1
VR_Mega017,Primitive,-12304.0,-2552.0,-12.9244,-1.1793,,,5_0021-block-e--ENV_0.1_16_16_Bake1_CyclesBake_COMBINED_1
VR_Mega018,Primitive,-12304.0,-2552.0,-12.9244,-1.1793,,,5_0022-block-f--ENV_0.1_16_16_Bake1_CyclesBake_COMBINED_1
VR_Mega019,Primitive,-12304.0,-2552.0,-12.9244,-1.1793,,,5_0023-block-far-n00--ENV_0.1_16_16_Bake1_CyclesBake_COMBINED_1
VR_Mega020,Primitive,-12304.0,-2552.0,-12.9244,-1.1793,,,5_0024-block-far-s00--ENV_0.1_16_16_Bake1_CyclesBake_COMBINED_1
VR_Mega021,Primitive,-12304.0,-2552.0,-12.9244,-1.1793,,,5_0025-block-a--ENV_0.1_16_16_Bake1_CyclesBake_COMBINED_1
VR_Mega022,Primitive,-12304.0,-2552.0,-12.9244,-1.1793,,,5_0026-block-b--ENV_0.1_16_16_Bake1_CyclesBake_COMBINED_1
VR_Mega023,Primitive,-12304.0,-2552.0,-12.9244,-1.1793,,,5_0027-block-c--ENV_0.1_16_16_Bake1_CyclesBake_COMBINED_1
VR_Mega024,Primitive,-12304.0,-2552.0,-12.9244,-1.1793,,,5_0028-block-d--ENV_0.1_16_16_Bake1_CyclesBake_COMBINED_1
VR_Mega025,Primitive,-12304.0,-2552.0,-12.9244,-1.1793,,,5_0029-block-e--ENV_0.1_16_16_Bake1_CyclesBake_COMBINED_1
VR_Mega026,Primitive,-12304.0,-2552.0,-12.9244,-1.1793,,,5_0030-block-b--LMAP_0.1_16_16_Bake1_CyclesBake_COMBINED_1
VR_Mega027,Primitive,-12304.0,-2552.0,-12.9244,-1.1793,,,5_0031-block-c--LMAP_0.1_16_16_Bake1_CyclesBake_COMBINED_1
VR_Mega028,Primitive,-12304.0,-2552.0,-12.9244,-1.1793,,,5_0032-block-e--LMAP_0.1_16_16_Bake1_CyclesBake_COMBINED_1
VR_Mega029,Primitive,-12304.0,-2552.0,-12.9244,-1.1793,,,5_0033-block-f--LMAP_0.1_16_16_Bake1_CyclesBake_COMBINED_1
VR_Mega030,Primitive,-12304.0,-2552.0,-12.9244,-1.1793,,,5_0034-block-b--ENV_0.1_16_16_Bake1_CyclesBake_COMBINED_1
VR_Mega031,Primitive,-12304.0,-2552.0,-12.9244,-1.1793,,,5_0035-block-a--LMAP_0.1_16_16_Bake1_CyclesBake_COMBINED_1
VR_Mega032,Primitive,-12304.0,-2552.0,-12.9244,-1.1793,,,5_0036-block-b--ENV_0.1_16_16_Bake1_CyclesBake_COMBINED_1
VR_Mega033,Primitive,-12304.0,-2552.0,-12.9244,-1.1793,,,5_0037-block-d--ENV_0.1_16_16_Bake1_CyclesBake_COMBINED_1
VR_Mega034,Primitive,-12304.0,-2552.0,-12.9244,-1.1793,,,5_0038-block-e--LMAP_0.1_16_16_Bake1_CyclesBake_COMBINED_1
VR_Mega035,Primitive,-12304.0,-2552.0,-12.9244,-1.1793,,,5_0039-block-e--ENV_0.1_16_16_Bake1_CyclesBake_COMBINED_1
VR_Mega036,Primitive,-12304.0,-2552.0,-12.9244,-1.1793,,,5_0040-block-d--LMAP_0.1_16_16_Bake1_CyclesBake_COMBINED_1
VR_Mega037,Primitive,-12304.0,-2552.0,-12.9244,-1.1793,,,5_0041-block-e--ENV_0.1_16_16_Bake1_CyclesBake_COMBINED_1
VR_Mega038,Primitive,-12304.0,-2552.0,-12.9244,-1.1793,,,5_0042-block-e--LMAP_0.1_16_16_Bake1_CyclesBake_COMBINED_1
VR_Mega039,Primitive,-12304.0,-2552.0,-12.9244,-1.1793,,,5_0043-block-e--ENV_0.1_16_16_Bake1_CyclesBake_COMBINED_1
VR_Mega040,Primitive,-12304.0,-2552.0,-12.9244,-1.1793,,,5_0044-block-e--LMAP_0.1_16_16_Bake1_CyclesBake_COMBINED_1
VR_Mega041,Primitive,-12304.0,-2552.0,-12.9244,-1.1793,,,5_0045-block-e--ENV_0.1_16_16_Bake1_CyclesBake_COMBINED_1
VR_Mega042,Primitive,-12304.0,-2552.0,-12.9244,-1.1793,,,5_0046-block-e--LMAP_0.1_16_16_Bake1_CyclesBake_COMBINED_1
VR_Mega043,Primitive,-12304.0,-2552.0,-12.9244,-1.1793,,,5_0047-block-e--ENV_0.1_16_16_Bake1_CyclesBake_COMBINED_1
VR_Mega044,Primitive,-12304.0,-2552.0,-12.9244,-1.1793,,,5_0048-block-e--ENV_0.1_16_16_Bake1_CyclesBake_COMBINED_1
VR_Mega045,Primitive,-12304.0,-2552.0,-12.9244,-1.1793,,,5_0049-block-b--LMAP_0.1_16_16_Bake1_CyclesBake_COMBINED_1
VR_Mega046,Primitive,-12304.0,-2552.0,-12.9244,-1.1793,,,5_0050-block-a--LMAP_0.1_16_16_Bake1_CyclesBake_COMBINED_1
VR_Mega047,Primitive,-12304.0,-2552.0,-12.9244,-1.1793,,,5_0051-block-b--LMAP_0.1_16_16_Bake1_CyclesBake_COMBINED_1
VR_Mega048,Primitive,-12304.0,-2552.0,-12.9244,-1.1793,,,5_0052-block-a--LMAP_0.1_16_16_Bake1_CyclesBake_COMBINED_1
VR_Mega049,Primitive,-12304.0,-2552.0,-12.9244,-1.1793,,,5_0053-block-d--LMAP_0.1_16_16_Bake1_CyclesBake_COMBINED_1
VR_Mega050,Primitive,-12304.0,-2552.0,-12.9244,-1.1793,,,5_0054-block-a--LMAP_0.1_16_16_Bake1_CyclesBake_COMBINED_1
VR_Mega051,Primitive,-12304.0,-2552.0,-12.9244,-1.1793,,,5_0055-block-a--LMAP_0.1_16_16_Bake1_CyclesBake_COMBINED_1
VR_Mega052,Primitive,-12304.0,-2552.0,-12.9244,-1.1793,,,5_0056-block-a--LMAP_0.1_16_16_Bake1_CyclesBake_COMBINED_1
VR_Mega053,Primitive,-12304.0,-2552.0,-12.9244,-1.1793,,,5_0057-block-b--LMAP_0.1_16_16_Bake1_CyclesBake_COMBINED_1
VR_Mega054,Primitive,-12304.0,-2552.0,-12.9244,-1.1793,,,5_0058-block-d--LMAP_0.1_16_16_Bake1_CyclesBake_COMBINED_1
VR_Mega055,Primitive,-12304.0,-2552.0,-12.9244,-1.1793,,,5_0059-block-b--LMAP_0.1_16_16_Bake1_CyclesBake_COMBINED_1
VR_Mega056,Primitive,-12304.0,-2552.0,-12.9244,-1.1793,,,5_0060-block-b--LMAP_0.1_16_16_Bake1_CyclesBake_COMBINED_1
VR_Mega057,Primitive,-12304.0,-2552.0,-12.9244,-1.1793,,,5_0061-block-b--LMAP_0.1_16_16_Bake1_CyclesBake_COMBINED_1
VR_Mega058,Primitive,-12304.0,-2552.0,-12.9244,-1.1793,,,5_0062-block-b--LMAP_0.1_16_16_Bake1_CyclesBake_COMBINED_1
VR_Mega059,Primitive,-12304.0,-2552.0,-12.9244,-1.1793,,,5_0063-block-c--LMAP_0.1_16_16_Bake1_CyclesBake_COMBINED_1
VR_Mega060,Primitive,-12304.0,-2552.0,-12.9244,-1.1793,,,5_0064-block-e--LMAP_0.1_16_16_Bake1_CyclesBake_COMBINED_1
VR_Mega061,Primitive,-12304.0,-2552.0,-12.9244,-1.1793,,,5_0065-block-e--LMAP_0.1_16_16_Bake1_CyclesBake_COMBINED_1
VR_Mega062,Primitive,-12304.0,-2552.0,-12.9244,-1.1793,,,5_0066-block-e--LMAP_0.1_16_16_Bake1_CyclesBake_COMBINED_1
VR_Mega063,Primitive,-12304.0,-2552.0,-12.9244,-1.1793,,,5_0067-block-e--LMAP_0.1_16_16_Bake1_CyclesBake_COMBINED_1
VR_Mega064,Primitive,-12304.0,-2552.0,-12.9244,-1.1793,,,5_0068-block-e--LMAP_0.1_16_16_Bake1_CyclesBake_COMBINED_1
VR_Mega065,Primitive,-12304.0,-2552.0,-12.9244,-1.1793,,,5_0069-block-e--LMAP_0.1_16_16_Bake1_CyclesBake_COMBINED_1
VR_Mega066,Primitive,-12304.0,-2552.0,-12.9244,-1.1793,,,5_0070-block-a-window--ENV_0.1_16_16_Bake1_CyclesBake_COMBINED_1
VR_Mega067,Primitive,-12304.0,-2552.0,-12.9244,-1.1793,,,5_0071-block-b-window--ENV_0.1_16_16_Bake1_CyclesBake_COMBINED_1
VR_Mega068,Primitive,-12304.0,-2552.0,-12.9244,-1.1793,,,5_0072-block-c-window--ENV_0.1_16_16_Bake1_CyclesBake_COMBINED_1
VR_Mega069,Primitive,-12304.0,-2552.0,-12.9244,-1.1793,,,5_0073-block-d-window--ENV_0.1_16_16_Bake1_CyclesBake_COMBINED_1
VR_Mega070,Primitive,-12304.0,-2552.0,-12.9244,-1.1793,,,5_0074-block-e-window--ENV_0.1_16_16_Bake1_CyclesBake_COMBINED_1
VR_Mega071,Primitive,-12304.0,-2552.0,-12.9244,-1.1793,,,5_0075-block-b-window--ENV_0.1_16_16_Bake1_CyclesBake_COMBINED_1
VR_Mega072,Primitive,-12304.0,-2552.0,-12.9244,-1.1793,,,5_0076-block-d-window--ENV_0.1_16_16_Bake1_CyclesBake_COMBINED_1
VR_Mega073,Primitive,-12304.0,-2552.0,-12.9244,-1.1793,,,5_0077-block-f-window--ENV_0.1_16_16_Bake1_CyclesBake_COMBINED_1
VR_Mega074,Primitive,-12304.0,-2552.0,-12.9244,-1.1793,,,5_0078-block-b--LMAP_0.1_16_16_Bake1_CyclesBake_COMBINED_1
VR_Mega075,Primitive,-12304.0,-2552.0,-12.9244,-1.1793,,,5_0079-block-e--LMAP_0.1_16_16_Bake1_CyclesBake_COMBINED_1
VR_Mega076,Primitive,-12304.0,-2552.0,-12.9244,-1.1793,,,5_0080-block-f--LMAP_0.1_16_16_Bake1_CyclesBake_COMBINED_1
VR_Mega077,Primitive,-12304.0,-2552.0,-12.9244,-1.1793,,,5_0081-block-n00--LMAP_0.1_16_16_Bake1_CyclesBake_COMBINED_1
VR_Mega078,Primitive,-12304.0,-2552.0,-12.9244,-1.1793,,,5_0082-block-a--ENV_0.1_16_16_Bake1_CyclesBake_COMBINED_1
VR_Mega079,Primitive,-12304.0,-2552.0,-12.9244,-1.1793,,,5_0083-block-b--ENV_0.1_16_16_Bake1_CyclesBake_COMBINED_1
VR_Mega080,Primitive,-12304.0,-2552.0,-12.9244,-1.1793,,,5_0084-block-b-cull00--ENV_0.1_16_16_Bake1_CyclesBake_COMBINED_1
VR_Mega081,Primitive,-12304.0,-2552.0,-12.9244,-1.1793,,,5_0085-block-c--ENV_0.1_16_16_Bake1_CyclesBake_COMBINED_1
VR_Mega082,Primitive,-12304.0,-2552.0,-12.9244,-1.1793,,,5_0086-block-d--ENV_0.1_16_16_Bake1_CyclesBake_COMBINED_1
VR_Mega083,Primitive,-12304.0,-2552.0,-12.9244,-1.1793,,,5_0087-block-e--ENV_0.1_16_16_Bake1_CyclesBake_COMBINED_1
VR_Mega084,Primitive,-12304.0,-2552.0,-12.9244,-1.1793,,,5_0088-block-f--ENV_0.1_16_16_Bake1_CyclesBake_COMBINED_1
VR_Mega085,Primitive,-12304.0,-2552.0,-12.9244,-1.1793,,,5_0089-block-b-cull01--ENV_0.1_16_16_Bake1_CyclesBake_COMBINED_1
VR_Mega086,Primitive,-12304.0,-2552.0,-12.9244,-1.1793,,,5_0090-block-b-cull02--ENV_0.1_16_16_Bake1_CyclesBake_COMBINED_1
VR_Mega087,Primitive,-12304.0,-2552.0,-12.9244,-1.1793,,,5_0091-block-b-cull03--ENV_0.1_16_16_Bake1_CyclesBake_COMBINED_1
VR_Mega088,Primitive,-12304.0,-2552.0,-12.9244,-1.1793,,,5_0092-block-e-cull00--ENV_0.1_16_16_Bake1_CyclesBake_COMBINED_1
VR_Mega089,Primitive,-12304.0,-2552.0,-12.9244,-1.1793,,,5_0093-block-e-cull01--ENV_0.1_16_16_Bake1_CyclesBake_COMBINED_1
VR_Mega090,Primitive,-12304.0,-2552.0,-12.9244,-1.1793,,,5_0094-block-e-cull02--ENV_0.1_16_16_Bake1_CyclesBake_COMBINED_1
VR_Mega091,Primitive,-12304.0,-2552.0,-12.9244,-1.1793,,,5_0095-block-e-cull03--ENV_0.1_16_16_Bake1_CyclesBake_COMBINED_1
VR_Mega092,Primitive,-12304.0,-2552.0,-12.9244,-1.1793,,,5_0096-block-n00--ENV_0.1_16_16_Bake1_CyclesBake_COMBINED_1
VR_Mega093,Primitive,-12304.0,-2552.0,-12.9244,-1.1793,,,5_0097-block-s00--ENV_0.1_16_16_Bake1_CyclesBake_COMBINED_1
VR_Mega094,Primitive,-12304.0,-2552.0,-12.9244,-1.1793,,,5_0098-block-b-clip--ENV_0.1_16_16_Bake1_CyclesBake_COMBINED_1
VR_Mega095,Primitive,-12304.0,-2552.0,-12.9244,-1.1793,,,5_0099-block-center-clip--ENV_0.1_16_16_Bake1_CyclesBake_COMBIN_1
VR_Mega096,Primitive,-12304.0,-2552.0,-12.9244,-1.1793,,,5_0100-block-e-clip--ENV_0.1_16_16_Bake1_CyclesBake_COMBINED_1
VR_Mega097,Primitive,-12304.0,-2552.0,-12.9244,-1.1793,,,5_0104-block-f--LMAP_0.1_16_16_Bake1_CyclesBake_COMBINED_1
VR_Mega098,Primitive,-12304.0,-2552.0,-12.9244,-1.1793,,,5_0108-far-bg-build-n00--PROBE_0.1_16_16_Bake1_CyclesBake_COMBI_1
VR_Mega099,Primitive,-12304.0,-2552.0,-12.9244,-1.1793,,,5_0109-far-bg-build-n01--PROBE_0.1_16_16_Bake1_CyclesBake_COMBI_1
VR_Mega100,Primitive,-12304.0,-2552.0,-12.9244,-1.1793,,,5_0110-far-bg-build-n02--PROBE_0.1_16_16_Bake1_CyclesBake_COMBI_1
VR_Mega101,Primitive,-12304.0,-2552.0,-12.9244,-1.1793,,,5_0111-far-bg-build-n03--PROBE_0.1_16_16_Bake1_CyclesBake_COMBI_1
VR_Mega102,Primitive,-12304.0,-2552.0,-12.9244,-1.1793,,,5_0112-far-bg-build-s00--PROBE_0.1_16_16_Bake1_CyclesBake_COMBI_1
VR_Mega103,Primitive,-12304.0,-2552.0,-12.9244,-1.1793,,,5_0113-far-bg-build-s01--PROBE_0.1_16_16_Bake1_CyclesBake_COMBI_1
VR_Mega104,Primitive,-12304.0,-2552.0,-12.9244,-1.1793,,,5_0114-far-bg-build-w00--PROBE_0.1_16_16_Bake1_CyclesBake_COMBI_1
VR_Mega105,Primitive,-12304.0,-2552.0,-12.9244,-1.1793,,,5_0115-far-bg-build-w01--PROBE_0.1_16_16_Bake1_CyclesBake_COMBI_1
VR_Mega106,Primitive,-12304.0,-2552.0,-12.9244,-1.1793,,,5_0116-far-bg-build-w02--PROBE_0.1_16_16_Bake1_CyclesBake_COMBI_1
VR_Mega107,Primitive,-12304.0,-2552.0,-12.9244,-1.1793,,,5_0117-far-bg-build-w03--PROBE_0.1_16_16_Bake1_CyclesBake_COMBI_1
VR_Mega108,Primitive,-12304.0,-2552.0,-12.9244,-1.1793,,,5_0118-far-bg-rubble-00--PROBE_0.1_16_16_Bake1_CyclesBake_COMBI_1
VR_Mega109,Primitive,-12304.0,-2552.0,-12.9244,-1.1793,,,5_0119-far-bg-rubble-01--PROBE_0.1_16_16_Bake1_CyclesBake_COMBI_1
VR_Mega110,Primitive,-12304.0,-2552.0,-12.9244,-1.1793,,,5_0124-common-nuked-event-00-obj-00_0.1_16_16_Bake1_CyclesBake__1
VR_Mega111,Primitive,-12304.0,-2552.0,-12.9244,-1.1793,,,5_0125-common-nuked-event-00-obj-00 1_0.1_16_16_Bake1_CyclesBak_1
VR_Mega112,Primitive,-12304.0,-2552.0,-12.9244,-1.1793,,,5_0126-common-nuked-event-00-obj-01_0.1_16_16_Bake1_CyclesBake__1
VR_Mega113,Primitive,-12304.0,-2552.0,-12.9244,-1.1793,,,5_0127-common-nuked-event-00-obj-02a-atlas_0.1_16_16_Bake1_Cycl_1
VR_Mega114,Primitive,-12304.0,-2552.0,-12.9244,-1.1793,,,5_0128-common-nuked-event-00-obj-02b-atlas_0.1_16_16_Bake1_Cycl_1
VR_Mega115,Primitive,-12304.0,-2552.0,-12.9244,-1.1793,,,5_0129-common-nuked-event-00-obj-02c-atlas_0.1_16_16_Bake1_Cycl_1
VR_Mega116,Primitive,-12304.0,-2552.0,-12.9244,-1.1793,,,5_0130-common-nuked-event-00-obj-03_0.1_16_16_Bake1_CyclesBake__1
VR_Mega117,Primitive,-12304.0,-2552.0,-12.9244,-1.1793,,,5_0131-common-nuked-event-00-obj-03 1_0.1_16_16_Bake1_CyclesBak_1
VR_Mega118,Primitive,-12304.0,-2552.0,-12.9244,-1.1793,,,5_0132-common-nuked-event-00-obj-03 2_0.1_16_16_Bake1_CyclesBak_1
VR_Mega119,Primitive,-12304.0,-2552.0,-12.9244,-1.1793,,,5_0133-common-nuked-event-00-obj-03 3_0.1_16_16_Bake1_CyclesBak_1
VR_Mega120,Primitive,-12304.0,-2552.0,-12.9244,-1.1793,,,5_0134-common-nuked-event-00-obj-03 4_0.1_16_16_Bake1_CyclesBak_1
VR_Mega121,Primitive,-12304.0,-2552.0,-12.9244,-1.1793,,,5_0135-common-nuked-event-00-obj-03 5_0.1_16_16_Bake1_CyclesBak_1
VR_Mega122,Primitive,-12304.0,-2552.0,-12.9244,-1.1793,,,5_0136-common-nuked-event-00-obj-03 6_0.1_16_16_Bake1_CyclesBak_1
VR_Mega123,Primitive,-12304.0,-2552.0,-12.9244,-1.1793,,,5_0137-common-nuked-event-00-obj-04_0.1_16_16_Bake1_CyclesBake__1
VR_Mega124,Primitive,-12304.0,-2552.0,-12.9244,-1.1793,,,5_0138-common-nuked-event-00-obj-04 1_0.1_16_16_Bake1_CyclesBak_1
VR_Mega125,Primitive,-12304.0,-2552.0,-12.9244,-1.1793,,,5_0139-common-nuked-event-00-obj-04 2_0.1_16_16_Bake1_CyclesBak_1
VR_Mega126,Primitive,-12304.0,-2552.0,-12.9244,-1.1793,,,5_0140-common-nuked-event-00-obj-04 3_0.1_16_16_Bake1_CyclesBak_1
VR_Mega127,Primitive,-12304.0,-2552.0,-12.9244,-1.1793,,,5_0141-common-nuked-event-00-obj-04 4_0.1_16_16_Bake1_CyclesBak_1
VR_Mega128,Primitive,-12304.0,-2552.0,-12.9244,-1.1793,,,5_0142-common-nuked-event-00-obj-04 5_0.1_16_16_Bake1_CyclesBak_1
VR_Mega129,Primitive,-12304.0,-2552.0,-12.9244,-1.1793,,,5_0143-common-nuked-event-00-obj-04 6_0.1_16_16_Bake1_CyclesBak_1
VR_Mega130,Primitive,-12304.0,-2552.0,-12.9244,-1.1793,,,5_0144-common-nuked-event-00-obj-04 7_0.1_16_16_Bake1_CyclesBak_1
VR_Mega131,Primitive,-12304.0,-2552.0,-12.9244,-1.1793,,,5_0145-common-nuked-event-00-obj-04 8_0.1_16_16_Bake1_CyclesBak_1
VR_Mega132,Primitive,-12304.0,-2552.0,-12.9244,-1.1793,,,5_0155-common-nuked-event-apocalypse-00_0.1_16_16_Bake1_CyclesB_1
VR_Mega133,Primitive,-12304.0,-2552.0,-12.9244,-1.1793,,,5_0156-common-nuked-event-apocalypse-00 1_0.1_16_16_Bake1_Cycle_1
VR_Mega134,Primitive,-12304.0,-2552.0,-12.9244,-1.1793,,,5_0157-common-nuked-event-apocalypse-01_0.1_16_16_Bake1_CyclesB_1
VR_Mega135,Primitive,-12304.0,-2552.0,-12.9244,-1.1793,,,5_0158-common-nuked-event-apocalypse-02_0.1_16_16_Bake1_CyclesB_1
VR_Mega136,Primitive,-12304.0,-2552.0,-12.9244,-1.1793,,,5_0159-common-nuked-event-apocalypse-02 1_0.1_16_16_Bake1_Cycle_1
VR_Mega137,Primitive,-12304.0,-2552.0,-12.9244,-1.1793,,,5_0160-common-nuked-event-apocalypse-01 1_0.1_16_16_Bake1_Cycle_1
VR_Mega138,Primitive,-12304.0,-2552.0,-12.9244,-1.1793,,,5_0161-common-nuked-event-apocalypse-01 2_0.1_16_16_Bake1_Cycle_1
VR_Mega139,Primitive,-12304.0,-2552.0,-12.9244,-1.1793,,,5_0162-common-nuked-event-apocalypse-02 2_0.1_16_16_Bake1_Cycle_1
VR_Mega140,Primitive,-12304.0,-2552.0,-12.9244,-1.1793,,,5_0163-common-nuked-event-apocalypse-02 3_0.1_16_16_Bake1_Cycle_1
VR_Mega141,Primitive,-12304.0,-2552.0,-12.9244,-1.1793,,,5_0164-common-nuked-event-apocalypse-02 4_0.1_16_16_Bake1_Cycle_1
VR_Mega142,Primitive,-12304.0,-2552.0,-12.9244,-1.1793,,,5_0165-common-nuked-event-apocalypse-02 5_0.1_16_16_Bake1_Cycle_1
VR_Mega143,Primitive,-12304.0,-2552.0,-12.9244,-1.1793,,,5_0166-common-nuked-event-apocalypse-02 6_0.1_16_16_Bake1_Cycle_1
VR_Mega144,Primitive,-12304.0,-2552.0,-12.9244,-1.1793,,,7_0011-block-a--ALPHA_0.1_16_16_Bake1_CyclesBake_COMBINED_1
VR_Mega145,Primitive,-12304.0,-2552.0,-12.9244,-1.1793,,,7_0012-block-b--ALPHA_0.1_16_16_Bake1_CyclesBake_COMBINED_1
VR_Mega146,Primitive,-12304.0,-2552.0,-12.9244,-1.1793,,,7_0013-block-c--ALPHA_0.1_16_16_Bake1_CyclesBake_COMBINED_1
VR_Mega147,Primitive,-12304.0,-2552.0,-12.9244,-1.1793,,,7_0014-block-d--ALPHA_0.1_16_16_Bake1_CyclesBake_COMBINED_1
VR_Mega148,Primitive,-12304.0,-2552.0,-12.9244,-1.1793,,,7_0015-block-e--ALPHA_0.1_16_16_Bake1_CyclesBake_COMBINED_1
VR_Mega149,Primitive,-12304.0,-2552.0,-12.9244,-1.1793,,,7_0106-block-a--ALPHA_0.1_16_16_Bake1_CyclesBake_COMBINED_1
VR_Mega150,Primitive,-12304.0,-2552.0,-12.9244,-1.1793,,,7_0120-block-b--ALPHA_0.1_16_16_Bake1_CyclesBake_COMBINED_1
VR_Mega151,Primitive,-12304.0,-2552.0,-12.9244,-1.1793,,,7_0121-block-e--ALPHA_0.1_16_16_Bake1_CyclesBake_COMBINED_1
VR_Mega152,Primitive,-12304.0,-2552.0,-12.9244,-1.1793,,,7_0122-block-n--ALPHA_0.1_16_16_Bake1_CyclesBake_COMBINED_1
VR_Mega153,Primitive,-12304.0,-2552.0,-12.9244,-1.1793,,,Rubble Plane_Bake1_CyclesBake_COMBINED_1
VR_Sphere,Primitive,-12304.0,1469.1,-12.9244,0.6789,,,Night Sky2
VR_Bumblebee,Primitive,-12304.0,-2552.0,-12.9244,-1.1793,,,Bumblebee_Bake1_CyclesBake_COMBINED.1001_1
VR_Shockwave,Primitive,-12304.0,-2552.0,-12.9244,-1.1793,,,Shockwave_Bake1_CyclesBake_COMBINED_1
VR_Optimus,Primitive,-12304.0,-2552.0,-12.9244,-1.1793,,,Optimus Elbow_Bake1_CyclesBake_COMBINED
VR_Megatron,Primitive,-12304.0,-2552.0,-12.9244,-1.1793,,,Megatron_Bake1_CyclesBake_COMBINED_1
VR_Jet,Primitive,-12304.0,49160.0,-12.9244,22.7172,,,Jet Starscream_Bake1_CyclesBake_COMBINED_1
TransformersPlastics,Primitive,0.0,0.0,0.0,0.0,,,TransformersPlasticsGIOn
Flasherlit6,Primitive,109.5,973.6,0.115,0.4499,,,AllSparkFlasherLit
outersright_prim,Primitive,-0.0,0.0,-0.0,0.0,,,outersrightgion
pf25,Primitive,512.2,637.9,0.538,0.2948,,,Insert_triangle2onb
RampPlastics,Primitive,0.0,0.0,0.0,0.0,,,RampplasticsGIOn
Wall001,Wall,585.8,1942.3,0.6154,0.8976,100,,
Wall002,Wall,565.3,1923.8,0.5938,0.889,100,,darkgrey
Flasherbase7,Primitive,152.2,299.3,0.1599,0.1383,,,ronddomebasewhite
Flasherlit7,Primitive,152.2,299.3,0.1599,0.1383,,,ronddomelitwhite
Flasherbase8,Primitive,288.1,416.6,0.3026,0.1925,,,ronddomebasewhite
Flasherlit8,Primitive,288.1,416.6,0.3026,0.1925,,,ronddomelitwhite
Flasherbase9,Primitive,150.3,506.5,0.1579,0.2341,,,ronddomebasewhite
Flasherlit9,Primitive,150.3,506.5,0.1579,0.2341,,,ronddomelitwhite
Flasherbase10,Primitive,260.6,666.6,0.2738,0.308,,,ronddomebasepurple
Flasherlit10,Primitive,260.6,666.6,0.2738,0.308,,,ronddomelitpurple
Room360,Primitive,441.0,-347.0,0.4632,-0.1603,,,
TriggerLF,Trigger,244.4,1827.8,0.2567,0.8446,32,,
TriggerRF,Trigger,627.2,1827.8,0.6588,0.8446,32,,
PFInserts,Primitive,0.0,0.0,0.0,0.0,,,Inserts
zCol_Rubber_Post020,Primitive,41.7,1368.4,0.0438,0.6324,,,
zCol_Rubber_Post021,Primitive,41.9,1391.7,0.0441,0.6431,,,
RubberBand10,Wall,64.2,1353.8,0.0674,0.6256,20,,
RubberBand11,Wall,64.3,1365.4,0.0675,0.631,20,,
zCol_Rubber_Post022,Primitive,825.7,1367.9,0.8674,0.6321,,,
zCol_Rubber_Post023,Primitive,825.7,1391.6,0.8674,0.643,,,
RubberBand12,Wall,811.5,1340.1,0.8524,0.6193,20,,
RubberBand13,Wall,811.5,1351.9,0.8524,0.6247,20,,
PinCab_Bottom,Primitive,20.0,34.3,0.021,0.0158,,,
LeftRampPlasticClear,Primitive,0.0,0.0,0.0,0.0,,,LeftRampPlasticClearGIOn
LeftRampPlasticClearTop,Primitive,0.0,0.0,0.0,0.0,,,LeftRampPlasticClearTopGIOn
RightRampPlasticEntry,Primitive,0.0,0.0,0.0,0.0,,,RightRampPlasticEntryGIOn
RightRampMetal,Primitive,0.0,0.0,0.0,0.0,,,RightRampMetalGIOn
TransformersPlasticsClear,Primitive,0.0,0.0,0.0,0.0,,,
PinCab_DMD_Panel,Primitive,0.0,-177.0,0.0,-0.0818,,,PinCab_DMDPanel_Bake1_CyclesBake_COMBINED
PinCab_Speakers_Right,Primitive,276.0,-174.0,0.2899,-0.0804,,,Pincab_Backbox
PinCab_Grills_Right,Primitive,201.0,-58.0,0.2111,-0.0268,,,Pincab_DMD_Grill_Stern
PinCab_Speakers_Left,Primitive,-684.0,-174.0,-0.7185,-0.0804,,,Pincab_Backbox
PinCab_Grills_Left,Primitive,-718.0,-58.0,-0.7542,-0.0268,,,Pincab_DMD_Grill_Stern
PinCab_Coin_Door,Primitive,-33.0,-160.0,-0.0347,-0.0739,,,VRCab_CoinReturnBox_Bake1_CyclesBake_COMBINED_1
PinCab_Coin_Door_Decal,Primitive,380.0,2302.0,0.3992,1.0638,,,Pincab_Coindoor_Decal
PinCab_Coin_Door_Slot,Primitive,20.0,120.0,0.021,0.0555,,,PinCab_Insert_Coins
PinCab_Coin_Door_Return,Primitive,22.0,26.0,0.0231,0.012,,,VRCab_CoinDoorReturn_Bake1_CyclesBake_COMBINED_1
