coil,name,game_pulses,game_pulse_ms,ballsearch_pulses,ballsearch_on_ms,held_activations,hold_first_ms,hold_duty,test_pulse_ms
1,TROUGH UP-KICKER,5,64.4,1,64.2,0,,,64
2,AUTO LAUNCH,1,64.3,3,64.7,0,,,64
3,MEGATRON LOCKUP,0,,3,64.2,0,,,64
4,COIL #4,0,,0,,0,,,64
5,ORBIT CONTROL GATE,0,,3,1477.7,0,,,500
6,COIL #6,0,,0,,0,,,64
7,COIL #7,0,,0,,0,,,64
8,SHAKER MOTOR (OPTIONAL),1,202.1,0,,0,,,1000
9,TOP POP BUMPER,2,34.1,3,64.2,0,,,64
10,RIGHT POP BUMPER,2,33.5,3,64.2,0,,,64
11,BOTTOM POP BUMPER,2,33.5,3,64.5,0,,,64
12,OPTIMUS PRIME,1,65.0,3,64.0,0,,,64
13,LEFT SLINGSHOT,2,67.3,3,64.5,0,,,64
14,RIGHT SLINGSHOT,2,67.9,3,64.8,0,,,64
15,LEFT FLIPPER,2,,0,,2,40.5,0.083,64
16,RIGHT FLIPPER,2,,0,,2,40.6,0.084,64
17,FLASH: DECEPTICON,0,,0,,0,,,32
18,FLASH: LEFT RAMP,9,64.8,0,,6,3.0,0.746,32
19,FLASH: RIGHT SIDE,0,,0,,0,,,32
20,FLASH: BUMBLEBEE,0,,0,,0,,,64
21,FLASH: POP BUMPER,22,32.5,0,,6,3.0,0.746,64
22,LEFT EJECT,1,65.0,3,64.2,0,,,64
23,FLASH: RIGHT RAMP,8,64.7,0,,6,3.0,0.746,32
24,OPTIONAL COIL,8,81.0,0,,0,,,0
25,FLASH: CENTER LANE ARROW,0,,0,,0,,,32
26,FLASH: SLINGSHOT (LEFT),0,,0,,0,,,32
27,FLASH: SLINGSHOT (RIGHT),0,,0,,0,,,32
28,FLASH: MEGATRON,30,66.3,0,,0,,,32
29,COIL #29,0,,0,,0,,,64
30,OPTIMUS PRIME MOTOR,0,,3,7492.5,0,,,0
31,FLASH: OPTIMUS PRIME,30,66.3,0,,0,,,64
32,FLASH: ALLSPARK,10,48.8,0,,1,32.6,0.503,64
33,AUX 1: TICKET ADVANCE,0,,0,,0,,,64
34,AUX 2: TICKET METER,0,,0,,0,,,64
35,AUX 3: TICKET ENABLE,0,,0,,0,,,64
