coil,name,register,reg_address,bit,desc_addr,flags_hex,flags_decoded,test_pulse_ms,test_fn,ballsearch_ms,ballsearch_fn,wire_color_1,wire_color_1_msg,wire_color_2,wire_color_2_msg,id_0x18,tag,mpf_default_pulse_ms,mpf_default_hold_power,mpf_source
1,TROUGH UP-KICKER,SOL_B,0x2400021,0,0x40ce3f0,0x00010040,ball_device_kicker solenoid,64,,0,,YEL-VIO,0x3d,BRN-BLK,0x56,1,"code (descriptor); register map SAM standard, flag names from Tron (same OS), not re-verified on tf_180",64,,observed in play
2,AUTO LAUNCH,SOL_B,0x2400021,1,0x40ce40c,0x00010040,ball_device_kicker solenoid,64,,0,,YEL-VIO,0x3d,BRN-RED,0x57,2,"code (descriptor); register map SAM standard, flag names from Tron (same OS), not re-verified on tf_180",64,,observed in play
3,MEGATRON LOCKUP,SOL_B,0x2400021,2,0x40ce428,0x00010040,ball_device_kicker solenoid,64,0x100a374,0,,YEL-VIO,0x3d,BRN-ORG,0x58,3,"code (descriptor); register map SAM standard, flag names from Tron (same OS), not re-verified on tf_180",64,,observed in ball search only
4,COIL #4,SOL_B,0x2400021,3,0x40ce444,0x00001a00,hidden_in_tests unknown_0x1200,64,,0,,YEL-VIO,0x3d,BRN-YEL,0x59,4,"code (descriptor); register map SAM standard, flag names from Tron (same OS), not re-verified on tf_180",64,,not fired in traces; ROM coil test time
5,ORBIT CONTROL GATE,SOL_B,0x2400021,4,0x40ce460,0x00010000,solenoid,500,,0,,YEL-VIO,0x3d,BRN-GRN,0x5a,5,"code (descriptor); register map SAM standard, flag names from Tron (same OS), not re-verified on tf_180",,,"motor/gate: enabled for a time, not pulsed (ball search held it 1477.7 ms)"
6,COIL #6,SOL_B,0x2400021,5,0x40ce47c,0x00001a00,hidden_in_tests unknown_0x1200,64,,0,,YEL-VIO,0x3d,BRN-BLU,0x5b,6,"code (descriptor); register map SAM standard, flag names from Tron (same OS), not re-verified on tf_180",64,,not fired in traces; ROM coil test time
7,COIL #7,SOL_B,0x2400021,6,0x40ce498,0x00001a00,hidden_in_tests unknown_0x1200,64,,0,,YEL-VIO,0x3d,BRN-VIO,0x5c,7,"code (descriptor); register map SAM standard, flag names from Tron (same OS), not re-verified on tf_180",64,,not fired in traces; ROM coil test time
8,SHAKER MOTOR (OPTIONAL),SOL_B,0x2400021,7,0x40ce4b4,0x00000100,motor_or_long,1000,,0,,YEL-VIO,0x3d,BRN-GRY,0x5d,8,"code (descriptor); register map SAM standard, flag names from Tron (same OS), not re-verified on tf_180",202,,observed in play
9,TOP POP BUMPER,SOL_A,0x2400020,0,0x40ce4d0,0x00012000,bumper solenoid,64,,0,0x1032f08,YEL-VIO,0x3d,BLU-BRN,0x4d,9,"code (descriptor); register map SAM standard, flag names from Tron (same OS), not re-verified on tf_180",34,,observed in play
10,RIGHT POP BUMPER,SOL_A,0x2400020,1,0x40ce4ec,0x00012000,bumper solenoid,64,,0,0x1032f08,YEL-VIO,0x3d,BLU-RED,0x4e,10,"code (descriptor); register map SAM standard, flag names from Tron (same OS), not re-verified on tf_180",34,,observed in play
11,BOTTOM POP BUMPER,SOL_A,0x2400020,2,0x40ce508,0x00012000,bumper solenoid,64,,0,0x1032f08,YEL-VIO,0x3d,BLU-ORG,0x4f,11,"code (descriptor); register map SAM standard, flag names from Tron (same OS), not re-verified on tf_180",34,,observed in play
12,OPTIMUS PRIME,SOL_A,0x2400020,3,0x40ce524,0x00010000,solenoid,64,,0,0x1033cb0,YEL-VIO,0x3d,BLU-YEL,0x50,12,"code (descriptor); register map SAM standard, flag names from Tron (same OS), not re-verified on tf_180",65,,observed in play
13,LEFT SLINGSHOT,SOL_A,0x2400020,4,0x40ce540,0x00018000,solenoid unknown_0x8000,64,,0,0x1033094,YEL-VIO,0x3d,BLU-GRN,0x51,13,"code (descriptor); register map SAM standard, flag names from Tron (same OS), not re-verified on tf_180",67,,observed in play
14,RIGHT SLINGSHOT,SOL_A,0x2400020,5,0x40ce55c,0x00018000,solenoid unknown_0x8000,64,,0,0x1033094,YEL-VIO,0x3d,BLU-BLK,0x52,14,"code (descriptor); register map SAM standard, flag names from Tron (same OS), not re-verified on tf_180",68,,observed in play
15,LEFT FLIPPER,SOL_A,0x2400020,6,0x40ce578,0x00010008,flipper solenoid,64,,0,,GRY-YEL,0x20,ORG-GRY,0x54,15,"code (descriptor); register map SAM standard, flag names from Tron (same OS), not re-verified on tf_180",40.5,0.083,flipper: pulse then hold PWM 1 ms on / 12 ms (observed)
16,RIGHT FLIPPER,SOL_A,0x2400020,7,0x40ce594,0x00010008,flipper solenoid,64,,0,,BLU-YEL,0x50,ORG-VIO,0x55,16,"code (descriptor); register map SAM standard, flag names from Tron (same OS), not re-verified on tf_180",40.6,0.084,flipper: pulse then hold PWM 1 ms on / 12 ms (observed)
17,FLASH: DECEPTICON,SOL_C,0x2400022,0,0x40ce5b0,0x00000004,flasher,32,,0,,ORG,0x4a,VIO-BRN,0x5e,17,"code (descriptor); register map SAM standard, flag names from Tron (same OS), not re-verified on tf_180",32,,not fired in traces; ROM coil test time
18,FLASH: LEFT RAMP,SOL_C,0x2400022,1,0x40ce5cc,0x00000004,flasher,32,,0,,ORG,0x4a,VIO-RED,0x5f,18,"code (descriptor); register map SAM standard, flag names from Tron (same OS), not re-verified on tf_180",65,,observed in play
19,FLASH: RIGHT SIDE,SOL_C,0x2400022,2,0x40ce5e8,0x00000004,flasher,32,,0,,ORG,0x4a,VIO-ORG,0x60,19,"code (descriptor); register map SAM standard, flag names from Tron (same OS), not re-verified on tf_180",32,,not fired in traces; ROM coil test time
20,FLASH: BUMBLEBEE,SOL_C,0x2400022,3,0x40ce604,0x00000004,flasher,64,,0,,ORG,0x4a,VIO-WHT,0x67,20,"code (descriptor); register map SAM standard, flag names from Tron (same OS), not re-verified on tf_180",64,,not fired in traces; ROM coil test time
21,FLASH: POP BUMPER,SOL_C,0x2400022,4,0x40ce620,0x00000004,flasher,64,,0,,ORG,0x4a,VIO-GRN,0x62,21,"code (descriptor); register map SAM standard, flag names from Tron (same OS), not re-verified on tf_180",32,,observed in play
22,LEFT EJECT,SOL_C,0x2400022,5,0x40ce63c,0x00010000,solenoid,64,,0,,BRN,0x49,VIO-BLU,0x65,22,"code (descriptor); register map SAM standard, flag names from Tron (same OS), not re-verified on tf_180",65,,observed in play
23,FLASH: RIGHT RAMP,SOL_C,0x2400022,6,0x40ce658,0x00000004,flasher,32,,0,,ORG,0x4a,VIO-BLK,0x64,23,"code (descriptor); register map SAM standard, flag names from Tron (same OS), not re-verified on tf_180",65,,observed in play
24,OPTIONAL COIL,SOL_C,0x2400022,7,0x40ce674,0x00000082,power_exempt optional,0,,0,,RED,0x48,VIO-GRY,0x66,24,"code (descriptor); register map SAM standard, flag names from Tron (same OS), not re-verified on tf_180",81,,observed in play
25,FLASH: CENTER LANE ARROW,FLSH_LMP,0x2400023,0,0x40ce690,0x00000004,flasher,32,,0,,ORG,0x4a,BLK-BRN,0x68,25,"code (descriptor); register map SAM standard, flag names from Tron (same OS), not re-verified on tf_180",32,,not fired in traces; ROM coil test time
26,FLASH: SLINGSHOT (LEFT),FLSH_LMP,0x2400023,1,0x40ce6ac,0x00000004,flasher,32,,0,,ORG,0x4a,BLK-RED,0x69,26,"code (descriptor); register map SAM standard, flag names from Tron (same OS), not re-verified on tf_180",32,,not fired in traces; ROM coil test time
27,FLASH: SLINGSHOT (RIGHT),FLSH_LMP,0x2400023,2,0x40ce6c8,0x00000004,flasher,32,,0,,ORG,0x4a,BLK-ORG,0x6a,27,"code (descriptor); register map SAM standard, flag names from Tron (same OS), not re-verified on tf_180",32,,not fired in traces; ROM coil test time
28,FLASH: MEGATRON,FLSH_LMP,0x2400023,3,0x40ce6e4,0x00000004,flasher,32,,0,,ORG,0x4a,BLK-YEL,0x6b,28,"code (descriptor); register map SAM standard, flag names from Tron (same OS), not re-verified on tf_180",66,,observed in play
29,COIL #29,FLSH_LMP,0x2400023,4,0x40ce700,0x00001a00,hidden_in_tests unknown_0x1200,64,,0,,ORG,0x4a,BLK-GRN,0x6c,29,"code (descriptor); register map SAM standard, flag names from Tron (same OS), not re-verified on tf_180",64,,not fired in traces; ROM coil test time
30,OPTIMUS PRIME MOTOR,FLSH_LMP,0x2400023,5,0x40ce71c,0x00000100,motor_or_long,0,0x1025568,0,,BRN,0x49,BLK-BLU,0x6e,30,"code (descriptor); register map SAM standard, flag names from Tron (same OS), not re-verified on tf_180",,,"motor/gate: enabled for a time, not pulsed (ball search held it 7492.5 ms)"
31,FLASH: OPTIMUS PRIME,FLSH_LMP,0x2400023,6,0x40ce738,0x00000004,flasher,64,,0,,ORG,0x4a,BLK-VIO,0x6f,31,"code (descriptor); register map SAM standard, flag names from Tron (same OS), not re-verified on tf_180",66,,observed in play
32,FLASH: ALLSPARK,FLSH_LMP,0x2400023,7,0x40ce754,0x00000004,flasher,64,,0,,ORG,0x4a,BLK-GRY,0x70,32,"code (descriptor); register map SAM standard, flag names from Tron (same OS), not re-verified on tf_180",49,,observed in play
33,AUX 1: TICKET ADVANCE,AUX_DRV (aux bus),0x02400026 + strobe on 0x0240002B,0,0x40ce770,0x00000c01,aux no_cycle_test hidden_in_tests,64,,0,,RED,0x48,WHT,0x4b,33,"code (descriptor); register map SAM standard, flag names from Tron (same OS), not re-verified on tf_180",64,,not fired in traces; ROM coil test time
34,AUX 2: TICKET METER,AUX_DRV (aux bus),0x02400026 + strobe on 0x0240002B,1,0x40ce78c,0x00000c81,aux optional no_cycle_test hidden_in_tests,64,,0,,RED,0x48,BRN,0x49,34,"code (descriptor); register map SAM standard, flag names from Tron (same OS), not re-verified on tf_180",64,,not fired in traces; ROM coil test time
35,AUX 3: TICKET ENABLE,AUX_DRV (aux bus),0x02400026 + strobe on 0x0240002B,2,0x40ce7a8,0x00000c01,aux no_cycle_test hidden_in_tests,64,,0,,GRY-RED,0x1e,BLK-WHT,0x71,35,"code (descriptor); register map SAM standard, flag names from Tron (same OS), not re-verified on tf_180",64,,not fired in traces; ROM coil test time
