dedicated,rom_switch_number,name,pinmame_switch,handler,handler_arg,flags_0x0c,w_0x10,w_0x12,w_0x14,w_0x16,msg_0x18,msg_0x18_text,id_0x1a,b_0x1b,b_0x1c,desc_addr
D1,129,LEFT COIN SLOT,65,0x19c40,0,0x07ff1f80,26,0,4,38,54,BLK,1,2,2,0x40e3740
D2,130,CENTER COIN SLOT,66,0x19c40,1,0x07ff1f80,26,0,4,39,54,BLK,2,2,2,0x40e3760
D3,131,RIGHT COIN SLOT,67,0x19c40,2,0x07ff1f80,26,0,4,40,54,BLK,3,2,2,0x40e3780
D4,132,FOURTH COIN SLOT,68,0x19c40,3,0x07ff1f80,26,0,4,41,54,BLK,4,2,2,0x40e37a0
D5,133,FIFTH COIN SLOT,69,0x19c40,4,0x07ff1f80,26,0,4,42,54,BLK,5,2,2,0x40e37c0
D6,134,NOT USED,70,,0,0x00000000,112,0,4,43,54,BLK,6,0,0,0x40e37e0
D7,135,NOT USED,71,,0,0x00000000,112,0,4,44,54,BLK,7,0,0,0x40e3800
D8,136,NOT USED,72,,0,0x00000000,112,0,4,45,54,BLK,8,0,0,0x40e3820
D9,137,L. FLIPPER BUTTON,84,0x1032d5c,0,0x0fff0000,19,3,4,29,54,BLK,9,1,3,0x40e3840
D10,138,LEFT FLIPPER E.O.S.,83,,0,0x00000000,19,3,4,30,54,BLK,10,0,0,0x40e3860
D11,139,R. FLIPPER BUTTON,82,0x1032dac,0,0x0fff0000,19,3,4,31,54,BLK,11,1,3,0x40e3880
D12,140,RIGHT FLIPPER E.O.S.,81,,0,0x00000000,19,3,4,32,54,BLK,12,0,0,0x40e38a0
D13,141,NOT USED,88,,0,0x00000000,112,0,4,33,54,BLK,13,0,0,0x40e38c0
D14,142,NOT USED,87,,0,0x00000000,112,0,4,34,54,BLK,14,0,0,0x40e38e0
D15,143,NOT USED,86,,0,0x00000000,112,0,4,35,54,BLK,15,0,0,0x40e3900
D16,144,NOT USED,85,,0,0x00000000,112,0,4,36,54,BLK,16,0,0,0x40e3920
D17,145,TILT PENDULUM,-7,0x1dc58,0,0x0fff0000,18,300,4,46,54,BLK,17,1,6,0x40e3940
D18,146,SLAM TILT,-6,0x1d534,0,0x07ff0000,18,0,4,47,54,BLK,18,0,0,0x40e3960
D19,147,TICKET NOTCH,-5,0xfdb0,1,0x0fff1f80,18,0,4,48,54,BLK,19,2,2,0x40e3980
D20,148,NOT USED,-4,,0,0x00000000,112,0,4,49,54,BLK,20,0,0,0x40e39a0
D21,149,BACK,-3,0xf290,1,0x0fff1f80,18,0,4,50,54,BLK,21,2,2,0x40e39c0
D22,150,MINUS,-2,0xf290,2,0x0fff1f80,18,0,4,51,54,BLK,22,2,2,0x40e39e0
D23,151,PLUS,-1,0xf290,4,0x0fff1f80,18,0,4,52,54,BLK,23,2,2,0x40e3a00
D24,152,SELECT,0,0xf290,8,0x0fff1f80,18,0,4,53,54,BLK,24,2,2,0x40e3a20
D25,153,DIP SW. (1)2345678,,0x55a0,1,0x0fff1f80,16,0,4,0,0,INVALID,25,10,10,0x40e3a40
D26,154,DIP SW. 1(2)345678,,0x55a0,2,0x0fff1f80,16,0,4,0,0,INVALID,26,10,10,0x40e3a60
D27,155,DIP SW. 12(3)45678,,0x55a0,3,0x0fff1f80,16,0,4,0,0,INVALID,27,10,10,0x40e3a80
D28,156,DIP SW. 123(4)5678,,0x55a0,4,0x0fff1f80,16,0,4,0,0,INVALID,28,10,10,0x40e3aa0
D29,157,DIP SW. 1234(5)678,,0x55a0,5,0x0fff1f80,16,0,4,0,0,INVALID,29,10,10,0x40e3ac0
D30,158,DIP SW. 12345(6)78,,0x55a0,6,0x0fff1f80,16,0,4,0,0,INVALID,30,10,10,0x40e3ae0
D31,159,DIP SW. 123456(7)8,,0x55a0,7,0x0fff1f80,16,0,4,0,0,INVALID,31,10,10,0x40e3b00
D32,160,DIP SW. 1234567(8),,0x55a0,8,0x0fff1f80,20,0,4,0,0,INVALID,32,10,10,0x40e3b20
