lamp,name,strobe_line,drive_bit,pinmame_lamp,w_0x04,id_0x08,b_0x09,desc_addr
1,START BUTTON,0,7,1,0x0,1,1,0x40d0e08
2,TOURNAMENT START BUTTON,0,6,2,0x0,2,1,0x40d0e14
3,ROLL OUT,0,5,3,0x0,3,1,0x40d0e20
4,DEVASTATOR,0,4,4,0x0,4,0,0x40d0e2c
5,BLACKOUT,0,3,5,0x0,5,0,0x40d0e38
6,SHOCKWAVE,0,2,6,0x0,6,0,0x40d0e44
7,STARSCREAM,0,1,7,0x0,7,0,0x40d0e50
8,LEFT OUTLANE,0,0,8,0x0,8,0,0x40d0e5c
9,LEFT RETURN LANE,1,7,9,0x0,9,0,0x40d0e68
10,RIGHT RETURN LANE,1,6,10,0x0,10,0,0x40d0e74
11,RIGHT OUTLANE,1,5,11,0x0,11,0,0x40d0e80
12,ALLSPARK (X),1,4,12,0x0,12,0,0x40d0e8c
13,ALLSPARK (PURPLE),1,3,13,0x0,13,0,0x40d0e98
14,ALLSPARK (RED),1,2,14,0x0,14,0,0x40d0ea4
15,ALLSPARK (ORANGE),1,1,15,0x0,15,0,0x40d0eb0
16,LEFT ORBIT (X),1,0,16,0x0,16,0,0x40d0ebc
17,LEFT ORBIT (PURPLE),2,7,17,0x0,17,0,0x40d0ec8
18,LEFT ORBIT (RED),2,6,18,0x0,18,0,0x40d0ed4
19,LEFT ORBIT (ORANGE),2,5,19,0x0,19,0,0x40d0ee0
20,RIGHT 2 BANK TARGET (BOT),2,4,20,0x0,20,0,0x40d0eec
21,RIGHT 2 BANK TARGET (TOP),2,3,21,0x0,21,0,0x40d0ef8
22,OPTIMUS PRIME,2,2,22,0x0,22,0,0x40d0f04
23,BUMBLEBEE,2,1,23,0x0,23,0,0x40d0f10
24,IRONHIDE,2,0,24,0x0,24,0,0x40d0f1c
25,MUDFLAP / SKIDS,3,7,25,0x0,25,0,0x40d0f28
26,RATCHET,3,6,26,0x0,26,0,0x40d0f34
27,MEGATRON,3,5,27,0x0,27,0,0x40d0f40
28,SENTINEL PRIME,3,4,28,0x0,28,0,0x40d0f4c
29,CHALLENGE MEGATRON,3,3,29,0x0,29,0,0x40d0f58
30,BUMBLEBEE (CAPTIVE BALL),3,2,30,0x0,30,0,0x40d0f64
31,RIGHT RAMP (X),3,1,31,0x0,31,0,0x40d0f70
32,RIGHT RAMP (PURPLE),3,0,32,0x0,32,0,0x40d0f7c
33,RIGHT RAMP (RED),4,7,33,0x0,33,0,0x40d0f88
34,RIGHT RAMP (ORANGE),4,6,34,0x0,34,0,0x40d0f94
35,ENERGON (RIGHT),4,5,35,0x0,35,0,0x40d0fa0
36,RIGHT ORBIT (X),4,4,36,0x0,36,0,0x40d0fac
37,RIGHT ORBIT (PURPLE),4,3,37,0x0,37,0,0x40d0fb8
38,RIGHT ORBIT (RED),4,2,38,0x0,38,0,0x40d0fc4
39,RIGHT ORBIT (ORANGE),4,1,39,0x0,39,0,0x40d0fd0
40,CENTER LANE (ORANGE),4,0,40,0x0,40,0,0x40d0fdc
41,CENTER LANE (RED),5,7,41,0x0,41,0,0x40d0fe8
42,CENTER LANE (PURPLE),5,6,42,0x0,42,0,0x40d0ff4
43,CENTER LANE (X),5,5,43,0x0,43,0,0x40d1000
44,LEFT RAMP (ORANGE),5,4,44,0x0,44,0,0x40d100c
45,LEFT RAMP (RED),5,3,45,0x0,45,0,0x40d1018
46,LEFT RAMP (PURPLE),5,2,46,0x0,46,0,0x40d1024
47,LEFT RAMP (X),5,1,47,0x0,47,0,0x40d1030
48,ENERGON (LEFT),5,0,48,0x0,48,0,0x40d103c
49,TOP LANE (RED/BOT),6,7,49,0x0,49,0,0x40d1048
50,TOP LANE (PURPLE/BOT),6,6,50,0x0,50,0,0x40d1054
51,TOP LANE (PURPLE/TOP),6,5,51,0x0,51,0,0x40d1060
52,TOP LANE (RED/TOP),6,4,52,0x0,52,0,0x40d106c
53,SPECIAL,6,3,53,0x0,53,0,0x40d1078
54,ENERGON (CENTER),6,2,54,0x0,54,0,0x40d1084
55,EXTRA BALL,6,1,55,0x0,55,0,0x40d1090
56,LAMP #56,6,0,56,0x0,56,0,0x40d109c
57,MEGATRON (BOTTOM),7,7,57,0x0,57,0,0x40d10a8
58,MEGATRON (TOP),7,6,58,0x0,58,0,0x40d10b4
59,OPTIMUS PRIME CHALLENGE,7,5,59,0x0,59,0,0x40d10c0
60,TOP BUMPER,7,4,60,0x0,60,0,0x40d10cc
61,RIGHT BUMPER,7,3,61,0x0,61,0,0x40d10d8
62,BOTTOM BUMPER,7,2,62,0x0,62,0,0x40d10e4
63,LAMP #63,7,1,63,0x0,63,0,0x40d10f0
64,LAMP #64,7,0,64,0x0,64,0,0x40d10fc
65,LAMP #65,8,7,65,0x0,65,0,0x40d1108
66,LAMP #66,8,6,66,0x0,66,0,0x40d1114
67,LAMP #67,8,5,67,0x0,67,0,0x40d1120
68,LAMP #68,8,4,68,0x0,68,0,0x40d112c
69,LAMP #69,8,3,69,0x0,69,0,0x40d1138
70,LAMP #70,8,2,70,0x0,70,0,0x40d1144
71,LAMP #71,8,1,71,0x0,71,0,0x40d1150
72,LAMP #72,8,0,72,0x0,72,0,0x40d115c
73,LAMP #73,9,7,73,0x0,73,0,0x40d1168
74,LAMP #74,9,6,74,0x0,74,0,0x40d1174
75,LAMP #75,9,5,75,0x0,75,0,0x40d1180
76,LAMP #76,9,4,76,0x0,76,0,0x40d118c
77,LAMP #77,9,3,77,0x0,77,0,0x40d1198
78,LAMP #78,9,2,78,0x0,78,0,0x40d11a4
79,LAMP #79,9,1,79,0x0,79,0,0x40d11b0
80,LAMP #80,9,0,80,0x0,80,0,0x40d11bc
