leff,fn,flags,lamp_group,lamp_group_lamps,coil_group,priority,capture,run_ms,loops,show,steps,lamps_used,coils_pulsed,sounds,deffs_started,leffs_started,started_by_code,note,tag
1,0x1009e78,0x0001,0,,0,1,cap,12007,yes,lampfx_001,60,59,,,,,0xa84 attract_start,loops in the ROM (period 4819 ms); lead-in of 16 ms left out,observed
2,0x2b238,0x0000,0,,0,253,cap,12004,yes,lampfx_002,1,61,,,,,0xed90 FUN_0000ed90,sets this lamp state and holds it until stopped,observed
3,0x104a464,0x0002,0,,0,254,cap,12010,yes,lampfx_003,1,61,,,,,0x104a6c8 FUN_0104a6c8,sets this lamp state and holds it until stopped,observed
4,0x1049cac,0x0002,0,,0,254,cap,12010,yes,lampfx_004,1,61,,,,,0x1049cf4 FUN_01049cf4,sets this lamp state and holds it until stopped,observed
5,0x104ae28,0x0002,0,,0,254,cap,12014,yes,lampfx_005,1,61,,,,,0x104aeac FUN_0104aeac,sets this lamp state and holds it until stopped,observed
6,0x104a04c,0x0002,0,,0,254,cap,12009,yes,lampfx_006,2,61,,,,,0x104a0d0 FUN_0104a0d0,loops in the ROM (period 257 ms); lead-in of 128 ms left out,observed
7,0x104a9a4,0x0002,0,,0,254,cap,12010,yes,lampfx_007,1,61,,,,,0x104a9fc FUN_0104a9fc,sets this lamp state and holds it until stopped,observed
8,0x104759c,0x0002,0,,0,254,cap,12010,yes,lampfx_008,2,61,,,,,0x10476b8 FUN_010476b8,loops in the ROM (period 257 ms),observed
9,0x2834c,0x0001,0,,0,1,cap,12018,yes,lampfx_009,1,61,,,,,,sets this lamp state and holds it until stopped,observed
10,0x28348,0x0002,0,,0,243,natural,58,,,0,0,,,,,,"no lamps of its own in the capture (draws from game state, needs a parameter, or controls other outputs)",code
11,0x283ac,0x0002,0,,0,241,natural,251,,,0,0,,,,,,"no lamps of its own in the capture (draws from game state, needs a parameter, or controls other outputs)",code
12,0x28304,0x0002,0,,0,251,cap,12011,yes,lampfx_012,1,61,,,,,0x1d534 FUN_0001d534,sets this lamp state and holds it until stopped,observed
13,0x28168,0x0005,0,,0,129,cap,12008,yes,lampfx_013,2,1,,,,,0x103aba4 FUN_0103aba4,loops in the ROM (period 325 ms),observed
14,0x28224,0x0005,0,,0,128,cap,12010,yes,,0,0,,,,,0x17a28 ball_save_task,"no lamps of its own in the capture (draws from game state, needs a parameter, or controls other outputs)",code
15,0x28200,0x0006,0,,0,223,natural,58,,,0,0,,,,,0x17b3c ball_save_try,"no lamps of its own in the capture (draws from game state, needs a parameter, or controls other outputs)",code
16,0x28300,0x0006,0,,0,208,natural,59,,,0,0,,,,,0x19d30 ball_start,"no lamps of its own in the capture (draws from game state, needs a parameter, or controls other outputs)",code
17,0x282fc,0x0002,0,,0,240,natural,59,,,0,0,,,,,,"no lamps of its own in the capture (draws from game state, needs a parameter, or controls other outputs)",code
18,0x282f8,0x0002,0,,0,240,natural,59,,,0,0,,,,,,"no lamps of its own in the capture (draws from game state, needs a parameter, or controls other outputs)",code
19,0x10089e8,0x0002,0,,1,240,natural,2714,,lampfx_019,24,0,c_flash_bumblebee c_flash_center_lane_arrow c_flash_decepticon c_flash_left_ramp c_flash_megatron c_flash_optimus_prime c_flash_pop_bumper c_flash_right_ramp c_flash_right_side c_flash_slingshot_left c_flash_slingshot_right,,,,,ends by itself after 2714 ms,observed
20,0x1006f1c,0x0001,0,,0,1,cap,12011,yes,,0,0,,,,,,"no lamps of its own in the capture (draws from game state, needs a parameter, or controls other outputs)",code
21,0x100a9d0,0x0006,0,,3,158,natural,1575,,lampfx_021,16,0,c_flash_allspark,,,,0x100a788 FUN_0100a788,ends by itself after 1575 ms,observed
22,0x100aa04,0x0006,0,,4,159,natural,562,,lampfx_022,17,0,c_flash_allspark,,,,0x100a788 FUN_0100a788,ends by itself after 562 ms,observed
23,0x100a6a0,0x0006,0,,5,194,natural,1552,,lampfx_023,16,0,c_flash_megatron,,,,0x100a3b8 FUN_0100a3b8,ends by itself after 1552 ms,observed
24,0x100a6d4,0x0006,0,,6,195,natural,563,,lampfx_024,17,0,c_flash_megatron,,,,0x100a3b8 FUN_0100a3b8,ends by itself after 563 ms,observed
25,0x100a714,0x0006,0,,7,195,natural,286,,lampfx_025,17,0,c_flash_megatron,,,,0x100a3b8 FUN_0100a3b8,ends by itself after 286 ms,observed
26,0x102d108,0x0006,0,,8,128,natural,254,,lampfx_026,3,0,c_flash_pop_bumper,,,,0x102ca98 FUN_0102ca98,ends by itself after 254 ms,observed
27,0x102d138,0x0006,0,,0,128,natural,400,,,0,0,,,,,,"no lamps of its own in the capture (draws from game state, needs a parameter, or controls other outputs)",code
28,0x102d138,0x0006,0,,0,128,natural,400,,,0,0,,,,,,"no lamps of its own in the capture (draws from game state, needs a parameter, or controls other outputs)",code
29,0x102d138,0x0006,0,,0,128,natural,400,,,0,0,,,,,,"no lamps of its own in the capture (draws from game state, needs a parameter, or controls other outputs)",code
30,0x102c79c,0x0006,0,,9,129,natural,351,,lampfx_030,3,0,c_flash_left_ramp c_flash_pop_bumper c_flash_right_ramp,,,,0x102c678 deff_047_pops_grow,ends by itself after 351 ms,observed
31,0x102d518,0x0006,0,,1,176,natural,1813,,lampfx_031,16,0,c_flash_bumblebee c_flash_center_lane_arrow c_flash_decepticon c_flash_left_ramp c_flash_megatron c_flash_optimus_prime c_flash_pop_bumper c_flash_right_ramp c_flash_right_side c_flash_slingshot_left c_flash_slingshot_right,,,,0x102d3e0 deff_149_super,ends by itself after 1813 ms,observed
32,0x102d520,0x0001,0,,10,7,cap,12010,yes,,0,0,,,,,,"no lamps of its own in the capture (draws from game state, needs a parameter, or controls other outputs)",code
33,0x102d92c,0x0006,0,,11,128,natural,146,,lampfx_033,1,0,c_flash_left_ramp c_flash_pop_bumper,,,,0x102c8c8 FUN_0102c8c8,ends by itself after 146 ms,observed
34,0x1003104,0x0001,0,,0,2,cap,12009,yes,,0,0,,,,,,"no lamps of its own in the capture (draws from game state, needs a parameter, or controls other outputs)",code
35,0x10037ac,0x0006,0,,0,153,natural,58,,,0,0,,,,,0x1002f0c FUN_01002f0c | 0x1033244 FUN_01033244 | 0x1033488 FUN_01033488,"no lamps of its own in the capture (draws from game state, needs a parameter, or controls other outputs)",code
36,0x1023bf4,0x0006,0,,1,155,natural,595,,lampfx_036,18,6,,,,,0x1023b10 deff_049_multipliers_lit,ends by itself after 595 ms,observed
37,0x1023928,0x0001,0,,0,13,cap,12013,yes,lampfx_037,4,6,,,,,,loops in the ROM (period 584 ms),observed
38,0x1023df8,0x0006,0,,1,159,natural,59,,,0,0,,,,,0x1023c5c deff_050,"no lamps of its own in the capture (draws from game state, needs a parameter, or controls other outputs)",code
39,0x10239bc,0x0001,0,,0,14,cap,12011,yes,,0,0,,,,,,"no lamps of its own in the capture (draws from game state, needs a parameter, or controls other outputs)",code
40,0x1024328,0x0005,0,,39,7,cap,12010,yes,,0,0,,,,,,"no lamps of its own in the capture (draws from game state, needs a parameter, or controls other outputs)",code
41,0x1024800,0x0006,0,,1,160,natural,1835,,lampfx_041,17,0,c_flash_bumblebee c_flash_center_lane_arrow c_flash_decepticon c_flash_left_ramp c_flash_megatron c_flash_optimus_prime c_flash_pop_bumper c_flash_right_ramp c_flash_right_side c_flash_slingshot_left c_flash_slingshot_right,,,,0x1024524 deff_052_special,ends by itself after 1835 ms,observed
42,0x1007d40,0x0006,0,,0,180,natural,59,,,0,0,,,,,0x1007bb4 deff_053_extra,"no lamps of its own in the capture (draws from game state, needs a parameter, or controls other outputs)",code
43,0x1007e50,0x0006,0,,0,181,natural,1148,,lampfx_043,21,56,,,,,0x1007d4c deff_054,ends by itself after 1148 ms,observed
44,0x1027ffc,0x0005,0,,16,7,cap,12005,yes,,0,0,,,,,,"no lamps of its own in the capture (draws from game state, needs a parameter, or controls other outputs)",code
45,0x1028228,0x0006,0,,1,192,natural,4900,,lampfx_045,99,59,c_flash_bumblebee c_flash_center_lane_arrow c_flash_decepticon c_flash_left_ramp c_flash_megatron c_flash_optimus_prime c_flash_pop_bumper c_flash_right_ramp c_flash_right_side c_flash_slingshot_left c_flash_slingshot_right,,,,0x10280bc deff_057,ends by itself after 4900 ms,observed
46,0x10285e8,0x0001,0,,0,9,cap,12003,yes,lampfx_046,2,6,,,,,,loops in the ROM (period 98 ms),observed
47,0x10286f8,0x0005,0,,18,9,cap,12016,yes,,0,0,,,,,,"no lamps of its own in the capture (draws from game state, needs a parameter, or controls other outputs)",code
48,0x1028ac0,0x0006,0,,1,193,natural,8347,,lampfx_048,77,0,c_flash_bumblebee c_flash_center_lane_arrow c_flash_decepticon c_flash_left_ramp c_flash_megatron c_flash_optimus_prime c_flash_pop_bumper c_flash_right_ramp c_flash_right_side c_flash_slingshot_left c_flash_slingshot_right,,,,0x1028950 deff_059,ends by itself after 8347 ms,observed
49,0x1028f60,0x0006,0,,1,193,natural,8371,,lampfx_049,76,0,c_flash_bumblebee c_flash_center_lane_arrow c_flash_decepticon c_flash_left_ramp c_flash_megatron c_flash_optimus_prime c_flash_pop_bumper c_flash_right_ramp c_flash_right_side c_flash_slingshot_left c_flash_slingshot_right,,,,0x1028da0 deff_060,ends by itself after 8371 ms,observed
50,0x102919c,0x0006,0,,1,194,natural,8347,,lampfx_050,77,0,c_flash_bumblebee c_flash_center_lane_arrow c_flash_decepticon c_flash_left_ramp c_flash_megatron c_flash_optimus_prime c_flash_pop_bumper c_flash_right_ramp c_flash_right_side c_flash_slingshot_left c_flash_slingshot_right,,,,0x1029014 deff_061_super_jackpot,ends by itself after 8347 ms,observed
51,0x1029380,0x0006,0,,1,207,natural,4387,,lampfx_051,40,0,c_flash_bumblebee c_flash_center_lane_arrow c_flash_decepticon c_flash_left_ramp c_flash_megatron c_flash_optimus_prime c_flash_pop_bumper c_flash_right_ramp c_flash_right_side c_flash_slingshot_left c_flash_slingshot_right,,,,0x1029218 deff_062,ends by itself after 4387 ms,observed
52,0x102a10c,0x0005,0,,20,7,cap,12010,yes,,0,0,,,,,,"no lamps of its own in the capture (draws from game state, needs a parameter, or controls other outputs)",code
53,0x102a348,0x0006,0,,1,192,natural,4899,,lampfx_053,99,59,c_flash_bumblebee c_flash_center_lane_arrow c_flash_decepticon c_flash_left_ramp c_flash_megatron c_flash_optimus_prime c_flash_pop_bumper c_flash_right_ramp c_flash_right_side c_flash_slingshot_left c_flash_slingshot_right,,,,0x102a1b8 deff_063,ends by itself after 4899 ms,observed
54,0x102a72c,0x0001,0,,0,9,cap,12008,yes,lampfx_054,2,6,,,,,,loops in the ROM (period 98 ms),observed
55,0x102a83c,0x0005,0,,22,9,cap,12006,yes,,0,0,,,,,,"no lamps of its own in the capture (draws from game state, needs a parameter, or controls other outputs)",code
56,0x102ac08,0x0006,0,,1,193,natural,8347,,lampfx_056,76,0,c_flash_bumblebee c_flash_center_lane_arrow c_flash_decepticon c_flash_left_ramp c_flash_megatron c_flash_optimus_prime c_flash_pop_bumper c_flash_right_ramp c_flash_right_side c_flash_slingshot_left c_flash_slingshot_right,,,,0x102aa70 deff_065_jackpot,ends by itself after 8347 ms,observed
57,0x102aec0,0x0006,0,,1,193,natural,8349,,lampfx_057,78,0,c_flash_bumblebee c_flash_center_lane_arrow c_flash_decepticon c_flash_left_ramp c_flash_megatron c_flash_optimus_prime c_flash_pop_bumper c_flash_right_ramp c_flash_right_side c_flash_slingshot_left c_flash_slingshot_right,,,,0x102ad30 deff_066,ends by itself after 8349 ms,observed
58,0x102b110,0x0006,0,,1,194,natural,8347,,lampfx_058,79,0,c_flash_bumblebee c_flash_center_lane_arrow c_flash_decepticon c_flash_left_ramp c_flash_megatron c_flash_optimus_prime c_flash_pop_bumper c_flash_right_ramp c_flash_right_side c_flash_slingshot_left c_flash_slingshot_right,,,,0x102af98 deff_067_super_jackpot,ends by itself after 8347 ms,observed
59,0x102b2f4,0x0006,0,,1,207,natural,4387,,lampfx_059,38,0,c_flash_bumblebee c_flash_center_lane_arrow c_flash_decepticon c_flash_left_ramp c_flash_megatron c_flash_optimus_prime c_flash_pop_bumper c_flash_right_ramp c_flash_right_side c_flash_slingshot_left c_flash_slingshot_right,,,,0x102b18c deff_068,ends by itself after 4387 ms,observed
60,0x100c914,0x0005,0,,25,7,cap,12004,yes,,0,0,,,,,,"no lamps of its own in the capture (draws from game state, needs a parameter, or controls other outputs)",code
61,0x100cb64,0x0006,0,,1,192,natural,3809,,lampfx_061,78,59,c_flash_bumblebee c_flash_center_lane_arrow c_flash_decepticon c_flash_left_ramp c_flash_megatron c_flash_optimus_prime c_flash_pop_bumper c_flash_right_ramp c_flash_right_side c_flash_slingshot_left c_flash_slingshot_right,,,,0x100c9e4 deff_069,ends by itself after 3809 ms,observed
62,0x100cf28,0x0001,0,,0,9,cap,12003,yes,lampfx_062,2,1,,,,,,loops in the ROM (period 97 ms),observed
63,0x100d038,0x0005,0,,26,9,cap,12013,yes,,0,0,,,,,,"no lamps of its own in the capture (draws from game state, needs a parameter, or controls other outputs)",code
64,0x100d390,0x0006,0,,1,193,natural,8348,,lampfx_064,77,0,c_flash_bumblebee c_flash_center_lane_arrow c_flash_decepticon c_flash_left_ramp c_flash_megatron c_flash_optimus_prime c_flash_pop_bumper c_flash_right_ramp c_flash_right_side c_flash_slingshot_left c_flash_slingshot_right,,,,0x100d214 deff_071_jackpot,ends by itself after 8348 ms,observed
65,0x100d6dc,0x0006,0,,1,193,natural,8342,,lampfx_065,78,0,c_flash_bumblebee c_flash_center_lane_arrow c_flash_decepticon c_flash_left_ramp c_flash_megatron c_flash_optimus_prime c_flash_pop_bumper c_flash_right_ramp c_flash_right_side c_flash_slingshot_left c_flash_slingshot_right,,,,0x100d550 deff_072_double_jackpot,ends by itself after 8342 ms,observed
66,0x100d900,0x0006,0,,1,194,natural,8347,,lampfx_066,80,0,c_flash_bumblebee c_flash_center_lane_arrow c_flash_decepticon c_flash_left_ramp c_flash_megatron c_flash_optimus_prime c_flash_pop_bumper c_flash_right_ramp c_flash_right_side c_flash_slingshot_left c_flash_slingshot_right,,,,0x100d7bc deff_073_super_jackpot,ends by itself after 8347 ms,observed
67,0x100daf4,0x0006,0,,1,207,natural,4386,,lampfx_067,36,0,c_flash_bumblebee c_flash_center_lane_arrow c_flash_decepticon c_flash_left_ramp c_flash_megatron c_flash_optimus_prime c_flash_pop_bumper c_flash_right_ramp c_flash_right_side c_flash_slingshot_left c_flash_slingshot_right,,,,0x100d97c deff_074_megatron,ends by itself after 4386 ms,observed
68,0x100e7d0,0x0005,0,,30,7,cap,12011,yes,,0,0,,,,,,"no lamps of its own in the capture (draws from game state, needs a parameter, or controls other outputs)",code
69,0x100ea30,0x0006,0,,1,192,natural,4881,,lampfx_069,99,59,c_flash_bumblebee c_flash_center_lane_arrow c_flash_decepticon c_flash_left_ramp c_flash_megatron c_flash_optimus_prime c_flash_pop_bumper c_flash_right_ramp c_flash_right_side c_flash_slingshot_left c_flash_slingshot_right,,,,0x100e890 deff_075,ends by itself after 4881 ms,observed
70,0x100ee54,0x0001,0,,0,9,cap,12008,yes,lampfx_070,2,7,,,,,,loops in the ROM (period 97 ms),observed
71,0x100ef64,0x0005,0,,31,9,cap,12014,yes,,0,0,,,,,,"no lamps of its own in the capture (draws from game state, needs a parameter, or controls other outputs)",code
72,0x100f660,0x0006,0,,1,193,natural,8347,,lampfx_072,76,0,c_flash_bumblebee c_flash_center_lane_arrow c_flash_decepticon c_flash_left_ramp c_flash_megatron c_flash_optimus_prime c_flash_pop_bumper c_flash_right_ramp c_flash_right_side c_flash_slingshot_left c_flash_slingshot_right,,,,0x100f3b4 deff_077_jackpot,ends by itself after 8347 ms,observed
73,0x100f860,0x0006,0,,1,193,natural,8346,,lampfx_073,76,0,c_flash_bumblebee c_flash_center_lane_arrow c_flash_decepticon c_flash_left_ramp c_flash_megatron c_flash_optimus_prime c_flash_pop_bumper c_flash_right_ramp c_flash_right_side c_flash_slingshot_left c_flash_slingshot_right,,,,0x100f6dc deff_078_double_jackpot,ends by itself after 8346 ms,observed
74,0x100fa9c,0x0006,0,,1,194,natural,8347,,lampfx_074,77,0,c_flash_bumblebee c_flash_center_lane_arrow c_flash_decepticon c_flash_left_ramp c_flash_megatron c_flash_optimus_prime c_flash_pop_bumper c_flash_right_ramp c_flash_right_side c_flash_slingshot_left c_flash_slingshot_right,,,,0x100f958 deff_079,ends by itself after 8347 ms,observed
75,0x100fc90,0x0006,0,,1,207,natural,4386,,lampfx_075,36,0,c_flash_bumblebee c_flash_center_lane_arrow c_flash_decepticon c_flash_left_ramp c_flash_megatron c_flash_optimus_prime c_flash_pop_bumper c_flash_right_ramp c_flash_right_side c_flash_slingshot_left c_flash_slingshot_right,,,,0x100fb18 deff_080,ends by itself after 4386 ms,observed
76,0x1010438,0x0001,0,,0,9,cap,12003,yes,lampfx_076,8,4,,,,,,loops in the ROM (period 1040 ms); lead-in of 130 ms left out,observed
77,0x10104c4,0x0005,0,,34,9,cap,12002,yes,,0,0,,,,,,"no lamps of its own in the capture (draws from game state, needs a parameter, or controls other outputs)",code
78,0x1010744,0x0006,0,,1,192,natural,4820,,lampfx_078,58,58,c_flash_bumblebee c_flash_center_lane_arrow c_flash_decepticon c_flash_left_ramp c_flash_megatron c_flash_optimus_prime c_flash_pop_bumper c_flash_right_ramp c_flash_right_side c_flash_slingshot_left c_flash_slingshot_right,,,,0x1010544 deff_081_complete_all_shots,ends by itself after 4820 ms,observed
79,0x10109a0,0x0001,0,,0,7,cap,12012,yes,lampfx_079,2,14,,,,,,loops in the ROM (period 97 ms); lead-in of 49 ms left out,observed
80,0x1010b4c,0x0005,0,,35,7,cap,12009,yes,,0,0,,,,,,"no lamps of its own in the capture (draws from game state, needs a parameter, or controls other outputs)",code
81,0x10119d8,0x0006,0,,1,193,natural,8371,,lampfx_081,78,0,c_flash_bumblebee c_flash_center_lane_arrow c_flash_decepticon c_flash_left_ramp c_flash_megatron c_flash_optimus_prime c_flash_pop_bumper c_flash_right_ramp c_flash_right_side c_flash_slingshot_left c_flash_slingshot_right,,,,0x1011750 deff_083_soundwave,ends by itself after 8371 ms,observed
82,0x1011d0c,0x0006,0,,1,195,natural,8346,,lampfx_082,76,0,c_flash_bumblebee c_flash_center_lane_arrow c_flash_decepticon c_flash_left_ramp c_flash_megatron c_flash_optimus_prime c_flash_pop_bumper c_flash_right_ramp c_flash_right_side c_flash_slingshot_left c_flash_slingshot_right,,,,0x1011a54 deff_084_all_hail_megatron,ends by itself after 8346 ms,observed
83,0x1011ecc,0x0006,0,,1,196,natural,3651,,lampfx_083,32,0,c_flash_bumblebee c_flash_center_lane_arrow c_flash_decepticon c_flash_left_ramp c_flash_megatron c_flash_optimus_prime c_flash_pop_bumper c_flash_right_ramp c_flash_right_side c_flash_slingshot_left c_flash_slingshot_right,,,,0x1011d88 deff_085_all_hail_megatron,ends by itself after 3651 ms,observed
84,0x10368a0,0x0001,0,,0,9,cap,12004,yes,lampfx_084,8,4,,,,,,loops in the ROM (period 1040 ms); lead-in of 130 ms left out,observed
85,0x103692c,0x0005,0,,36,9,cap,12015,yes,,0,0,,,,,,"no lamps of its own in the capture (draws from game state, needs a parameter, or controls other outputs)",code
86,0x1036cac,0x0006,0,,1,192,natural,5405,,lampfx_086,70,58,c_flash_bumblebee c_flash_center_lane_arrow c_flash_decepticon c_flash_left_ramp c_flash_megatron c_flash_optimus_prime c_flash_pop_bumper c_flash_right_ramp c_flash_right_side c_flash_slingshot_left c_flash_slingshot_right,,,,0x10369b0 deff_086_battle,ends by itself after 5405 ms,observed
87,0x1037060,0x0001,0,,0,7,cap,12011,yes,lampfx_087,2,19,,,,,,loops in the ROM (period 97 ms); lead-in of 49 ms left out,observed
88,0x103720c,0x0005,0,,37,7,natural,59,,,0,0,,,,,,not created (refused or already running at higher priority),code
89,0x1037460,0x0006,0,,1,193,natural,8346,,lampfx_089,77,0,c_flash_bumblebee c_flash_center_lane_arrow c_flash_decepticon c_flash_left_ramp c_flash_megatron c_flash_optimus_prime c_flash_pop_bumper c_flash_right_ramp c_flash_right_side c_flash_slingshot_left c_flash_slingshot_right,,,,0x1037258 deff_088,ends by itself after 8346 ms,observed
90,0x1037728,0x0006,0,,1,194,natural,8346,,lampfx_090,77,0,c_flash_bumblebee c_flash_center_lane_arrow c_flash_decepticon c_flash_left_ramp c_flash_megatron c_flash_optimus_prime c_flash_pop_bumper c_flash_right_ramp c_flash_right_side c_flash_slingshot_left c_flash_slingshot_right,,,,0x10374dc deff_089_super_wizard,ends by itself after 8346 ms,observed
91,0x10378bc,0x0006,0,,1,196,natural,3656,,lampfx_091,32,0,c_flash_bumblebee c_flash_center_lane_arrow c_flash_decepticon c_flash_left_ramp c_flash_megatron c_flash_optimus_prime c_flash_pop_bumper c_flash_right_ramp c_flash_right_side c_flash_slingshot_left c_flash_slingshot_right,,,,0x10377a4 deff_090,ends by itself after 3656 ms,observed
92,0x1031a04,0x0005,75,51 50 52 49,0,192,cap,12011,yes,lampfx_092,2,4,,,,,,loops in the ROM (period 163 ms); lead-in of 81 ms left out,observed
93,0x1031d7c,0x0006,0,,1,193,natural,1721,,lampfx_093,16,0,c_flash_bumblebee c_flash_center_lane_arrow c_flash_decepticon c_flash_left_ramp c_flash_megatron c_flash_optimus_prime c_flash_pop_bumper c_flash_right_ramp c_flash_right_side c_flash_slingshot_left c_flash_slingshot_right,,,,0x1031aa4 deff_042_hands_free,ends by itself after 1721 ms,observed
94,0x1031eac,0x0006,0,,1,193,natural,1716,,lampfx_094,15,0,c_flash_bumblebee c_flash_center_lane_arrow c_flash_decepticon c_flash_left_ramp c_flash_megatron c_flash_optimus_prime c_flash_pop_bumper c_flash_right_ramp c_flash_right_side c_flash_slingshot_left c_flash_slingshot_right,,,,0x1031d8c deff_043_super_skill_shot,ends by itself after 1716 ms,observed
95,0x1034030,0x0005,0,,0,192,cap,12005,yes,lampfx_095,4,58,,,,,,loops in the ROM (period 780 ms); lead-in of 130 ms left out,observed
96,0x1034610,0x0006,0,,61,193,natural,1716,,lampfx_096,16,0,c_flash_megatron c_flash_optimus_prime,,,,0x1034424 deff_041_decepticon,ends by itself after 1716 ms,observed
97,0x102dda4,0x0006,0,,0,129,natural,341,,,0,0,,,,,0x102db28 FUN_0102db28,"no lamps of its own in the capture (draws from game state, needs a parameter, or controls other outputs)",code
98,0x102de08,0x0006,0,,0,128,natural,172,,,0,0,,,,,0x102db28 FUN_0102db28,"no lamps of its own in the capture (draws from game state, needs a parameter, or controls other outputs)",code
99,0x102e0e8,0x0006,76,50 51 8 9,0,129,natural,59,,,0,0,,,,,0x102db28 FUN_0102db28,not created (refused or already running at higher priority),code
100,0x102e4a0,0x0006,0,,0,128,natural,335,,,0,0,,,,,0x102e208 FUN_0102e208,"no lamps of its own in the capture (draws from game state, needs a parameter, or controls other outputs)",code
101,0x102e504,0x0006,0,,0,128,natural,172,,,0,0,,,,,0x102e208 FUN_0102e208,"no lamps of its own in the capture (draws from game state, needs a parameter, or controls other outputs)",code
102,0x102e7bc,0x0006,77,52 49 10 11,0,129,natural,59,,,0,0,,,,,0x102e208 FUN_0102e208,not created (refused or already running at higher priority),code
103,0x10227e0,0x0006,0,,60,158,natural,1034,,lampfx_103,18,0,c_flash_left_ramp c_flash_pop_bumper c_flash_right_ramp,,,,0x1020074 FUN_01020074 | 0x1022608 deff_091_0_more,ends by itself after 1034 ms,observed
104,0x1023150,0x0001,0,,0,8,cap,12009,yes,lampfx_104,2,1,,,,,,loops in the ROM (period 130 ms),observed
105,0x101871c,0x0006,0,,0,176,natural,65,,,0,0,,,,,0x10185e0 deff_092_starscream,"no lamps of its own in the capture (draws from game state, needs a parameter, or controls other outputs)",code
106,0x10188cc,0x0001,0,,0,8,cap,12009,yes,lampfx_106,1,6,,,,,,sets this lamp state and holds it until stopped,observed
107,0x1018d28,0x0006,0,,1,176,natural,1830,,lampfx_107,17,0,c_flash_bumblebee c_flash_center_lane_arrow c_flash_decepticon c_flash_left_ramp c_flash_megatron c_flash_optimus_prime c_flash_pop_bumper c_flash_right_ramp c_flash_right_side c_flash_slingshot_left c_flash_slingshot_right,,,,0x10189a8 deff_094,ends by itself after 1830 ms,observed
108,0x1018ea4,0x0006,0,,0,178,natural,59,,,0,0,,,,,0x1018d38 deff_095_starscream,"no lamps of its own in the capture (draws from game state, needs a parameter, or controls other outputs)",code
109,0x101f3b0,0x0006,0,,0,176,natural,65,,,0,0,,,,,0x101f274 deff_096,"no lamps of its own in the capture (draws from game state, needs a parameter, or controls other outputs)",code
110,0x101f5ec,0x0001,0,,0,8,cap,12009,yes,lampfx_110,1,6,,,,,,sets this lamp state and holds it until stopped,observed
111,0x101fa38,0x0006,0,,1,176,natural,1830,,lampfx_111,16,0,c_flash_bumblebee c_flash_center_lane_arrow c_flash_decepticon c_flash_left_ramp c_flash_megatron c_flash_optimus_prime c_flash_pop_bumper c_flash_right_ramp c_flash_right_side c_flash_slingshot_left c_flash_slingshot_right,,,,0x101f6c8 deff_098,ends by itself after 1830 ms,observed
112,0x101fbac,0x0006,0,,0,178,natural,59,,,0,0,,,,,0x101fa48 deff_099_shockwave,"no lamps of its own in the capture (draws from game state, needs a parameter, or controls other outputs)",code
113,0x101d8a8,0x0006,0,,0,176,natural,65,,,0,0,,,,,0x101d768 deff_100_blackout,"no lamps of its own in the capture (draws from game state, needs a parameter, or controls other outputs)",code
114,0x101da60,0x0001,0,,0,8,cap,12009,yes,lampfx_114,1,6,,,,,,sets this lamp state and holds it until stopped,observed
115,0x101dfa4,0x0006,0,,1,176,natural,1830,,lampfx_115,17,0,c_flash_bumblebee c_flash_center_lane_arrow c_flash_decepticon c_flash_left_ramp c_flash_megatron c_flash_optimus_prime c_flash_pop_bumper c_flash_right_ramp c_flash_right_side c_flash_slingshot_left c_flash_slingshot_right,,,,0x101dc18 deff_102,ends by itself after 1830 ms,observed
116,0x101e120,0x0006,0,,0,178,natural,59,,,0,0,,,,,0x101dfb4 deff_103_blackout,"no lamps of its own in the capture (draws from game state, needs a parameter, or controls other outputs)",code
117,0x1016d78,0x0006,0,,0,176,natural,64,,,0,0,,,,,0x1016c24 deff_104_devastator,"no lamps of its own in the capture (draws from game state, needs a parameter, or controls other outputs)",code
118,0x1016f94,0x0001,0,,0,8,cap,12006,yes,lampfx_118,1,6,,,,,,sets this lamp state and holds it until stopped,observed
119,0x1017450,0x0006,0,,1,176,natural,1830,,lampfx_119,17,0,c_flash_bumblebee c_flash_center_lane_arrow c_flash_decepticon c_flash_left_ramp c_flash_megatron c_flash_optimus_prime c_flash_pop_bumper c_flash_right_ramp c_flash_right_side c_flash_slingshot_left c_flash_slingshot_right,,,,0x10170b8 deff_106,ends by itself after 1830 ms,observed
120,0x1016250,0x0006,109,12 13 14 15 16 17 18 19 47 46 45 44 43 42 41 40 31 32 33 34 36 37 38 39,0,176,natural,823,,lampfx_120,30,28,,,,,0x10161e4 FUN_010161e4,ends by itself after 823 ms,observed
121,0x10175d8,0x0006,0,,0,178,natural,65,,,0,0,,,,,0x1017460 deff_107_devastator,"no lamps of its own in the capture (draws from game state, needs a parameter, or controls other outputs)",code
122,0x1015180,0x0006,0,,0,176,natural,60,,,0,0,,,,,0x101504c deff_108,"no lamps of its own in the capture (draws from game state, needs a parameter, or controls other outputs)",code
123,0x1015408,0x0001,0,,0,8,cap,12015,yes,lampfx_123,1,7,,,,,,sets this lamp state and holds it until stopped,observed
124,0x1015510,0x0001,0,,46,8,cap,12015,yes,,0,0,,,,,,"no lamps of its own in the capture (draws from game state, needs a parameter, or controls other outputs)",code
125,0x1015894,0x0006,0,,1,176,natural,1834,,lampfx_125,16,0,c_flash_bumblebee c_flash_center_lane_arrow c_flash_decepticon c_flash_left_ramp c_flash_megatron c_flash_optimus_prime c_flash_pop_bumper c_flash_right_ramp c_flash_right_side c_flash_slingshot_left c_flash_slingshot_right,,,,0x101555c deff_110,ends by itself after 1834 ms,observed
126,0x1015a10,0x0006,0,,0,178,natural,60,,,0,0,,,,,0x10158a4 deff_111,"no lamps of its own in the capture (draws from game state, needs a parameter, or controls other outputs)",code
127,0x101bf5c,0x0006,0,,0,176,natural,59,,,0,0,,,,,0x101be20 deff_112_ironhide,"no lamps of its own in the capture (draws from game state, needs a parameter, or controls other outputs)",code
128,0x101c12c,0x0001,0,,0,8,cap,12010,yes,lampfx_128,2,6,,,,,,loops in the ROM (period 97 ms); lead-in of 49 ms left out,observed
129,0x101c580,0x0006,0,,1,176,natural,1829,,lampfx_129,16,0,c_flash_bumblebee c_flash_center_lane_arrow c_flash_decepticon c_flash_left_ramp c_flash_megatron c_flash_optimus_prime c_flash_pop_bumper c_flash_right_ramp c_flash_right_side c_flash_slingshot_left c_flash_slingshot_right,,,,0x101c208 deff_114,ends by itself after 1829 ms,observed
130,0x101c6fc,0x0006,0,,0,178,natural,65,,,0,0,,,,,0x101c590 deff_115_ironhide,"no lamps of its own in the capture (draws from game state, needs a parameter, or controls other outputs)",code
131,0x101a244,0x0006,0,,0,176,natural,59,,,0,0,,,,,0x101a104 deff_116_mudflap,"no lamps of its own in the capture (draws from game state, needs a parameter, or controls other outputs)",code
132,0x101a45c,0x0001,0,,0,8,cap,12019,yes,lampfx_132,1,6,,,,,,sets this lamp state and holds it until stopped,observed
133,0x101a8cc,0x0006,0,,1,176,natural,1829,,lampfx_133,16,0,c_flash_bumblebee c_flash_center_lane_arrow c_flash_decepticon c_flash_left_ramp c_flash_megatron c_flash_optimus_prime c_flash_pop_bumper c_flash_right_ramp c_flash_right_side c_flash_slingshot_left c_flash_slingshot_right,,,,0x101a538 deff_118,ends by itself after 1829 ms,observed
134,0x101aa54,0x0006,0,,0,178,natural,60,,,0,0,,,,,0x101a8dc deff_119,"no lamps of its own in the capture (draws from game state, needs a parameter, or controls other outputs)",code
135,0x1013768,0x0006,0,,0,176,natural,59,,,0,0,,,,,0x1013628 deff_120_ratchet,"no lamps of its own in the capture (draws from game state, needs a parameter, or controls other outputs)",code
136,0x1013918,0x0001,0,,0,8,cap,12018,yes,lampfx_136,1,6,,,,,,sets this lamp state and holds it until stopped,observed
137,0x1013d8c,0x0006,0,,1,176,natural,1830,,lampfx_137,17,0,c_flash_bumblebee c_flash_center_lane_arrow c_flash_decepticon c_flash_left_ramp c_flash_megatron c_flash_optimus_prime c_flash_pop_bumper c_flash_right_ramp c_flash_right_side c_flash_slingshot_left c_flash_slingshot_right,,,,0x1013a1c deff_122,ends by itself after 1830 ms,observed
138,0x1013f08,0x0006,0,,0,178,natural,60,,,0,0,,,,,0x1013d9c deff_123_ratchet,"no lamps of its own in the capture (draws from game state, needs a parameter, or controls other outputs)",code
139,0x100999c,0x0006,0,,0,128,natural,140,,,0,0,,,,,0x10309a4 FUN_010309a4,"no lamps of its own in the capture (draws from game state, needs a parameter, or controls other outputs)",code
140,0x1030ef4,0x0006,0,,12,128,natural,340,,lampfx_140,3,0,c_flash_left_ramp c_flash_right_ramp,,,,0x10309a4 FUN_010309a4,ends by itself after 340 ms,observed
141,0x1009a58,0x0006,0,,0,128,natural,140,,,0,0,,,,,0x10309a4 FUN_010309a4,"no lamps of its own in the capture (draws from game state, needs a parameter, or controls other outputs)",code
142,0x1009ab0,0x0006,135,48 54 35,0,129,natural,802,,lampfx_142,10,7,,,,,0x10309a4 FUN_010309a4,ends by itself after 802 ms,observed
143,0x100999c,0x0006,0,,0,128,natural,140,,,0,0,,,,,0x102e9c0 FUN_0102e9c0,"no lamps of its own in the capture (draws from game state, needs a parameter, or controls other outputs)",code
144,0x102ed54,0x0006,0,,13,128,natural,335,,lampfx_144,3,0,c_flash_right_side,,,,0x10047b8 FUN_010047b8 | 0x102e9c0 FUN_0102e9c0,ends by itself after 335 ms,observed
145,0x1009a58,0x0006,0,,0,128,natural,140,,,0,0,,,,,0x10047b8 FUN_010047b8,"no lamps of its own in the capture (draws from game state, needs a parameter, or controls other outputs)",code
146,0x1009ab0,0x0006,136,21 20,0,129,natural,796,,lampfx_146,10,6,,,,,,ends by itself after 796 ms,observed
147,0x102eebc,0x0001,0,,0,5,cap,12010,yes,lampfx_147,4,2,,,,,,loops in the ROM (period 585 ms),observed
148,0x102ef90,0x0001,0,,14,5,cap,12009,yes,,0,0,,,,,,"no lamps of its own in the capture (draws from game state, needs a parameter, or controls other outputs)",code
149,0x1001a08,0x0006,0,,40,129,natural,238,,lampfx_149,2,0,c_flash_left_ramp c_flash_right_ramp,,,,0x10019c8 FUN_010019c8,ends by itself after 238 ms,observed
150,0x1002474,0x0006,0,,41,130,natural,579,,lampfx_150,5,0,c_flash_left_ramp c_flash_right_ramp,,,,0x10023e8 deff_128,ends by itself after 579 ms,observed
151,0x100252c,0x0001,0,,0,9,cap,12010,yes,lampfx_151,4,1,,,,,,loops in the ROM (period 975 ms),observed
152,0x1032460,0x0006,0,,43,133,natural,140,,lampfx_152,1,0,c_flash_right_side,,,,0x10320a4 FUN_010320a4,ends by itself after 140 ms,observed
153,0x10327b4,0x0006,0,,1,176,natural,1835,,lampfx_153,16,0,c_flash_bumblebee c_flash_center_lane_arrow c_flash_decepticon c_flash_left_ramp c_flash_megatron c_flash_optimus_prime c_flash_pop_bumper c_flash_right_ramp c_flash_right_side c_flash_slingshot_left c_flash_slingshot_right,,,,0x103267c deff_146_super,ends by itself after 1835 ms,observed
154,0x10327bc,0x0001,0,,44,7,cap,12004,yes,,0,0,,,,,,"no lamps of its own in the capture (draws from game state, needs a parameter, or controls other outputs)",code
155,0x1032b7c,0x0006,0,,45,159,natural,140,,lampfx_155,1,0,c_flash_right_ramp c_flash_right_side,,,,0x10320a4 FUN_010320a4,ends by itself after 140 ms,observed
156,0x1003dac,0x0006,0,,47,176,natural,335,,lampfx_156,11,1,c_flash_left_ramp c_flash_right_ramp,,,,0x10039a0 FUN_010039a0,ends by itself after 335 ms,observed
157,0x1003f20,0x0005,0,,48,8,cap,12006,yes,,0,0,,,,,,"no lamps of its own in the capture (draws from game state, needs a parameter, or controls other outputs)",code
158,0x1004f8c,0x0006,139,21 20,1,176,natural,1830,,lampfx_158,58,6,c_flash_bumblebee c_flash_center_lane_arrow c_flash_decepticon c_flash_left_ramp c_flash_megatron c_flash_optimus_prime c_flash_pop_bumper c_flash_right_ramp c_flash_right_side c_flash_slingshot_left c_flash_slingshot_right,,,,0x1004de8 deff_132_fast,ends by itself after 1830 ms,observed
159,0x1004a44,0x0001,0,,0,7,cap,12015,yes,lampfx_159,2,2,,,,,,loops in the ROM (period 162 ms),observed
160,0x1004b34,0x0001,0,,49,7,cap,12009,yes,,0,0,,,,,,"no lamps of its own in the capture (draws from game state, needs a parameter, or controls other outputs)",code
161,0x10048c8,0x0006,0,,50,159,natural,336,,lampfx_161,1,0,c_flash_right_side,,,,,ends by itself after 336 ms,observed
162,0x1009a58,0x0006,0,,0,158,natural,140,,,0,0,,,,,,"no lamps of its own in the capture (draws from game state, needs a parameter, or controls other outputs)",code
163,0x10058d4,0x0006,140,21 20,1,160,natural,1830,,lampfx_163,58,6,c_flash_bumblebee c_flash_center_lane_arrow c_flash_decepticon c_flash_left_ramp c_flash_megatron c_flash_optimus_prime c_flash_pop_bumper c_flash_right_ramp c_flash_right_side c_flash_slingshot_left c_flash_slingshot_right,,,,0x1005648 deff_136_all_targets_00,ends by itself after 1830 ms,observed
164,0x1005470,0x0006,0,,0,176,natural,81,,,0,0,,,,,0x1004644 FUN_01004644,"no lamps of its own in the capture (draws from game state, needs a parameter, or controls other outputs)",code
165,0x1005a44,0x0006,0,,1,178,natural,4443,,lampfx_165,36,0,c_flash_bumblebee c_flash_center_lane_arrow c_flash_decepticon c_flash_left_ramp c_flash_megatron c_flash_optimus_prime c_flash_pop_bumper c_flash_right_ramp c_flash_right_side c_flash_slingshot_left c_flash_slingshot_right,,,,0x1005910 deff_137,ends by itself after 4443 ms,observed
166,0x100b414,0x0006,0,,51,144,natural,1570,,lampfx_166,16,0,c_flash_megatron,,,,0x100b2f0 deff_138_0_more,ends by itself after 1570 ms,observed
167,0x100b540,0x0006,0,,52,145,natural,530,,lampfx_167,3,0,c_flash_megatron,,,,0x100af0c FUN_0100af0c | 0x100b468 deff_139,ends by itself after 530 ms,observed
168,0x100bbac,0x0006,0,,1,177,natural,4950,,lampfx_168,50,0,c_flash_bumblebee c_flash_center_lane_arrow c_flash_decepticon c_flash_left_ramp c_flash_megatron c_flash_optimus_prime c_flash_pop_bumper c_flash_right_ramp c_flash_right_side c_flash_slingshot_left c_flash_slingshot_right,,,,0x100b7f0 deff_140,ends by itself after 4950 ms,observed
169,0x100999c,0x0006,0,,0,128,natural,141,,,0,0,,,,,0x1025de4 FUN_01025de4,"no lamps of its own in the capture (draws from game state, needs a parameter, or controls other outputs)",code
170,0x10264b8,0x0006,0,,53,128,natural,563,,lampfx_170,17,0,c_flash_optimus_prime,,,,0x1025de4 FUN_01025de4,ends by itself after 563 ms,observed
171,0x1009a58,0x0006,0,,0,128,natural,140,,,0,0,,,,,,"no lamps of its own in the capture (draws from game state, needs a parameter, or controls other outputs)",code
172,0x1009ab0,0x0006,142,59,0,129,natural,790,,lampfx_172,10,5,,,,,,ends by itself after 790 ms,observed
173,0x102650c,0x0006,0,,54,160,natural,3139,,lampfx_173,96,0,c_flash_decepticon c_flash_optimus_prime c_flash_right_side,,,,,ends by itself after 3139 ms,observed
174,0x1026e34,0x0006,0,,55,160,natural,3526,,lampfx_174,36,0,c_flash_decepticon c_flash_right_side,,,,0x10269d8 deff_142,ends by itself after 3526 ms,observed
175,0x1026f44,0x0001,0,,0,7,cap,12009,yes,lampfx_175,2,1,,,,,,loops in the ROM (period 130 ms),observed
176,0x1026fb0,0x0001,0,,56,7,cap,12004,yes,,0,0,,,,,,"no lamps of its own in the capture (draws from game state, needs a parameter, or controls other outputs)",code
177,0x1027024,0x0005,0,,57,7,cap,12014,yes,,0,0,,,,,,"no lamps of its own in the capture (draws from game state, needs a parameter, or controls other outputs)",code
178,0x1027384,0x0006,0,,58,162,natural,595,,lampfx_178,18,0,c_flash_left_ramp c_flash_optimus_prime c_flash_right_ramp,,,,0x10262f0 FUN_010262f0,ends by itself after 595 ms,observed
