trigger,rom_function,call_site,on_ms_or_pattern,condition,evidence
"combo award N-WAY COMBO (deff 48; no starter found, see combos_and_multipliers.md)",deff_048 0x01003354,0x01003378,384 (pattern 2),"adj 96 = 3 (MAXIMAL, default); at the start of the display effect",code only (deff never seen in traces)
double scoring starts (deff 129 DOUBLE SCORING),deff_129 0x01003c5c,0x01003c78,384 (pattern 2),adj 96 >= 2 (MODERATE/MAXIMAL); at the start of the display effect,scoring.jsonl 60.00 (deff 129) 390 ms
2-bank completed: FAST SCORING READY (deff 131),deff_131 0x01004ba8,0x01004bc4,384 (pattern 2),adj 96 >= 2 (MODERATE/MAXIMAL); at the start of the display effect,scoring.jsonl 123.53 390 ms
fast scoring starts (deff 132),deff_132 0x01004de8,0x01004e30,384 (pattern 2),adj 96 >= 2 (MODERATE/MAXIMAL); at the start of the display effect,scoring.jsonl 125.63 390 ms
fast scoring value raised by a 2-bank hit (deff 135 ALL TARGETS),deff_135 0x010054f8,0x01005514,384 (pattern 2),adj 96 >= 2 (MODERATE/MAXIMAL); at the start of the display effect,code only
fast scoring TIME EXTENDED (deff 136),deff_136 0x01005648,0x01005684,384 (pattern 2),adj 96 >= 2 (MODERATE/MAXIMAL); at the start of the display effect,code only
fast scoring all-targets award (every switch hit while fast scoring runs),"FUN_01004644 (tail call to 0x010307a0 with 1,3)",0x01004750,200 (pattern 1),"adj 96 = 3 (MAXIMAL, default)",scoring.jsonl 160.41 (deff 134) 210 ms
Megatron lock: BALL n LOCKED (deff 140),deff_140 0x0100b7f0,0x0100b858,384 (pattern 2),"adj 96 = 3 (MAXIMAL, default); at the start of the display effect",megatron_autobot.jsonl 18.73 390 ms (x7 in that trace)
Megatron A (Autobot) multiball intro (deff 69),deff_069 0x0100c9e4,0x0100ca24,384 (pattern 2),adj 96 >= 2 (MODERATE/MAXIMAL); at the start of the display effect,megatron_autobot.jsonl 36.89 390 ms
Megatron A jackpot (deff 71),deff_071 0x0100d214,0x0100d274,384 (pattern 2),adj 96 >= 2 (MODERATE/MAXIMAL); at the start of the display effect,megatron_autobot.jsonl 49.06 390 ms
Megatron A double jackpot (deff 72),deff_072 0x0100d550,0x0100d5ac,384 (pattern 2),adj 96 >= 2 (MODERATE/MAXIMAL); at the start of the display effect,megatron_autobot.jsonl 51.51 390-400 ms
Megatron A super jackpot (deff 73),deff_073 0x0100d7bc,0x0100d800,1024 (pattern 3),adj 96 >= 1 (MINIMAL/MODERATE/MAXIMAL); at the start of the display effect,megatron_autobot.jsonl 76.93 1060 ms
Megatron D (Decepticon) multiball intro (deff 75),deff_075 0x0100e890,0x0100e8cc,384 (pattern 2),adj 96 >= 2 (MODERATE/MAXIMAL); at the start of the display effect,megatron_decepticon.jsonl 29.66 390 ms
Megatron D jackpot (deff 77),deff_077 0x0100f3b4,0x0100f408,384 (pattern 2),adj 96 >= 2 (MODERATE/MAXIMAL); at the start of the display effect,megatron_decepticon.jsonl 38.09 390-400 ms
Megatron D double jackpot (deff 78),deff_078 0x0100f6dc,0x0100f73c,384 (pattern 2),adj 96 >= 2 (MODERATE/MAXIMAL); at the start of the display effect,megatron_decepticon.jsonl 58.33 390-400 ms
Megatron D super jackpot (deff 79),deff_079 0x0100f958,0x0100f9a4,1024 (pattern 3),adj 96 >= 1 (MINIMAL/MODERATE/MAXIMAL); at the start of the display effect,megatron_decepticon.jsonl 66.91 1050 ms
side mode (All Hail Megatron / Autobots Roll Out) intro (deff 81),deff_081 0x01010544,0x01010584,1024 (pattern 3),adj 96 >= 1 (MINIMAL/MODERATE/MAXIMAL); at the start of the display effect,wizard_all_hail_megatron.jsonl 18.16 1040 ms
side mode shot hit (deff 83 character + value),deff_083 0x01011750,0x01011798,384 (pattern 2),adj 96 >= 2 (MODERATE/MAXIMAL); at the start of the display effect,wizard_all_hail_megatron.jsonl 26.35 / 33.46 390 ms
side mode completed / super (deff 84),deff_084 0x01011a54,0x01011a8c,1024 (pattern 3),adj 96 >= 1 (MINIMAL/MODERATE/MAXIMAL); at the start of the display effect,wizard_all_hail_megatron.jsonl 64.23 1030 ms
Starscream battle intro (deff 92),deff_092 0x010185e0,0x01018634,384 (pattern 2),adj 96 >= 2 (MODERATE/MAXIMAL); at the start of the display effect,battle_starscream.jsonl 25.15 390 ms
Starscream battle hit (deff 94),deff_094 0x010189a8,0x01018a38,384 (pattern 2),adj 96 >= 2 (MODERATE/MAXIMAL); at the start of the display effect,battle_starscream.jsonl 32.31 390 ms
Shockwave battle intro (deff 96),deff_096 0x0101f274,0x0101f2c8,384 (pattern 2),adj 96 >= 2 (MODERATE/MAXIMAL); at the start of the display effect,battle_shockwave.jsonl 26.18 390 ms
Shockwave battle hit (deff 98),deff_098 0x0101f6c8,0x0101f6f8,384 (pattern 2),adj 96 >= 2 (MODERATE/MAXIMAL); at the start of the display effect,battle_shockwave.jsonl 34.08 390 ms
Blackout battle intro (deff 100),deff_100 0x0101d768,0x0101d7b8,384 (pattern 2),adj 96 >= 2 (MODERATE/MAXIMAL); at the start of the display effect,battle_blackout.jsonl 26.18 390 ms
Blackout battle hit (deff 102),deff_102 0x0101dc18,0x0101dc48,384 (pattern 2),adj 96 >= 2 (MODERATE/MAXIMAL); at the start of the display effect,battle_blackout.jsonl 34.08 390 ms
Devastator battle intro (deff 104),deff_104 0x01016c24,0x01016c78,384 (pattern 2),adj 96 >= 2 (MODERATE/MAXIMAL); at the start of the display effect,battle_devastator.jsonl 26.16 390 ms
Devastator battle hit (deff 106),deff_106 0x010170b8,0x010170e8,384 (pattern 2),adj 96 >= 2 (MODERATE/MAXIMAL); at the start of the display effect,battle_devastator.jsonl 33.33 390 ms
Bumblebee battle intro (deff 108),deff_108 0x0101504c,0x01015094,384 (pattern 2),adj 96 >= 2 (MODERATE/MAXIMAL); at the start of the display effect,battle_bumblebee.jsonl 26.35 390 ms
Bumblebee battle hit (deff 110),deff_110 0x0101555c,0x0101558c,384 (pattern 2),adj 96 >= 2 (MODERATE/MAXIMAL); at the start of the display effect,battle_bumblebee.jsonl 34.24 390 ms
Ironhide battle intro (deff 112),deff_112 0x0101be20,0x0101be74,384 (pattern 2),adj 96 >= 2 (MODERATE/MAXIMAL); at the start of the display effect,battle_ironhide.jsonl 27.37 390 ms
Ironhide battle hit (deff 114),deff_114 0x0101c208,0x0101c238,384 (pattern 2),adj 96 >= 2 (MODERATE/MAXIMAL); at the start of the display effect,battle_ironhide.jsonl 37.71 390 ms
Mudflap & Skids multiball intro (deff 116),deff_116 0x0101a104,0x0101a158,384 (pattern 2),adj 96 >= 2 (MODERATE/MAXIMAL); at the start of the display effect,battle_mudflap.jsonl 27.36 390 ms
Mudflap & Skids hit (deff 118),deff_118 0x0101a538,0x0101a568,384 (pattern 2),adj 96 >= 2 (MODERATE/MAXIMAL); at the start of the display effect,battle_mudflap.jsonl 37.53 390 ms
Ratchet battle intro (deff 120),deff_120 0x01013628,0x0101367c,384 (pattern 2),adj 96 >= 2 (MODERATE/MAXIMAL); at the start of the display effect,battle_ratchet.jsonl 27.36 390 ms
Ratchet battle hit (deff 122),deff_122 0x01013a1c,0x01013a4c,384 (pattern 2),adj 96 >= 2 (MODERATE/MAXIMAL); at the start of the display effect,battle_ratchet.jsonl 34.53 390 ms
mode-start shot hit: N MORE FOR MODE START (deff 91),deff_091 0x01022608,0x01022634,200 (pattern 1),"adj 96 = 3 (MAXIMAL, default); at the start of the display effect",battle_blackout.jsonl 19.61 200 ms (x33 across traces)
Allspark mystery award collected (deff 52),deff_052 0x01024524,0x0102455c,200 (pattern 1),adj 96 >= 2 (MODERATE/MAXIMAL); at the start of the display effect,allspark_energon.jsonl 30.10 200 ms
Optimus target hit: N MORE TO ACCESS OPTIMUS (deff 141),deff_141 0x01025f18,0x01025f28,200 (pattern 1),"adj 96 = 3 (MAXIMAL, default); at the start of the display effect",optimus_autobot.jsonl 19.81 200 ms
Optimus battle start: DESTROY OPTIMUS PRIME (deff 142),deff_142 0x010269d8,0x01026a08,384 (pattern 2),adj 96 >= 2 (MODERATE/MAXIMAL); at the start of the display effect,optimus_autobot.jsonl 24.16 390 ms
Optimus battle hit: N MORE TO START OPTIMUS MULTIBALL (deff 144),deff_144 0x0102712c,0x0102713c,384 (pattern 2),adj 96 >= 2 (MODERATE/MAXIMAL); at the start of the display effect,optimus_autobot.jsonl 28.41 390 ms
Optimus A (Autobot) multiball intro (deff 57),deff_057 0x010280bc,0x01028100,384 (pattern 2),adj 96 >= 2 (MODERATE/MAXIMAL); at the start of the display effect,optimus_autobot.jsonl 36.26 390 ms
Optimus A jackpot (deff 59),deff_059 0x01028950,0x010289b4,384 (pattern 2),adj 96 >= 2 (MODERATE/MAXIMAL); at the start of the display effect,optimus_autobot.jsonl 41.06 390-400 ms
Optimus A double jackpot (deff 60),deff_060 0x01028da0,0x01028dd8,384 (pattern 2),adj 96 >= 2 (MODERATE/MAXIMAL); at the start of the display effect,optimus_autobot.jsonl 45.40 390-400 ms
Optimus A super jackpot (deff 61),deff_061 0x01029014,0x01029050,1024 (pattern 3),adj 96 >= 1 (MINIMAL/MODERATE/MAXIMAL); at the start of the display effect,optimus_autobot.jsonl 74.66 1040 ms
Optimus D (Decepticon) multiball intro (deff 63),deff_063 0x0102a1b8,0x0102a1f0,384 (pattern 2),adj 96 >= 2 (MODERATE/MAXIMAL); at the start of the display effect,optimus_decepticon.jsonl 37.20 390 ms
Optimus D jackpot (deff 65),deff_065 0x0102aa70,0x0102aac8,384 (pattern 2),adj 96 >= 2 (MODERATE/MAXIMAL); at the start of the display effect,optimus_decepticon.jsonl 39.79 390-400 ms
Optimus D double jackpot (deff 66),deff_066 0x0102ad30,0x0102ad6c,384 (pattern 2),adj 96 >= 2 (MODERATE/MAXIMAL); at the start of the display effect,optimus_decepticon.jsonl 42.03 390 ms
Optimus D super jackpot (deff 67),deff_067 0x0102af98,0x0102afd4,1024 (pattern 3),adj 96 >= 1 (MINIMAL/MODERATE/MAXIMAL); at the start of the display effect,optimus_decepticon.jsonl 69.08 1060 ms
SUPER POP BUMPERS LIT (deff 149),deff_149 0x0102d3e0,0x0102d42c,384 (pattern 2),adj 96 >= 2 (MODERATE/MAXIMAL); at the start of the display effect,allspark_energon.jsonl 50.66 390 ms
SUPER SPINNER LIT (deff 146),deff_146 0x0103267c,0x010326c8,384 (pattern 2),adj 96 >= 2 (MODERATE/MAXIMAL); at the start of the display effect,code only
wizard multiball intro: BATTLE FOR CYBERTRON (deff 86),deff_086 0x010369b0,0x01036a04,1024 (pattern 3),adj 96 >= 1 (MINIMAL/MODERATE/MAXIMAL); at the start of the display effect,wizard_multiball.jsonl 40.97 1050 ms
wizard multiball shot award (deff 88),deff_088 0x01037258,0x0103729c,384 (pattern 2),adj 96 >= 2 (MODERATE/MAXIMAL); at the start of the display effect,wizard_multiball.jsonl 55.14 390 ms
SUPER WIZARD JACKPOT (deff 89),deff_089 0x010374dc,0x01037518,1024 (pattern 3),adj 96 >= 1 (MINIMAL/MODERATE/MAXIMAL); at the start of the display effect,code only
