number,name,matrix_column,matrix_row,pinmame_switch,handler,handler_arg,flags_0x0c,w_0x10,w_0x12,w_0x14,w_0x16,msg_0x18,msg_0x18_text,id_0x1a,b_0x1b,b_0x1c,desc_addr
1,BUMBLEBEE TARGET,0,0,1,0x1033adc,0,0x14000000,3,60,4,4,13,WHT-BRN,1,1,5,0x40e2c40
2,ENERGON (LEFT),0,1,2,0x1033a28,48,0x14000000,3,60,4,4,14,WHT-RED,2,1,5,0x40e2c60
3,LEFT EJECT,0,2,3,0x100a754,3,0x1fff1f80,3,50,27,4,15,WHT-ORG,3,1,5,0x40e2c80
4,L. RAMP ENTRANCE,0,3,4,0x10337e8,0,0x14000000,3,60,4,4,16,WHT-YEL,4,1,9,0x40e2ca0
5,LEFT ORBIT (BOTTOM),0,4,5,0x1033354,0,0x14000000,3,60,4,4,17,WHT-GRN,5,1,3,0x40e2cc0
6,LEFT ORBIT (TOP),0,5,6,0x10332e4,0,0x14000000,3,60,4,4,18,WHT-BLU,6,1,3,0x40e2ce0
7,RIGHT TOP LANE,0,6,7,0x103361c,0,0x24000000,3,60,4,4,19,WHT-VIO,7,1,3,0x40e2d00
8,LEFT TOP LANE,0,7,8,0x10335d0,0,0x24000000,3,60,4,4,20,WHT-GRY,8,1,3,0x40e2d20
9,NOT USED,0,8,9,,0,0x00000000,96,60,4,4,21,TAN-BLK,9,0,0,0x40e2d40
10,L. RAMP EXIT,0,9,10,0x1033824,0,0x24000000,3,60,4,4,22,TAN-RED,10,1,9,0x40e2d60
11,CENTER LANE,0,10,11,0x1033b3c,0,0x24000000,3,60,4,4,23,TAN-ORG,11,1,9,0x40e2d80
12,RIGHT ORBIT,0,11,12,0x1033530,0,0x24000000,3,60,4,4,24,TAN-YEL,12,1,3,0x40e2da0
13,MEGATRON BACK DOOR,0,12,13,0x1033c80,0,0x14000000,3,60,4,4,25,TAN-GRN,13,1,3,0x40e2dc0
14,R. RAMP EXIT,0,13,14,0x1033918,0,0x24000000,3,60,4,4,26,TAN-BLU,14,1,9,0x40e2de0
15,TOURNAMENT START,0,14,15,0x1a6fc,0,0x07ff1f80,2,0,4,4,27,TAN-VIO,15,2,2,0x40e2e00
16,START BUTTON,0,15,16,0x1a6e4,0,0x07ff1f80,2,0,4,4,28,TAN-WHT,16,2,2,0x40e2e20
17,NOT USED,1,0,17,,0,0x00000000,96,60,4,5,13,WHT-BRN,17,0,0,0x40e2e40
18,TROUGH #4 (L),1,1,18,0x1039ad8,1,0x0fff1f80,3,3,25,5,14,WHT-RED,18,2,2,0x40e2e60
19,TROUGH #3,1,2,19,0x1039ad8,1,0x0fff1f80,3,3,25,5,15,WHT-ORG,19,2,2,0x40e2e80
20,TROUGH #2,1,3,20,0x1039ad8,1,0x0fff1f80,3,3,25,5,16,WHT-YEL,20,2,2,0x40e2ea0
21,TROUGH #1 (R),1,4,21,0x1039ad8,1,0x0fff1f80,131,3,25,5,17,WHT-GRN,21,2,2,0x40e2ec0
22,TROUGH JAM,1,5,22,0x1039ad8,1,0x0fff1f80,1155,0,25,5,18,WHT-BLU,22,2,2,0x40e2ee0
23,SHOOTER LANE,1,6,23,0x1032dfc,2,0x0fff1f80,3,3,26,5,19,WHT-VIO,23,2,5,0x40e2f00
24,LEFT OUTLANE,1,7,24,0x1033670,8,0x24000000,3,60,4,5,20,WHT-GRY,24,1,3,0x40e2f20
25,LEFT RETURN LANE,1,8,25,0x10336f0,9,0x24000000,3,60,4,5,21,TAN-BLK,25,1,3,0x40e2f40
26,LEFT SLINGSHOT,1,9,26,0x1033104,0,0x04000000,3,60,4,5,22,TAN-RED,26,1,4,0x40e2f60
27,RIGHT SLINGSHOT,1,10,27,0x10331a4,0,0x04000000,3,60,4,5,23,TAN-ORG,27,1,4,0x40e2f80
28,RIGHT RETURN LANE,1,11,28,0x1033728,10,0x24000000,3,60,4,5,24,TAN-YEL,28,1,3,0x40e2fa0
29,RIGHT OUTLANE,1,12,29,0x1033764,11,0x24000000,3,60,4,5,25,TAN-GRN,29,1,3,0x40e2fc0
30,TOP BUMPER,1,13,30,0x1032f8c,0,0x04000000,3,60,4,5,26,TAN-BLU,30,1,2,0x40e2fe0
31,RIGHT BUMPER,1,14,31,0x1032f8c,1,0x04000000,3,60,4,5,27,TAN-VIO,31,1,2,0x40e3000
32,BOTTOM BUMPER,1,15,32,0x1032f8c,2,0x04000000,3,60,4,5,28,TAN-WHT,32,1,2,0x40e3020
33,NOT USED,2,0,33,,0,0x00000000,96,60,4,6,13,WHT-BRN,33,0,0,0x40e3040
34,RIGHT ORBIT SPINNER,2,1,34,0x1033a08,0,0x24000000,3,60,4,6,14,WHT-RED,34,1,1,0x40e3060
35,R. RAMP ENTRANCE,2,2,35,0x10338dc,0,0x14000000,3,60,4,6,15,WHT-ORG,35,1,9,0x40e3080
36,NOT USED,2,3,36,,0,0x00000000,96,60,4,6,16,WHT-YEL,36,0,0,0x40e30a0
37,R. 2 BANK TARGET-BOT,2,4,37,0x1033c40,20,0x14000000,3,60,4,6,17,WHT-GRN,37,1,5,0x40e30c0
38,MEGATRON LOCK #4,2,5,38,0x100a2dc,4,0x1fff1f80,3,0,28,6,18,WHT-BLU,38,1,5,0x40e30e0
39,MEGATRON LOCK #3,2,6,39,0x100a2dc,4,0x1fff1f80,3,0,28,6,19,WHT-VIO,39,1,5,0x40e3100
40,MEGATRON LOCK #2,2,7,40,0x100a2dc,4,0x1fff1f80,3,0,28,6,20,WHT-GRY,40,1,5,0x40e3120
41,M.TRON LOCK #1-BACK,2,8,41,0x100a2dc,4,0x1fff1f80,3,0,28,6,21,TAN-BLK,41,1,5,0x40e3140
42,MEGATRON JAM,2,9,42,0x100a2dc,4,0x1fff1f80,3,0,28,6,22,TAN-RED,42,2,2,0x40e3160
43,OPTIMUS PRIME UP,2,10,43,0x10339d0,0,0x07ff0000,34,60,4,6,23,TAN-ORG,43,0,0,0x40e3180
44,OPTIMUS PRIME DOWN,2,11,44,0x10339ec,0,0x07ff0000,34,60,4,6,24,TAN-YEL,44,0,0,0x40e31a0
45,CAPTIVE BALL,2,12,45,0x1033b14,0,0x1fff0000,3,60,4,6,25,TAN-GRN,45,3,3,0x40e31c0
46,ENERGON (RIGHT),2,13,46,0x1033aa0,35,0x14000000,3,60,4,6,26,TAN-BLU,46,1,5,0x40e31e0
47,NOT USED,2,14,47,,0,0x00000000,96,60,4,6,27,TAN-VIO,47,0,0,0x40e3200
48,NOT USED,2,15,48,,0,0x00000000,96,60,4,6,28,TAN-WHT,48,0,0,0x40e3220
49,ENERGON (CENTER),3,0,49,0x1033a64,54,0x14000000,3,60,4,7,13,WHT-BRN,49,1,5,0x40e3240
50,R. 2 BANK TARGET-TOP,3,1,50,0x1033c00,21,0x14000000,3,60,4,7,14,WHT-RED,50,1,5,0x40e3260
51,OPTIMUS PRIME,3,2,51,0x1033d3c,0,0x18000000,5,60,4,7,15,WHT-ORG,51,0,0,0x40e3280
52,NOT USED,3,3,52,,0,0x00000000,96,60,4,7,16,WHT-YEL,52,0,0,0x40e32a0
53,NOT USED,3,4,53,,0,0x00000000,96,60,4,7,17,WHT-GRN,53,0,0,0x40e32c0
54,NOT USED,3,5,54,,0,0x00000000,96,60,4,7,18,WHT-BLU,54,0,0,0x40e32e0
55,NOT USED,3,6,55,,0,0x00000000,96,60,4,7,19,WHT-VIO,55,0,0,0x40e3300
56,NOT USED,3,7,56,,0,0x00000000,96,60,4,7,20,WHT-GRY,56,0,0,0x40e3320
57,NOT USED,3,8,57,,0,0x00000000,96,60,4,7,21,TAN-BLK,57,0,0,0x40e3340
58,NOT USED,3,9,58,,0,0x00000000,96,60,4,7,22,TAN-RED,58,0,0,0x40e3360
59,NOT USED,3,10,59,,0,0x00000000,96,60,4,7,23,TAN-ORG,59,0,0,0x40e3380
60,NOT USED,3,11,60,,0,0x00000000,96,60,4,7,24,TAN-YEL,60,0,0,0x40e33a0
61,NOT USED,3,12,61,,0,0x00000000,96,60,4,7,25,TAN-GRN,61,0,0,0x40e33c0
62,NOT USED,3,13,62,,0,0x00000000,96,60,4,7,26,TAN-BLU,62,0,0,0x40e33e0
63,NOT USED,3,14,63,,0,0x00000000,96,60,4,7,27,TAN-VIO,63,0,0,0x40e3400
64,NOT USED,3,15,64,,0,0x00000000,96,60,4,7,28,TAN-WHT,64,0,0,0x40e3420
