deff,function,helper,font,flags,x,y,msg_id,text,call_site,args,args_observed,font_list
2,0x1040050 deff_002_use_to_adjust_volume,text_draw_msg_fit,0x40c9c20,2,0x40,0x1f,151,USE -/+ TO ADJUST VOLUME,1040100,,,2 0
2,0x1040050 deff_002_use_to_adjust_volume,text_printf_msg,0xc,2,0x40,10,150,VOLUME %d,1040134,%d FUN_00025cd0()@0x25cd0 & 0xff,,
3,0x103f960 deff_003_transformers,text_printf_msg,2,2,0x40,4,586,TECHNICIAN ALERT - (%d/%d),103fa08,%d 0; %d FUN_0000e480()@0xe480,,
3,0x103f960 deff_003_transformers,text_draw_msg_page,8,2,0x40,0xe,587,NO,103fa44,,,
3,0x103f960 deff_003_transformers,text_draw_msg_page,8,2,0x40,0x17,588,TECHNICIAN ALERTS,103fa68,,,
3,0x103f960 deff_003_transformers,text_draw_msg_page,0,2,0x40,0x1f,uVar6,(message id computed at run time),103fb04,,,
3,0x103f960 deff_003_transformers,text_draw_msg_fit,0x40c9c08,2,0x40,0x1f,msg_id,(message id computed at run time),103fac4,,,2 0
3,0x103f960 deff_003_transformers,text_printf_page,2,2,0x40,5,,%s,103fb3c,%s RAM 0x30e60,,
3,0x103f960 deff_003_transformers,text_draw_str_page,2,1,0,0xb,,(auStack_a4),103fb6c,,,
3,0x103f960 deff_003_transformers,text_draw_str_page,2,2,0x40,0xb,,(auStack_90),103fba4,,,
3,0x103f960 deff_003_transformers,text_draw_str_page,2,4,0x7f,0xb,,(auStack_7c),103fbdc,,,
3,0x103f47c FUN_0103f47c,text_draw_msg_page,2,2,local_70,local_6c,local_74,(message id computed at run time),103f63c,,,
3,0x103f47c FUN_0103f47c,text_draw_msg_page,2,2,local_70,local_6c,local_74,(message id computed at run time),103f80c,,,
3,0x103f888 FUN_0103f888,text_draw_str_fit_page,&DAT_040c9c14,2,0x40,0x17,,(auStack_3c),103f8fc,,,15 12 0
3,0x103f888 FUN_0103f888,text_draw_msg_fit,0x40c9c08,2,0x40,0x1e,msg_id,(message id computed at run time),103f93c,,,2 0
4,0x103ee10 deff_004_50v_20v_disabled,text_draw_msg_page,8,2,0x40,9,467,50V / 20V DISABLED,103ee78,,,
4,0x103ee10 deff_004_50v_20v_disabled,text_draw_msg_page,8,2,0x40,9,467,50V / 20V DISABLED,103ef08,,,
4,0x103ed60 FUN_0103ed60,text_draw_msg_page,uVar1,2,0x40,0x10,468,CLOSE COIN DOOR,103edb0,,,
4,0x103ed60 FUN_0103ed60,text_draw_msg_page,uVar1,2,0x40,0x16,469,OR PULL INTERLOCK SWITCH,103edd4,,,
4,0x103ed60 FUN_0103ed60,text_draw_msg_page,uVar1,2,0x40,0x1c,470,TO RESTORE POWER,103edf8,,,
5,0x103ef30 deff_005,text_draw_str_page,uVar14,1,0,uVar12,,(pcVar7),103f08c,,,
5,0x103ef30 deff_005,text_draw_str_page,uVar14,4,0x7f,uVar12,,(auStack_34),103f0bc,,,
5,0x103ef30 deff_005,text_draw_msg_page,2,2,0x40,0x15,uVar8,(message id computed at run time),103f154,,,
5,0x103ef30 deff_005,text_draw_msg_page,2,2,0x40,0x15,uVar8,(message id computed at run time),103f19c,,,
5,0x103ef30 deff_005,text_draw_str_page,uVar14,2,0x40,uVar8,,(pcVar16),103f2f8,,,
6,0x103f3ec deff_006_0_hz,text_printf_msg,8,2,0x40,0xc,609,%06d,103f43c,%06d local_1c,0,
6,0x103f3ec deff_006_0_hz,text_printf_msg,8,2,0x40,0x19,610,%d HZ,103f464,%d local_18,0,
7,0x103ebd0 deff_007_this_machine_will_not,text_draw_msg_page,2,2,0x40,7,611,THIS MACHINE WILL NOT,103ec10,,,
7,0x103ebd0 deff_007_this_machine_will_not,text_draw_msg_page,2,2,0x40,0xe,612,OPERATE IN THIS COUNTRY,103ec34,,,
7,0x103ebd0 deff_007_this_machine_will_not,text_draw_msg_page,2,2,0x40,0x15,613,PLEASE,103ec5c,,,
7,0x103ebd0 deff_007_this_machine_will_not,text_draw_msg_page,2,2,0x40,0x1c,614,CONTACT YOUR DISTRIBUTOR,103ec80,,,
9,0x103ec9c deff_009,text_printf_page,0xf,2,0x40,0x15,,%u/%u - %u,103ed40,"%u [loop counter: from 0, then self + 1]; %u [loop counter: from 0, then self + 1]; %u FUN_00004fb8()@0x4fb8",0;10;10,
10,0x1000000 deff_017_insert_coins,text_draw_str_page,font,2,0x54,iVar8,,(auStack_44),10000a0,,,
10,0x1000000 deff_017_insert_coins,text_draw_msg_page,font,2,0x54,iVar8 + iVar2 + uVar5,uVar6,(message id computed at run time),10000ec,,,
11,0x103c714 deff_011_locating_pinballs,text_draw_msg_page,uVar1,2,0x40,0xd,810,LOCATING PINBALLS,103c76c,,,
11,0x103c714 deff_011_locating_pinballs,text_draw_msg_page,uVar1,2,0x40,0x19,811,PLEASE WAIT...,103c794,,,
12,0x103c3e8 deff_012_operator_alert,text_draw_msg_page,uVar3,2,0x40,iVar6 + uVar4,903,OPERATOR ALERT!,103c478,,,
12,0x103c3e8 deff_012_operator_alert,text_printf_msg,6,2,0x40,y,904,%s,103c4b0,"%s (FUN_000098a4(*(undefined4 *)((FUN_0000e3a0(RAM 0x30c44,deff task arg (task+0x30) {set by starter: param_1 of 0x10383a8 @0x10383a8 | param_1 of 0x10387ac @0x10387ac | param_1 of 0x1038b80 @0x1038b80 | param_1 of 0x10391a0 @0x10391a0})) + 0x1c)))",,
12,0x103c3e8 deff_012_operator_alert,text_draw_msg_page,uVar3,2,0x40,y + iVar6 + uVar4,905,DEVICE MALFUNCTION,103c4e0,,,
13,0x103c508 deff_013,text_draw_msg_page,0xc,2,0x40,0xd,812,PINBALL MISSING,103c544,,,
13,0x103c508 deff_013,text_draw_msg_page,0xc,2,0x40,0x19,813,PLEASE WAIT...,103c56c,,,
14,0x103d828 FUN_0103d828,text_printf_page,uVar11,2,0x40,0x1e,,(uVar1),,"? (FUN_00009a34(5 + 0x4ebU & 0xffff,5))",,
14,0x103d828 FUN_0103d828,text_draw_str_page,2,2,0x40,0x1e,,(auStack_68),,,,
14,0x103d828 FUN_0103d828,text_draw_str_page,(short)puVar10[1],*(undefined1 *)((int)puVar10 + 6),puVar10[2],puVar10[3],,(auStack_44),,,,
15,0x1000000 deff_017_insert_coins,text_draw_str_page,font,2,0x54,iVar8,,(auStack_44),10000a0,,,
15,0x1000000 deff_017_insert_coins,text_draw_msg_page,font,2,0x54,iVar8 + iVar2 + uVar5,uVar6,(message id computed at run time),10000ec,,,
16,0x103de04 deff_016_tournament_game,text_draw_msg_page,local_24,2,0x40,iVar7 * 2,1232,TOURNAMENT GAME,103df40,,,
16,0x103de04 deff_016_tournament_game,text_printf_msg,local_24,1,uVar6,iVar7 + 1,1230,%d CREDIT%P1//S/% FOR A,103dfcc,%d *(byte *)(tournament_get()@0x1ec30 + 0x30); %P *(byte *)(tournament_get()@0x1ec30 + 0x30),0;0,
16,0x103de04 deff_016_tournament_game,text_printf_msg,local_24,1,(uVar6 + uVar4) - uVar5,iVar7 + 1,1231,CREDIT%P1//S/% FOR A,103df80,%P *(byte *)(tournament_get()@0x1ec30 + 0x30),0,
17,0x1000000 deff_017_insert_coins,text_draw_str_page,font,2,0x54,iVar8,,(auStack_44),10000a0,,,
17,0x1000000 deff_017_insert_coins,text_draw_msg_page,font,2,0x54,iVar8 + iVar2 + uVar5,uVar6,(message id computed at run time),10000ec,,,
18,0x103dff0 deff_018_bump_n_win,text_draw_str_fit_page,&DAT_040c9500,2,0x40,8,,(pcVar3),103e070,,,10 2 0
18,0x103dff0 deff_018_bump_n_win,text_draw_msg_page,0xc,2,0x40,iVar9 + (uint)uVar1 + 1,1214,BUMP 'N' WIN SCORE,103e154,,,
18,0x103dff0 deff_018_bump_n_win,text_printf_msg,0xf,2,0x40,iVar5 + iVar9 * 2 + 1,DAT_00030e96,(message id computed at run time),103e198,? *(undefined4 *)(tournament_get()@0x1ec30 + 0x118),,
19,0x102f724 FUN_0102f724,text_draw_str_page,0,4,0x7f,0x1e,,(auStack_40),102f768,,,
19,0x102f6d4 FUN_0102f6d4,text_printf_msg,0,1,0x2a,0x1e,797,BALL %d,102f71c,%d FUN_0001aae4()@0x1aae4 & 0xff,1,
19,0x102f8a0 FUN_0102f8a0,text_draw_str_page,0,2,0x54,0x1e,,(local_5c),102f938,,,
19,0x102f770 FUN_0102f770,text_draw_str_page,0,2,0x54,0x1e,,(local_54),102f7f4,,,
19,0x102fa40 FUN_0102fa40,text_printf_msg,*(uint *)(iVar3 + 4),2,0x54,*(int *)(iVar3 + 8),1282,"%,02lu",102fa90,"%,02lu (FUN_0001caac()@0x1caac{= (RAM 0x21109e4 player score [p-1] (u32))[current_player() - 1]})",0,
19,0x102f200 FUN_0102f200,text_printf_msg,0,4,0x26,iVar5,1282,"%,02lu",102f2ec,"%,02lu FUN_0102f190()@0x102f190{= RAM 0x21120b4}",0,
19,0x102f200 FUN_0102f200,text_printf_msg,0,4,0x26,iVar7,1282,"%,02lu",102f36c,"%,02lu (FUN_0001cacc([loop counter: from 1, then self + 1 & 0xff]))",0,
19,0x102f200 FUN_0102f200,text_printf_msg,1,4,0x27,uVar3,1745,%d-WAY,102f5a8,%d FUN_0102f1b0()@0x102f1b0{= RAM 0x21120ac} & 0xffff,0,
19,0x102f200 FUN_0102f200,text_printf_msg,1,4,0x27,uVar3,1746,COMBO,102f620,? FUN_0102f1b0()@0x102f1b0{= RAM 0x21120ac} & 0xffff,0,
19,0x102f200 FUN_0102f200,text_printf_msg,1,4,iVar5,iVar7,1747,%d COMBO%P1//S/%,102f6cc,%d FUN_0102f1e0()@0x102f1e0{= RAM 0x21120ae} & 0xffff; %P FUN_0102f1e0()@0x102f1e0{= RAM 0x21120ae} & 0xffff,0;0,
20,0x1007fa0 deff_020_ball_saved,text_draw_msg_page,0xf,2,0x40,0xf,808,BALL SAVED,100801c,,,
20,0x1007fa0 deff_020_ball_saved,text_draw_msg_page,2,2,0x40,0x19,809,KEEP SHOOTING,100804c,,,
21,0x103dcfc deff_021_tilt,text_draw_msg_page,0xf,2,0x40,(uint)uVar1 + (int)(0x20 - (uint)uVar1) / 2 + -1,793,TILT,103dd54,,,
23,0x103dd78 deff_023_danger,text_draw_msg_page,0xf,2,0x40,(uint)uVar1 + (int)(0x20 - (uint)uVar1) / 2 + -1,792,DANGER,103ddd0,,,
24,0x103dc88 deff_024_slam_tilt,text_draw_msg_page,0xf,2,0x40,(uint)uVar1 + (int)(0x20 - (uint)uVar1) / 2 + -1,807,SLAM TILT,103dce0,,,
25,0x10014b8 deff_025_bonus,text_draw_msg_fit,0x40c5c00,2,0x54,0xf,1330,TOTAL BONUS,10015ec,,,11 9 3 7 1 0
25,0x10014b8 deff_025_bonus,text_printf_msg,0xd,2,0x54,0x1a,1282,"%,02lu",100161c,"%,02lu (FUN_01000f38()@0x1000f38{= (FUN_01000f00()@0x1000f00{= (FUN_01000eac()@0x1000eac{= RAM 0x34b3c bonus count [p-1] (u16){current_player()-1} * 0x29e}) + (FUN_01000ee0()@0x1000ee0{= RAM 0x2111ce0 held bonus [p-1] (u32){current_player()-1}})}) * (FUN_01000f18()@0x1000f18{= RAM 0x2111cef bonus multiplier [p] (u8){current_player()}})})",125000,
25,0x1000ffc FUN_01000ffc,text_draw_msg_page,0x10,2,0x54,0x15,1327,BONUS,10010bc,,,
25,0x1000ffc FUN_01000ffc,text_printf_msg_fit_page,&DAT_040c5be4,2,0x54,0xf,1329,%dX,1001170,%d 1,1,13 11 9 3 7 1 0
25,0x1000ffc FUN_01000ffc,text_printf_msg,0xd,2,0x54,0x1a,1282,"%,02lu",10011a4,"%,02lu (FUN_01000f00()@0x1000f00{= (FUN_01000eac()@0x1000eac{= RAM 0x34b3c bonus count [p-1] (u16){current_player()-1} * 0x29e}) + (FUN_01000ee0()@0x1000ee0{= RAM 0x2111ce0 held bonus [p-1] (u32){current_player()-1}})})",125000,
25,0x1000ffc FUN_01000ffc,text_printf_msg_fit_page,&DAT_040c5be4,2,0x54,0xf,1329,%dX,1001258,"%d [loop counter: from 2, then self + 1 & 0xff]",,13 11 9 3 7 1 0
25,0x1000ffc FUN_01000ffc,text_printf_msg,0xd,2,0x54,0x1a,1282,"%,02lu",1001290,"%,02lu [loop counter: from 2, then self + 1 & 0xff] * (FUN_01000f00()@0x1000f00{= (FUN_01000eac()@0x1000eac{= RAM 0x34b3c bonus count [p-1] (u16){current_player()-1} * 0x29e}) + (FUN_01000ee0()@0x1000ee0{= RAM 0x2111ce0 held bonus [p-1] (u32){current_player()-1}})})",,
25,0x1000ffc FUN_01000ffc,text_printf_msg_fit_page,&DAT_040c5be4,2,0x54,0xf,1329,%dX,1001358,%d (FUN_01000f18()@0x1000f18{= RAM 0x2111cef bonus multiplier [p] (u8){current_player()}}),1,13 11 9 3 7 1 0
25,0x1000ffc FUN_01000ffc,text_printf_msg,0xd,2,0x54,0x1a,1282,"%,02lu",1001388,"%,02lu (FUN_01000f18()@0x1000f18{= RAM 0x2111cef bonus multiplier [p] (u8){current_player()}}) * (FUN_01000f00()@0x1000f00{= (FUN_01000eac()@0x1000eac{= RAM 0x34b3c bonus count [p-1] (u16){current_player()-1} * 0x29e}) + (FUN_01000ee0()@0x1000ee0{= RAM 0x2111ce0 held bonus [p-1] (u32){current_player()-1}})})",125000,
25,0x1000ffc FUN_01000ffc,text_draw_msg_fit,0x40c5c00,2,0x54,0xf,1330,TOTAL BONUS,1001450,,,11 9 3 7 1 0
25,0x1000ffc FUN_01000ffc,text_printf_msg,0xd,2,0x54,0x1a,1282,"%,02lu",1001484,"%,02lu (FUN_01000f38()@0x1000f38{= (FUN_01000f00()@0x1000f00{= (FUN_01000eac()@0x1000eac{= RAM 0x34b3c bonus count [p-1] (u16){current_player()-1} * 0x29e}) + (FUN_01000ee0()@0x1000ee0{= RAM 0x2111ce0 held bonus [p-1] (u32){current_player()-1}})}) * (FUN_01000f18()@0x1000f18{= RAM 0x2111cef bonus multiplier [p] (u8){current_player()}})})",125000,
26,0x102f200 FUN_0102f200,text_printf_msg,0,4,0x26,iVar5,1282,"%,02lu",102f2ec,"%,02lu FUN_0102f190()@0x102f190{= RAM 0x21120b4}",,
26,0x102f200 FUN_0102f200,text_printf_msg,0,4,0x26,iVar7,1282,"%,02lu",102f36c,"%,02lu (FUN_0001cacc([loop counter: from 1, then self + 1 & 0xff]))",,
26,0x102f200 FUN_0102f200,text_printf_msg,1,4,0x27,uVar3,1745,%d-WAY,102f5a8,%d FUN_0102f1b0()@0x102f1b0{= RAM 0x21120ac} & 0xffff,,
26,0x102f200 FUN_0102f200,text_printf_msg,1,4,0x27,uVar3,1746,COMBO,102f620,? FUN_0102f1b0()@0x102f1b0{= RAM 0x21120ac} & 0xffff,,
26,0x102f200 FUN_0102f200,text_printf_msg,1,4,iVar5,iVar7,1747,%d COMBO%P1//S/%,102f6cc,%d FUN_0102f1e0()@0x102f1e0{= RAM 0x21120ae} & 0xffff; %P FUN_0102f1e0()@0x102f1e0{= RAM 0x21120ae} & 0xffff,,
30,0x10088b4 deff_030_tickets,text_printf_msg,0xd,2,0x2b,0xf,1303,%u,100896c,%u (deff task arg (task+0x34)),0,
30,0x10088b4 deff_030_tickets,text_printf_msg,0xd,2,0x2b,0x19,1304,TICKET%P1//S/%,10089a8,%P (deff task arg (task+0x34)),0,
31,0x103ce90 deff_031_enter_initials,text_printf_msg,font,2,0x40,y,867,PLAYER %d,103cf14,"%d deff task arg (task+0x30) {set by starter: (FUN_00018b70((int *)(RAM 0x40cfc48 + [loop counter: from 0x10000, then self >> 0x10] * 0x24),local_98[2])) @0x18d54}",0,
31,0x103ce90 deff_031_enter_initials,text_draw_msg_page,font,2,0x40,iVar2,868,ENTER INITIALS,103cf44,,,
31,0x103ce90 deff_031_enter_initials,text_draw_msg_page,font,2,0x40,iVar2,868,ENTER INITIALS,103cf70,,,
32,0x103c840 deff_032_i_x_d_h_t,text_printf_msg_fit_page,&DAT_040c9484,2,0x40,4,869,PLAYER %d - ENTER INITIALS,103c980,"%d deff task arg (task+0x30) {set by starter: (FUN_00018b70((int *)(RAM 0x40cfc48 + [loop counter: from 0x10000, then self >> 0x10] * 0x24),local_98[2])) @0x18d54}",,2 0
32,0x103c840 deff_032_i_x_d_h_t,text_draw_str_fit_page,&DAT_040c94b0,2,0x40,10,,(uVar7),103c9bc,,,4 2 0
32,0x103c840 deff_032_i_x_d_h_t,text_printf_msg,2,1,0,0x15,870,%u,103ca04,%u RAM 0x38494,,
32,0x103c840 deff_032_i_x_d_h_t,text_printf_msg,2,4,0x7f,0x15,870,%u,103ca38,%u RAM 0x38494,,
32,0x103c840 deff_032_i_x_d_h_t,text_draw_str_page,0xe,1,(int)((uint)bVar1 * -6 + 0x81) / 2,0x15,,(local_34[0]),103ca60,,,
33,0x103d0e4 deff_033_x_d_h_t,text_printf_msg,2,2,0x40,6,879,PLAYER %d,103d19c,%d deff task arg (task+0x30) {set by starter: param_4 of 0x18c04 @0x18c04},0,
33,0x103d0e4 deff_033_x_d_h_t,text_printf_msg,2,2,0x40,6,*(short *)(task_current + 0x38) + 0x370,(message id computed at run time),103d158,? deff task arg (task+0x3c) {set by starter: n @0x18c04}; ? deff task arg (task+0x3c) {set by starter: n @0x18c04},,
33,0x103cfd4 FUN_0103cfd4,text_draw_str_fit_page,&DAT_040c94d4,2,0x40,0xc,,(uVar1),103d01c,,,4 2 0
33,0x103cfd4 FUN_0103cfd4,text_draw_str_page,0xf,2,0x40,0x17,,(*param_1),103d03c,,,
33,0x103cfd4 FUN_0103cfd4,text_printf_msg,4,2,0x40,0x1d,DAT_00030e96,(message id computed at run time),103d0d4,? *(undefined4 *)(*(deff task arg (task+0x34) {set by starter: param_3 of 0x18c04 @0x18c04}) + 0x18),0,
33,0x103cfd4 FUN_0103cfd4,text_draw_str_page,4,2,0x40,0x1d,,(auStack_58),103d08c,,,
34,0x103ea20 deff_034_sorry,text_draw_msg_page,font,2,0x40,iVar3 + -1,1216,"SORRY,",103eab8,,,
34,0x103ea20 deff_034_sorry,text_draw_msg_page,font,2,0x40,iVar2,1217,YOU DID NOT QUALIFY,103eae8,,,
34,0x103ea20 deff_034_sorry,text_draw_msg_page,font,2,0x40,iVar3 * 3 + -1,1218,PLEASE TRY AGAIN!,103eb18,,,
34,0x103ea20 deff_034_sorry,text_draw_msg_page,font,2,0x40,iVar3 + -1,1216,"SORRY,",103eb6c,,,
34,0x103ea20 deff_034_sorry,text_draw_msg_page,font,2,0x40,iVar2,1217,YOU DID NOT QUALIFY,103eb94,,,
35,0x103e208 deff_035,text_draw_msg_fit,0x40c950c,2,0x40,0x18,1220,YOU QUALIFIED!,103e268,,,12 10 2 0
35,0x103e208 deff_035,text_printf_msg,font,2,0x40,0xe,1219,PLAYER %d,103e2a0,"%d deff task arg (task+0x30) {set by starter: [loop counter: from 1, then self + 1 & 0xff] @0x1e328}",,
35,0x103e208 deff_035,text_draw_msg_page,font,2,0x40,0x18,1220,YOU QUALIFIED!,103e2e4,,,
36,0x103e460 deff_036_invalid,text_printf_msg,2,2,0x40,4,*(ushort *)(iVar10 + 0x1c),(message id computed at run time),103e580,? *(byte *)((deff task arg (task+0x30)) + 0x22),0,
36,0x103e460 deff_036_invalid,text_printf_msg,2,2,0x40,10,1223,%P1/FIRST/SECOND/THIRD/FOURTH/FIFTH//% PLACE,103e5b0,%P *(undefined4 *)((deff task arg (task+0x30)) + 0x18),3844079392,
36,0x103e460 deff_036_invalid,text_draw_str_page,0xe,1,(int)((uint)bVar1 * -6 + 0x81) / 2,0x15,,(auStack_4c),103e5f0,,,
37,0x103e8f8 FUN_0103e8f8,text_printf_msg,0xc,2,0x40,0xf,1224,PLAYER %d,103e948,"%d deff task arg (task+0x30) {set by starter: [loop counter: from 1, then self + 1 & 0xff] @0x1e328} & 0xff",,
37,0x103e8f8 FUN_0103e8f8,text_printf_msg,2,2,0x40,0x17,1225,YOU ARE IN %P1/1ST/2ND/3RD/4TH/5TH//% PLACE!,103e970,%P deff task arg (task+0x38) {set by starter: (0 + 1) @0x1e328},,
38,0x100807c FUN_0100807c,text_printf_msg,0,4,0x26,iVar2,1282,"%,02lu",1008134,"%,02lu (FUN_0001cacc([loop counter: from 1, then self + 1 & 0xff]))",0,
38,0x100807c FUN_0100807c,text_printf_msg,0,4,0x26,iVar2,1282,"%,02lu",10081b4,"%,02lu (FUN_0001cacc([loop counter: from 1, then self + 1 & 0xff])) % 100",,
39,0x103d240 deff_039_competition_mode,text_draw_msg_page,0xc,2,0x40,0xb,1275,COMPETITION MODE,103d2b0,,,
39,0x103d240 deff_039_competition_mode,text_draw_msg_page,0xc,2,0x40,0x14,1276,READY,103d2d4,,,
39,0x103d240 deff_039_competition_mode,text_draw_msg_page,2,2,0x40,0x1b,1277,PRESS START NOW,103d2f8,,,
39,0x103d240 deff_039_competition_mode,text_printf_msg,0xc,1,2,0x1d,1278,%d,103d31c,"%d [loop counter: from 5, then self + -1]",5|4|3|2|1|0,
39,0x103d240 deff_039_competition_mode,text_printf_msg,0xc,4,0x7d,0x1d,1278,%d,103d340,"%d [loop counter: from 5, then self + -1]",5|4|3|2|1|0,
40,0x1034198 deff_040_use_flippers_to,text_draw_msg_page,uVar3,2,0x54,0x1e,local_3c + 0x686,(message id computed at run time),10343b8,,,
40,0x102f200 FUN_0102f200,text_printf_msg,0,4,0x26,iVar5,1282,"%,02lu",102f2ec,"%,02lu FUN_0102f190()@0x102f190{= RAM 0x21120b4}",0,
40,0x102f200 FUN_0102f200,text_printf_msg,0,4,0x26,iVar7,1282,"%,02lu",102f36c,"%,02lu (FUN_0001cacc([loop counter: from 1, then self + 1 & 0xff]))",0,
40,0x102f200 FUN_0102f200,text_printf_msg,1,4,0x27,uVar3,1745,%d-WAY,102f5a8,%d FUN_0102f1b0()@0x102f1b0{= RAM 0x21120ac} & 0xffff,0,
40,0x102f200 FUN_0102f200,text_printf_msg,1,4,0x27,uVar3,1746,COMBO,102f620,? FUN_0102f1b0()@0x102f1b0{= RAM 0x21120ac} & 0xffff,0,
40,0x102f200 FUN_0102f200,text_printf_msg,1,4,iVar5,iVar7,1747,%d COMBO%P1//S/%,102f6cc,%d FUN_0102f1e0()@0x102f1e0{= RAM 0x21120ae} & 0xffff; %P FUN_0102f1e0()@0x102f1e0{= RAM 0x21120ae} & 0xffff,0;0,
41,0x1034424 deff_041_decepticon,text_draw_msg_page,2,2,0x54,5,1668,TRANSFORMER,10344f8,,,
41,0x1034424 deff_041_decepticon,text_draw_msg_page,uVar4,2,0x54,0x12,1666,AUTOBOT,1034550,,,
41,0x1034424 deff_041_decepticon,text_draw_msg_page,uVar4,2,0x54,0x12,1667,DECEPTICON,1034594,,,
41,0x1034424 deff_041_decepticon,text_draw_msg_page,0,2,0x54,0x1e,1669,TRANSFORMER SELECTED,10345e8,,,
42,0x1031aa4 deff_042_hands_free,text_draw_msg_page,3,2,0x54,6,1537,HANDS FREE,1031c40,,,
42,0x1031aa4 deff_042_hands_free,text_draw_msg_page,0xd,2,0x54,0xf,1538,SKILL SHOT,1031c68,,,
42,0x1031aa4 deff_042_hands_free,text_printf_msg_fit_page,&DAT_040c765c,2,0x54,0x1d,1282,"%,02lu",1031cb4,"%,02lu deff task arg (task+0x30) {set by starter: score_add()@0x1caf0 @0x1031630}",,18 16 13 11 9 3 7 1 0
42,0x1031aa4 deff_042_hands_free,text_draw_msg_fit,0x40c765c,2,0x54,0xd,1538,SKILL SHOT,1031cfc,,,18 16 13 11 9 3 7 1 0
42,0x1031aa4 deff_042_hands_free,text_printf_msg_fit_page,&DAT_040c765c,2,0x54,0x1b,1282,"%,02lu",1031d48,"%,02lu deff task arg (task+0x30) {set by starter: score_add()@0x1caf0 @0x1031630}",,18 16 13 11 9 3 7 1 0
43,0x1031d8c deff_043_super_skill_shot,text_draw_msg_page,7,2,0x55,0xb,1541,SUPER SKILL SHOT,1031e2c,,,
43,0x1031d8c deff_043_super_skill_shot,text_printf_msg_fit_page,&DAT_040c765c,2,0x55,0x1a,1282,"%,02lu",1031e74,"%,02lu deff task arg (task+0x30)",0,18 16 13 11 9 3 7 1 0
44,0x102de6c deff_044_multipliers,text_printf_msg,0x10,2,0x62,0xe,1334,%uX,102df34,%u deff task arg (task+0x30) {set by starter: (FUN_010236e8(&local_18)) @0x102db28 | RAM 0x2112080{current_player()-1} @0x102db28 | (FUN_010236e8(&local_1c)) @0x102e208 | RAM 0x2112088{current_player()-1} @0x102e208},,
44,0x102de6c deff_044_multipliers,text_printf_msg,0,2,0x62,iVar7,1338,MULTIPLIER%P1//S/%,102df64,%P (deff task arg (task+0x34) {set by starter: local_18 @0x102db28 | local_1c @0x102e208}),0,
44,0x102de6c deff_044_multipliers,text_printf_msg,0,2,0x62,iVar7 + 7,1339,LIT,102df90,? (deff task arg (task+0x34) {set by starter: local_18 @0x102db28 | local_1c @0x102e208}),0,
44,0x102de6c deff_044_multipliers,text_printf_msg,0x10,1,0x2a,0xe,1334,%uX,102e058,%u deff task arg (task+0x30) {set by starter: (FUN_010236e8(&local_18)) @0x102db28 | RAM 0x2112080{current_player()-1} @0x102db28 | (FUN_010236e8(&local_1c)) @0x102e208 | RAM 0x2112088{current_player()-1} @0x102e208},,
44,0x102de6c deff_044_multipliers,text_printf_msg,1,1,0x2a,iVar7,1338,MULTIPLIER%P1//S/%,102e088,%P (deff task arg (task+0x34) {set by starter: local_18 @0x102db28 | local_1c @0x102e208}),,
44,0x102de6c deff_044_multipliers,text_printf_msg,1,1,0x2a,iVar7 + 7,1339,LIT,102e0b4,? (deff task arg (task+0x34) {set by starter: local_18 @0x102db28 | local_1c @0x102e208}),,
45,0x102e568 deff_045,text_draw_msg_fit,0x40c7554,1,0x29,8,1534,OPTIMUS LANES,102e600,,,7 7 7 1 0
45,0x102e568 deff_045,text_draw_msg_fit,0x40c7554,1,0x29,0x13,1535,COMPLETED,102e630,,,7 7 7 1 0
45,0x102e568 deff_045,text_printf_msg,uVar2,1,0x29,0x1e,1536,%dX BONUS,102e674,%d deff task arg (task+0x34) {set by starter: (FUN_01000f18()@0x1000f18{= RAM 0x2111cef bonus multiplier [p] (u8){current_player()}}) @0x102db28 | (FUN_01000f18()@0x1000f18{= RAM 0x2111cef bonus multiplier [p] (u8){current_player()}}) @0x102e208},0,
45,0x102e568 deff_045,text_draw_msg_fit,0x40c7554,2,0x62,8,1530,MEGATRON LANES,102e714,,,7 7 7 1 0
45,0x102e568 deff_045,text_draw_msg_fit,0x40c7554,2,0x62,0x13,1531,COMPLETED,102e744,,,7 7 7 1 0
45,0x102e568 deff_045,text_printf_msg,uVar2,2,0x62,0x1e,1532,%dX BONUS,102e788,%d deff task arg (task+0x34) {set by starter: (FUN_01000f18()@0x1000f18{= RAM 0x2111cef bonus multiplier [p] (u8){current_player()}}) @0x102db28 | (FUN_01000f18()@0x1000f18{= RAM 0x2111cef bonus multiplier [p] (u8){current_player()}}) @0x102e208},,
46,0x102cbac FUN_0102cbac,text_printf_msg,0x12,2,iVar12,y_00,1526,%luK,102ccc4,"%lu [loop counter: from {task arg +0x30 = RAM 0x353d0 last pop award} / 1000, then self + 1]",,
46,0x102cbac FUN_0102cbac,text_printf_msg,(&DAT_040c7504)[iVar6],2,x,y,1526,%luK,102cd34,"%lu [loop counter: from {task arg +0x30 = RAM 0x353d0 last pop award} / 1000, then self + 1]",,
46,0x102ce70 FUN_0102ce70,text_printf_msg,1,2,0x54,0x1f,1282,"%,02lu",102cf48,"%,02lu RAM 0x353d4 pop burst total (sum of pop awards since the burst started)",0,
47,0x102c678 deff_047_pops_grow,text_draw_msg_fit,0x40c74e8,2,0x54,0xc,1528,POPS GROW,102c71c,,,16 13 5 3 7 1 0
47,0x102c678 deff_047_pops_grow,text_printf_msg,0x10,2,0x54,0x19,1529,"%,02lu",102c768,"%,02lu deff task arg (task+0x30) {set by starter: (score_add((RAM 0x2112044 pop value [p-1] (+1000 per pop, max 20000))[current_player() - 1])) @0x102c624}",0,
48,0x1003354 deff_048_0_way_combo,text_printf_msg_fit_page,&DAT_040c5d04,2,0x54,0xd,uVar1,(message id computed at run time),1003438,? RAM 0x34b94,,13 11 3 1 0
48,0x1003354 deff_048_0_way_combo,text_printf_msg,0x10,2,0x54,0x1b,1282,"%,02lu",1003468,"%,02lu RAM 0x34ba0",,
48,0x1003354 deff_048_0_way_combo,text_printf_msg_fit_page,&DAT_040c5d04,2,0x54,10,uVar1,(message id computed at run time),10034d8,? RAM 0x34b94,,13 11 3 1 0
48,0x1003354 deff_048_0_way_combo,text_printf_msg,0x10,2,0x54,0x16,1282,"%,02lu",1003508,"%,02lu RAM 0x34ba0",,
48,0x1003354 deff_048_0_way_combo,text_printf_msg,3,2,0x54,0x1e,1751,"SUPER COMBO +%,02lu",1003498,"%,02lu RAM 0x34bb0",,
48,0x1003354 deff_048_0_way_combo,text_printf_msg,0x10,2,0x54,0x15,1752,%d COMBO%P1//S/%,10035ec,%d RAM 0x34b96; %P RAM 0x34b96,,
48,0x1003354 deff_048_0_way_combo,text_printf_msg,0xd,2,0x54,0xf,1752,%d COMBO%P1//S/%,10036a4,%d RAM 0x34b96; %P RAM 0x34b96,,
48,0x1003354 deff_048_0_way_combo,text_printf_msg,3,2,0x54,0x19,*(ushort *)(puVar5 + 4),(message id computed at run time),10036cc,? RAM 0x34ba6,,
48,0x1003354 deff_048_0_way_combo,text_printf_msg,0xd,2,0x54,0xf,1752,%d COMBO%P1//S/%,1003758,%d RAM 0x34b96; %P RAM 0x34b96,,
48,0x1003354 deff_048_0_way_combo,text_draw_msg_page,3,2,0x54,0x19,*(undefined2 *)(puVar5 + 6),(message id computed at run time),100360c,,,
48,0x102f200 FUN_0102f200,text_printf_msg,0,4,0x26,iVar5,1282,"%,02lu",102f2ec,"%,02lu FUN_0102f190()@0x102f190{= RAM 0x21120b4}",,
48,0x102f200 FUN_0102f200,text_printf_msg,0,4,0x26,iVar7,1282,"%,02lu",102f36c,"%,02lu (FUN_0001cacc([loop counter: from 1, then self + 1 & 0xff]))",,
48,0x102f200 FUN_0102f200,text_printf_msg,1,4,0x27,uVar3,1745,%d-WAY,102f5a8,%d FUN_0102f1b0()@0x102f1b0{= RAM 0x21120ac} & 0xffff,,
48,0x102f200 FUN_0102f200,text_printf_msg,1,4,0x27,uVar3,1746,COMBO,102f620,? FUN_0102f1b0()@0x102f1b0{= RAM 0x21120ac} & 0xffff,,
48,0x102f200 FUN_0102f200,text_printf_msg,1,4,iVar5,iVar7,1747,%d COMBO%P1//S/%,102f6cc,%d FUN_0102f1e0()@0x102f1e0{= RAM 0x21120ae} & 0xffff; %P FUN_0102f1e0()@0x102f1e0{= RAM 0x21120ae} & 0xffff,,
49,0x1023b10 deff_049_multipliers_lit,text_printf_msg,0xc,2,0x55,0xe,1334,%uX,1023b8c,%u (deff task arg (task+0x30)),0,
49,0x1023b10 deff_049_multipliers_lit,text_printf_msg_fit_page,&DAT_040c6fe4,2,0x54,0x18,1335,MULTIPLIER%P1//S/% LIT,1023bb8,%P (deff task arg (task+0x34)); ? (deff task arg (task+0x34)),0;0,4 2 0
49,0x102f200 FUN_0102f200,text_printf_msg,0,4,0x26,iVar5,1282,"%,02lu",102f2ec,"%,02lu FUN_0102f190()@0x102f190{= RAM 0x21120b4}",0,
49,0x102f200 FUN_0102f200,text_printf_msg,0,4,0x26,iVar7,1282,"%,02lu",102f36c,"%,02lu (FUN_0001cacc([loop counter: from 1, then self + 1 & 0xff]))",0,
49,0x102f200 FUN_0102f200,text_printf_msg,1,4,0x27,uVar3,1745,%d-WAY,102f5a8,%d FUN_0102f1b0()@0x102f1b0{= RAM 0x21120ac} & 0xffff,,
49,0x102f200 FUN_0102f200,text_printf_msg,1,4,0x27,uVar3,1746,COMBO,102f620,? FUN_0102f1b0()@0x102f1b0{= RAM 0x21120ac} & 0xffff,,
49,0x102f200 FUN_0102f200,text_printf_msg,1,4,iVar5,iVar7,1747,%d COMBO%P1//S/%,102f6cc,%d FUN_0102f1e0()@0x102f1e0{= RAM 0x21120ae} & 0xffff; %P FUN_0102f1e0()@0x102f1e0{= RAM 0x21120ae} & 0xffff,,
50,0x1023c5c deff_050,text_draw_msg_page,3,1,0x2c,8,*(undefined2 *)(iVar2 + 0xc),(message id computed at run time),1023d5c,,,
50,0x1023c5c deff_050,text_draw_msg_page,3,1,0x2c,0xe,*(undefined2 *)(iVar2 + 0xe),(message id computed at run time),1023d7c,,,
50,0x1023c5c deff_050,text_printf_msg,0x10,1,0x2c,0x1c,*(ushort *)(iVar2 + 0x10),(message id computed at run time),1023db4,? deff task arg (task+0x34) {set by starter: *(undefined1 *)((RAM 0x40c6f5c)[param_1 of 0x10237ac * 5] + (current_player() - 1)) @0x10237ac},,
51,0x1024080 deff_051,text_draw_msg_page,0x10,2,0x54,0xd,1358,ALLSPARK,1024290,,,
51,0x1024080 deff_051,text_draw_msg_page,0x10,2,0x54,0x1b,1359,LIT,10242c0,,,
51,0x102f200 FUN_0102f200,text_printf_msg,0,4,0x26,iVar5,1282,"%,02lu",102f2ec,"%,02lu FUN_0102f190()@0x102f190{= RAM 0x21120b4}",,
51,0x102f200 FUN_0102f200,text_printf_msg,0,4,0x26,iVar7,1282,"%,02lu",102f36c,"%,02lu (FUN_0001cacc([loop counter: from 1, then self + 1 & 0xff]))",,
51,0x102f200 FUN_0102f200,text_printf_msg,1,4,0x27,uVar3,1745,%d-WAY,102f5a8,%d FUN_0102f1b0()@0x102f1b0{= RAM 0x21120ac} & 0xffff,,
51,0x102f200 FUN_0102f200,text_printf_msg,1,4,0x27,uVar3,1746,COMBO,102f620,? FUN_0102f1b0()@0x102f1b0{= RAM 0x21120ac} & 0xffff,,
51,0x102f200 FUN_0102f200,text_printf_msg,1,4,iVar5,iVar7,1747,%d COMBO%P1//S/%,102f6cc,%d FUN_0102f1e0()@0x102f1e0{= RAM 0x21120ae} & 0xffff; %P FUN_0102f1e0()@0x102f1e0{= RAM 0x21120ae} & 0xffff,,
52,0x1024524 deff_052_special,text_printf_page,3,2,0x55,(uVar6 * (uVar1 + 1) - ((uVar1 + 1) * local_24 - 1 >> 1)) + 0xd,,(s),1024740,? deff task arg (task+0x34),,
53,0x1007bb4 deff_053_extra,text_draw_msg_page,uVar5,2,0x54,0xb,1312,EXTRA,1007c9c,,,
53,0x1007bb4 deff_053_extra,text_draw_msg_page,uVar5,2,0x54,0x14,1313,BALL,1007cc4,,,
53,0x1007bb4 deff_053_extra,text_draw_msg_page,uVar5,2,0x54,0x1d,1314,IS LIT,1007cfc,,,
55,0x1008578 deff_055_special,text_draw_msg_page,0xd,2,0x54,0xe,1325,SPECIAL,10085ec,,,
55,0x1008578 deff_055_special,text_draw_msg_page,0xd,2,0x54,0x1a,1326,IS LIT,1008620,,,
57,0x102f200 FUN_0102f200,text_printf_msg,0,4,0x26,iVar5,1282,"%,02lu",102f2ec,"%,02lu FUN_0102f190()@0x102f190{= RAM 0x21120b4}",,
57,0x102f200 FUN_0102f200,text_printf_msg,0,4,0x26,iVar7,1282,"%,02lu",102f36c,"%,02lu (FUN_0001cacc([loop counter: from 1, then self + 1 & 0xff]))",,
57,0x102f200 FUN_0102f200,text_printf_msg,1,4,0x27,uVar3,1745,%d-WAY,102f5a8,%d FUN_0102f1b0()@0x102f1b0{= RAM 0x21120ac} & 0xffff,,
57,0x102f200 FUN_0102f200,text_printf_msg,1,4,0x27,uVar3,1746,COMBO,102f620,? FUN_0102f1b0()@0x102f1b0{= RAM 0x21120ac} & 0xffff,,
57,0x102f200 FUN_0102f200,text_printf_msg,1,4,iVar5,iVar7,1747,%d COMBO%P1//S/%,102f6cc,%d FUN_0102f1e0()@0x102f1e0{= RAM 0x21120ae} & 0xffff; %P FUN_0102f1e0()@0x102f1e0{= RAM 0x21120ae} & 0xffff,,
58,0x10283c8 deff_058_optimus_prime,text_draw_msg_page,1,2,0x4b,6,1365,OPTIMUS PRIME,1028450,,,
58,0x10283c8 deff_058_optimus_prime,text_draw_msg_page,1,2,0x4b,0xc,1366,MULTIBALL,1028478,,,
58,0x10283c8 deff_058_optimus_prime,text_draw_msg_page,1,2,0x4b,0x13,1369,SHOOT,10284bc,,,
58,0x10283c8 deff_058_optimus_prime,text_draw_msg_page,1,2,0x4b,0x19,1370,FLASHING,10284e4,,,
58,0x10283c8 deff_058_optimus_prime,text_draw_msg_page,1,2,0x4b,0x1f,1371,SHOTS,102850c,,,
58,0x10283c8 deff_058_optimus_prime,text_draw_msg_page,1,2,0x4b,0x16,1372,SHOOT,1028548,,,
58,0x10283c8 deff_058_optimus_prime,text_draw_msg_page,1,2,0x4b,0x1c,1373,MEGATRON,1028570,,,
58,0x102f200 FUN_0102f200,text_printf_msg,0,4,0x26,iVar5,1282,"%,02lu",102f2ec,"%,02lu FUN_0102f190()@0x102f190{= RAM 0x21120b4}",0,
58,0x102f200 FUN_0102f200,text_printf_msg,0,4,0x26,iVar7,1282,"%,02lu",102f36c,"%,02lu (FUN_0001cacc([loop counter: from 1, then self + 1 & 0xff]))",0,
58,0x102f200 FUN_0102f200,text_printf_msg,1,4,0x27,uVar3,1745,%d-WAY,102f5a8,%d FUN_0102f1b0()@0x102f1b0{= RAM 0x21120ac} & 0xffff,,
58,0x102f200 FUN_0102f200,text_printf_msg,1,4,0x27,uVar3,1746,COMBO,102f620,? FUN_0102f1b0()@0x102f1b0{= RAM 0x21120ac} & 0xffff,,
58,0x102f200 FUN_0102f200,text_printf_msg,1,4,iVar5,iVar7,1747,%d COMBO%P1//S/%,102f6cc,%d FUN_0102f1e0()@0x102f1e0{= RAM 0x21120ae} & 0xffff; %P FUN_0102f1e0()@0x102f1e0{= RAM 0x21120ae} & 0xffff,,
59,0x1028950 deff_059,text_draw_msg_page,0xd,2,0x54,0xd,1375,JACKPOT,1028a30,,,
59,0x1028950 deff_059,text_printf_msg,0x12,2,0x54,0x1b,1282,"%,02lu",1028a74,"%,02lu deff task arg (task+0x30) {set by starter: (score_add(FUN_01023538()@0x1023538 * [loop counter: from FUN_0102779c()@0x102779c, then score_add(uVar7 * self)])) @0x1027b74}",0,
60,0x1028da0 deff_060,text_draw_msg_page,uVar4,2,0x54,0xd,1376,DOUBLE JACKPOT,1028edc,,,
60,0x1028da0 deff_060,text_printf_msg,0x12,2,0x54,0x1b,1282,"%,02lu",1028f20,"%,02lu deff task arg (task+0x30) {set by starter: [loop counter: from FUN_0102781c()@0x102781c, then score_add(uVar7 * self)] @0x1027b74}",0,
61,0x1029014 deff_061_super_jackpot,text_draw_msg_page,0xb,2,0x54,0xd,1377,SUPER JACKPOT,102911c,,,
61,0x1029014 deff_061_super_jackpot,text_printf_msg,0x12,2,0x54,0x1b,1282,"%,02lu",1029164,"%,02lu deff task arg (task+0x30) {set by starter: [loop counter: from FUN_01027874()@0x1027874, then score_add(uVar7 * self)] @0x1027b74}",0,
62,0x1029218 deff_062,text_draw_msg_page,3,2,0x54,7,1378,OPTIMUS PRIME,10292c0,,,
62,0x1029218 deff_062,text_draw_msg_page,3,2,0x54,0xd,1379,MULTIBALL,10292e0,,,
62,0x1029218 deff_062,text_draw_msg_page,3,2,0x54,0x13,1380,TOTAL:,1029304,,,
62,0x1029218 deff_062,text_printf_msg,0xd,2,0x54,0x1d,1282,"%,02lu",102934c,"%,02lu deff task arg (task+0x30)",0,
62,0x102f200 FUN_0102f200,text_printf_msg,0,4,0x26,iVar5,1282,"%,02lu",102f2ec,"%,02lu FUN_0102f190()@0x102f190{= RAM 0x21120b4}",0,
62,0x102f200 FUN_0102f200,text_printf_msg,0,4,0x26,iVar7,1282,"%,02lu",102f36c,"%,02lu (FUN_0001cacc([loop counter: from 1, then self + 1 & 0xff]))",0,
62,0x102f200 FUN_0102f200,text_printf_msg,1,4,0x27,uVar3,1745,%d-WAY,102f5a8,%d FUN_0102f1b0()@0x102f1b0{= RAM 0x21120ac} & 0xffff,,
62,0x102f200 FUN_0102f200,text_printf_msg,1,4,0x27,uVar3,1746,COMBO,102f620,? FUN_0102f1b0()@0x102f1b0{= RAM 0x21120ac} & 0xffff,,
62,0x102f200 FUN_0102f200,text_printf_msg,1,4,iVar5,iVar7,1747,%d COMBO%P1//S/%,102f6cc,%d FUN_0102f1e0()@0x102f1e0{= RAM 0x21120ae} & 0xffff; %P FUN_0102f1e0()@0x102f1e0{= RAM 0x21120ae} & 0xffff,,
63,0x102f200 FUN_0102f200,text_printf_msg,0,4,0x26,iVar5,1282,"%,02lu",102f2ec,"%,02lu FUN_0102f190()@0x102f190{= RAM 0x21120b4}",0,
63,0x102f200 FUN_0102f200,text_printf_msg,0,4,0x26,iVar7,1282,"%,02lu",102f36c,"%,02lu (FUN_0001cacc([loop counter: from 1, then self + 1 & 0xff]))",0,
63,0x102f200 FUN_0102f200,text_printf_msg,1,4,0x27,uVar3,1745,%d-WAY,102f5a8,%d FUN_0102f1b0()@0x102f1b0{= RAM 0x21120ac} & 0xffff,,
63,0x102f200 FUN_0102f200,text_printf_msg,1,4,0x27,uVar3,1746,COMBO,102f620,? FUN_0102f1b0()@0x102f1b0{= RAM 0x21120ac} & 0xffff,,
63,0x102f200 FUN_0102f200,text_printf_msg,1,4,iVar5,iVar7,1747,%d COMBO%P1//S/%,102f6cc,%d FUN_0102f1e0()@0x102f1e0{= RAM 0x21120ae} & 0xffff; %P FUN_0102f1e0()@0x102f1e0{= RAM 0x21120ae} & 0xffff,,
64,0x102a4e8 deff_064_optimus_prime,text_draw_msg_page,1,2,0x4b,6,1385,OPTIMUS PRIME,102a574,,,
64,0x102a4e8 deff_064_optimus_prime,text_draw_msg_page,1,2,0x4b,0xc,1386,MULTIBALL,102a5a0,,,
64,0x102a4e8 deff_064_optimus_prime,text_draw_msg_page,1,2,0x4b,0x13,1389,SHOOT,102a5e4,,,
64,0x102a4e8 deff_064_optimus_prime,text_draw_msg_page,1,2,0x4b,0x19,1390,FLASHING,102a60c,,,
64,0x102a4e8 deff_064_optimus_prime,text_draw_msg_page,1,2,0x4b,0x1f,1391,SHOTS,102a634,,,
64,0x102a4e8 deff_064_optimus_prime,text_draw_msg_page,1,2,0x4b,0x13,1392,SHOOT,102a66c,,,
64,0x102a4e8 deff_064_optimus_prime,text_draw_msg_page,1,2,0x4b,0x19,1393,OPTIMUS,102a690,,,
64,0x102a4e8 deff_064_optimus_prime,text_draw_msg_page,1,2,0x4b,0x1f,1394,TARGET,102a6b4,,,
64,0x102f200 FUN_0102f200,text_printf_msg,0,4,0x26,iVar5,1282,"%,02lu",102f2ec,"%,02lu FUN_0102f190()@0x102f190{= RAM 0x21120b4}",0,
64,0x102f200 FUN_0102f200,text_printf_msg,0,4,0x26,iVar7,1282,"%,02lu",102f36c,"%,02lu (FUN_0001cacc([loop counter: from 1, then self + 1 & 0xff]))",0,
64,0x102f200 FUN_0102f200,text_printf_msg,1,4,0x27,uVar3,1745,%d-WAY,102f5a8,%d FUN_0102f1b0()@0x102f1b0{= RAM 0x21120ac} & 0xffff,,
64,0x102f200 FUN_0102f200,text_printf_msg,1,4,0x27,uVar3,1746,COMBO,102f620,? FUN_0102f1b0()@0x102f1b0{= RAM 0x21120ac} & 0xffff,,
64,0x102f200 FUN_0102f200,text_printf_msg,1,4,iVar5,iVar7,1747,%d COMBO%P1//S/%,102f6cc,%d FUN_0102f1e0()@0x102f1e0{= RAM 0x21120ae} & 0xffff; %P FUN_0102f1e0()@0x102f1e0{= RAM 0x21120ae} & 0xffff,,
65,0x102aa70 deff_065_jackpot,text_draw_msg_page,0xd,2,0x54,0xd,1395,JACKPOT,102ab88,,,
65,0x102aa70 deff_065_jackpot,text_printf_msg,0x12,2,0x54,0x1b,1282,"%,02lu",102abd0,"%,02lu deff task arg (task+0x30) {set by starter: [loop counter: from FUN_01029810()@0x1029810, then score_add(uVar7 * self)] @0x1029bf4}",0,
66,0x102ad30 deff_066_double_jackpot,text_draw_msg_page,uVar5,2,0x54,0xd,1396,DOUBLE JACKPOT,102ae3c,,,
66,0x102ad30 deff_066_double_jackpot,text_printf_msg,0x12,2,0x54,0x1b,1282,"%,02lu",102ae84,"%,02lu deff task arg (task+0x30) {set by starter: [loop counter: from FUN_01029890()@0x1029890, then score_add(uVar7 * self)] @0x1029bf4}",0,
67,0x102af98 deff_067_super_jackpot,text_draw_msg_page,0xb,2,0x54,0xd,1397,SUPER JACKPOT,102b090,,,
67,0x102af98 deff_067_super_jackpot,text_printf_msg,0x12,2,0x54,0x1b,1282,"%,02lu",102b0d8,"%,02lu deff task arg (task+0x30) {set by starter: [loop counter: from FUN_010298e8()@0x10298e8, then score_add(uVar7 * self)] @0x1029bf4}",0,
68,0x102b18c deff_068_optimus_prime,text_draw_msg_page,2,2,0x54,7,1398,OPTIMUS PRIME,102b234,,,
68,0x102b18c deff_068_optimus_prime,text_draw_msg_page,2,2,0x54,0xd,1399,MULTIBALL,102b254,,,
68,0x102b18c deff_068_optimus_prime,text_draw_msg_page,2,2,0x54,0x13,1400,TOTAL:,102b278,,,
68,0x102b18c deff_068_optimus_prime,text_printf_msg,0xd,2,0x54,0x1d,1282,"%,02lu",102b2c0,"%,02lu deff task arg (task+0x30)",0,
68,0x102f200 FUN_0102f200,text_printf_msg,0,4,0x26,iVar5,1282,"%,02lu",102f2ec,"%,02lu FUN_0102f190()@0x102f190{= RAM 0x21120b4}",0,
68,0x102f200 FUN_0102f200,text_printf_msg,0,4,0x26,iVar7,1282,"%,02lu",102f36c,"%,02lu (FUN_0001cacc([loop counter: from 1, then self + 1 & 0xff]))",0,
68,0x102f200 FUN_0102f200,text_printf_msg,1,4,0x27,uVar3,1745,%d-WAY,102f5a8,%d FUN_0102f1b0()@0x102f1b0{= RAM 0x21120ac} & 0xffff,,
68,0x102f200 FUN_0102f200,text_printf_msg,1,4,0x27,uVar3,1746,COMBO,102f620,? FUN_0102f1b0()@0x102f1b0{= RAM 0x21120ac} & 0xffff,,
68,0x102f200 FUN_0102f200,text_printf_msg,1,4,iVar5,iVar7,1747,%d COMBO%P1//S/%,102f6cc,%d FUN_0102f1e0()@0x102f1e0{= RAM 0x21120ae} & 0xffff; %P FUN_0102f1e0()@0x102f1e0{= RAM 0x21120ae} & 0xffff,,
69,0x102f200 FUN_0102f200,text_printf_msg,0,4,0x26,iVar5,1282,"%,02lu",102f2ec,"%,02lu FUN_0102f190()@0x102f190{= RAM 0x21120b4}",0,
69,0x102f200 FUN_0102f200,text_printf_msg,0,4,0x26,iVar7,1282,"%,02lu",102f36c,"%,02lu (FUN_0001cacc([loop counter: from 1, then self + 1 & 0xff]))",0,
69,0x102f200 FUN_0102f200,text_printf_msg,1,4,0x27,uVar3,1745,%d-WAY,102f5a8,%d FUN_0102f1b0()@0x102f1b0{= RAM 0x21120ac} & 0xffff,,
69,0x102f200 FUN_0102f200,text_printf_msg,1,4,0x27,uVar3,1746,COMBO,102f620,? FUN_0102f1b0()@0x102f1b0{= RAM 0x21120ac} & 0xffff,,
69,0x102f200 FUN_0102f200,text_printf_msg,1,4,iVar5,iVar7,1747,%d COMBO%P1//S/%,102f6cc,%d FUN_0102f1e0()@0x102f1e0{= RAM 0x21120ae} & 0xffff; %P FUN_0102f1e0()@0x102f1e0{= RAM 0x21120ae} & 0xffff,,
70,0x100cd04 deff_070_megatron,text_draw_msg_page,1,2,99,8,1405,MEGATRON,100cd7c,,,
70,0x100cd04 deff_070_megatron,text_draw_msg_page,1,2,99,0xe,1406,MULTIBALL,100cda4,,,
70,0x100cd04 deff_070_megatron,text_draw_msg_page,1,2,99,0x16,1407,SHOOT FLASHING,100cde4,,,
70,0x100cd04 deff_070_megatron,text_draw_msg_page,1,2,99,0x1c,uVar2,(message id computed at run time),100ce24,,,
70,0x100cd04 deff_070_megatron,text_draw_msg_page,1,2,99,0x16,1409,SHOOT FLASHING,100ce4c,,,
70,0x100cd04 deff_070_megatron,text_draw_msg_page,1,2,99,0x16,1411,SHOOT,100ce88,,,
70,0x100cd04 deff_070_megatron,text_draw_msg_page,1,2,99,0x1c,1412,MEGATRON,100ceb0,,,
70,0x102f200 FUN_0102f200,text_printf_msg,0,4,0x26,iVar5,1282,"%,02lu",102f2ec,"%,02lu FUN_0102f190()@0x102f190{= RAM 0x21120b4}",0,
70,0x102f200 FUN_0102f200,text_printf_msg,0,4,0x26,iVar7,1282,"%,02lu",102f36c,"%,02lu (FUN_0001cacc([loop counter: from 1, then self + 1 & 0xff]))",0,
70,0x102f200 FUN_0102f200,text_printf_msg,1,4,0x27,uVar3,1745,%d-WAY,102f5a8,%d FUN_0102f1b0()@0x102f1b0{= RAM 0x21120ac} & 0xffff,,
70,0x102f200 FUN_0102f200,text_printf_msg,1,4,0x27,uVar3,1746,COMBO,102f620,? FUN_0102f1b0()@0x102f1b0{= RAM 0x21120ac} & 0xffff,,
70,0x102f200 FUN_0102f200,text_printf_msg,1,4,iVar5,iVar7,1747,%d COMBO%P1//S/%,102f6cc,%d FUN_0102f1e0()@0x102f1e0{= RAM 0x21120ae} & 0xffff; %P FUN_0102f1e0()@0x102f1e0{= RAM 0x21120ae} & 0xffff,,
71,0x100d214 deff_071_jackpot,text_draw_msg_page,0xd,2,0x54,0xd,1413,JACKPOT,100d314,,,
71,0x100d214 deff_071_jackpot,text_printf_msg,0x12,2,0x54,0x1b,1282,"%,02lu",100d358,"%,02lu deff task arg (task+0x30) {set by starter: [loop counter: from FUN_0100bf14()@0x100bf14, then score_add(uVar7 * self)] @0x100c430}",0,
72,0x100d550 deff_072_double_jackpot,text_draw_msg_page,uVar5,2,0x54,0xd,1414,DOUBLE JACKPOT,100d65c,,,
72,0x100d550 deff_072_double_jackpot,text_printf_msg,0x12,2,0x54,0x1b,1282,"%,02lu",100d6a0,"%,02lu deff task arg (task+0x30) {set by starter: [loop counter: from FUN_0100bf70()@0x100bf70, then score_add(uVar7 * self)] @0x100c430}",0,
73,0x100d7bc deff_073_super_jackpot,text_draw_msg_page,0xb,2,0x54,0xd,1415,SUPER JACKPOT,100d888,,,
73,0x100d7bc deff_073_super_jackpot,text_printf_msg,0x12,2,0x54,0x1b,1282,"%,02lu",100d8cc,"%,02lu deff task arg (task+0x30) {set by starter: [loop counter: from FUN_0100c024()@0x100c024, then score_add(uVar7 * self)] @0x100c430}",0,
74,0x100d97c deff_074_megatron,text_draw_msg_page,3,2,99,7,1416,MEGATRON,100da24,,,
74,0x100d97c deff_074_megatron,text_draw_msg_page,3,2,99,0xd,1417,MULTIBALL,100da48,,,
74,0x100d97c deff_074_megatron,text_draw_msg_page,3,2,99,0x13,1418,TOTAL:,100da6c,,,
74,0x100d97c deff_074_megatron,text_printf_msg_fit_page,&DAT_040c64b0,2,99,0x1c,1282,"%,02lu",100dabc,"%,02lu deff task arg (task+0x30)",0,13 11 7 1 0
74,0x102f200 FUN_0102f200,text_printf_msg,0,4,0x26,iVar5,1282,"%,02lu",102f2ec,"%,02lu FUN_0102f190()@0x102f190{= RAM 0x21120b4}",0,
74,0x102f200 FUN_0102f200,text_printf_msg,0,4,0x26,iVar7,1282,"%,02lu",102f36c,"%,02lu (FUN_0001cacc([loop counter: from 1, then self + 1 & 0xff]))",0,
74,0x102f200 FUN_0102f200,text_printf_msg,1,4,0x27,uVar3,1745,%d-WAY,102f5a8,%d FUN_0102f1b0()@0x102f1b0{= RAM 0x21120ac} & 0xffff,,
74,0x102f200 FUN_0102f200,text_printf_msg,1,4,0x27,uVar3,1746,COMBO,102f620,? FUN_0102f1b0()@0x102f1b0{= RAM 0x21120ac} & 0xffff,,
74,0x102f200 FUN_0102f200,text_printf_msg,1,4,iVar5,iVar7,1747,%d COMBO%P1//S/%,102f6cc,%d FUN_0102f1e0()@0x102f1e0{= RAM 0x21120ae} & 0xffff; %P FUN_0102f1e0()@0x102f1e0{= RAM 0x21120ae} & 0xffff,,
75,0x102f200 FUN_0102f200,text_printf_msg,0,4,0x26,iVar5,1282,"%,02lu",102f2ec,"%,02lu FUN_0102f190()@0x102f190{= RAM 0x21120b4}",0,
75,0x102f200 FUN_0102f200,text_printf_msg,0,4,0x26,iVar7,1282,"%,02lu",102f36c,"%,02lu (FUN_0001cacc([loop counter: from 1, then self + 1 & 0xff]))",0,
75,0x102f200 FUN_0102f200,text_printf_msg,1,4,0x27,uVar3,1745,%d-WAY,102f5a8,%d FUN_0102f1b0()@0x102f1b0{= RAM 0x21120ac} & 0xffff,,
75,0x102f200 FUN_0102f200,text_printf_msg,1,4,0x27,uVar3,1746,COMBO,102f620,? FUN_0102f1b0()@0x102f1b0{= RAM 0x21120ac} & 0xffff,,
75,0x102f200 FUN_0102f200,text_printf_msg,1,4,iVar5,iVar7,1747,%d COMBO%P1//S/%,102f6cc,%d FUN_0102f1e0()@0x102f1e0{= RAM 0x21120ae} & 0xffff; %P FUN_0102f1e0()@0x102f1e0{= RAM 0x21120ae} & 0xffff,,
76,0x100ebd0 deff_076_megatron,text_draw_msg_page,1,2,99,8,1423,MEGATRON,100ec78,,,
76,0x100ebd0 deff_076_megatron,text_draw_msg_page,1,2,99,0xe,1424,MULTIBALL,100eca4,,,
76,0x100ebd0 deff_076_megatron,text_draw_msg_page,1,2,99,0x16,1425,SHOOT FLASHING,100ecec,,,
76,0x100ebd0 deff_076_megatron,text_draw_msg_page,1,2,99,0x1c,uVar1,(message id computed at run time),100ed30,,,
76,0x100ebd0 deff_076_megatron,text_draw_msg_page,1,2,99,0x16,1427,SHOOT FLASHING,100ed60,,,
76,0x100ebd0 deff_076_megatron,text_draw_msg_page,1,2,0x61,0x16,1429,SHOOT,100eda4,,,
76,0x100ebd0 deff_076_megatron,text_draw_msg_page,1,2,0x61,0x1c,1430,OPTIMUS PRIME,100edd8,,,
76,0x102f200 FUN_0102f200,text_printf_msg,0,4,0x26,iVar5,1282,"%,02lu",102f2ec,"%,02lu FUN_0102f190()@0x102f190{= RAM 0x21120b4}",0,
76,0x102f200 FUN_0102f200,text_printf_msg,0,4,0x26,iVar7,1282,"%,02lu",102f36c,"%,02lu (FUN_0001cacc([loop counter: from 1, then self + 1 & 0xff]))",0,
76,0x102f200 FUN_0102f200,text_printf_msg,1,4,0x27,uVar3,1745,%d-WAY,102f5a8,%d FUN_0102f1b0()@0x102f1b0{= RAM 0x21120ac} & 0xffff,,
76,0x102f200 FUN_0102f200,text_printf_msg,1,4,0x27,uVar3,1746,COMBO,102f620,? FUN_0102f1b0()@0x102f1b0{= RAM 0x21120ac} & 0xffff,,
76,0x102f200 FUN_0102f200,text_printf_msg,1,4,iVar5,iVar7,1747,%d COMBO%P1//S/%,102f6cc,%d FUN_0102f1e0()@0x102f1e0{= RAM 0x21120ae} & 0xffff; %P FUN_0102f1e0()@0x102f1e0{= RAM 0x21120ae} & 0xffff,,
77,0x100f3b4 deff_077_jackpot,text_draw_msg_page,0xd,2,0x54,0xd,1431,JACKPOT,100f5c4,,,
77,0x100f3b4 deff_077_jackpot,text_printf_msg,0x12,2,0x54,0x1b,1282,"%,02lu",100f60c,"%,02lu deff task arg (task+0x30) {set by starter: [loop counter: from score_add(100000), then score_add(uVar9 * self)] @0x100e29c}",0,
77,0x102f200 FUN_0102f200,text_printf_msg,0,4,0x26,iVar5,1282,"%,02lu",102f2ec,"%,02lu FUN_0102f190()@0x102f190{= RAM 0x21120b4}",0,
77,0x102f200 FUN_0102f200,text_printf_msg,0,4,0x26,iVar7,1282,"%,02lu",102f36c,"%,02lu (FUN_0001cacc([loop counter: from 1, then self + 1 & 0xff]))",0,
77,0x102f200 FUN_0102f200,text_printf_msg,1,4,0x27,uVar3,1745,%d-WAY,102f5a8,%d FUN_0102f1b0()@0x102f1b0{= RAM 0x21120ac} & 0xffff,,
77,0x102f200 FUN_0102f200,text_printf_msg,1,4,0x27,uVar3,1746,COMBO,102f620,? FUN_0102f1b0()@0x102f1b0{= RAM 0x21120ac} & 0xffff,,
77,0x102f200 FUN_0102f200,text_printf_msg,1,4,iVar5,iVar7,1747,%d COMBO%P1//S/%,102f6cc,%d FUN_0102f1e0()@0x102f1e0{= RAM 0x21120ae} & 0xffff; %P FUN_0102f1e0()@0x102f1e0{= RAM 0x21120ae} & 0xffff,,
78,0x100f6dc deff_078_double_jackpot,text_draw_msg_page,uVar5,2,0x54,0xd,1432,DOUBLE JACKPOT,100f7e4,,,
78,0x100f6dc deff_078_double_jackpot,text_printf_msg,0x12,2,0x54,0x1b,1282,"%,02lu",100f824,"%,02lu deff task arg (task+0x30) {set by starter: [loop counter: from FUN_0100df8c()@0x100df8c{= RAM 0x7a120}, then score_add(uVar9 * self)] @0x100e29c}",0,
79,0x100f958 deff_079,text_draw_msg_page,0xb,2,0x54,0xd,1433,SUPER JACKPOT,100fa24,,,
79,0x100f958 deff_079,text_printf_msg,0x12,2,0x54,0x1b,1282,"%,02lu",100fa68,"%,02lu deff task arg (task+0x30) {set by starter: [loop counter: from score_add(current_player() * 1000000), then score_add(uVar9 * self)] @0x100e29c}",0,
80,0x100fb18 deff_080_megatron,text_draw_msg_page,3,2,99,7,1434,MEGATRON,100fbc0,,,
80,0x100fb18 deff_080_megatron,text_draw_msg_page,3,2,99,0xd,1435,MULTIBALL,100fbe4,,,
80,0x100fb18 deff_080_megatron,text_draw_msg_page,3,2,99,0x13,1436,TOTAL:,100fc08,,,
80,0x100fb18 deff_080_megatron,text_printf_msg_fit_page,&DAT_040c66b4,2,99,0x1c,1282,"%,02lu",100fc58,"%,02lu deff task arg (task+0x30)",0,13 11 7 1 0
80,0x102f200 FUN_0102f200,text_printf_msg,0,4,0x26,iVar5,1282,"%,02lu",102f2ec,"%,02lu FUN_0102f190()@0x102f190{= RAM 0x21120b4}",0,
80,0x102f200 FUN_0102f200,text_printf_msg,0,4,0x26,iVar7,1282,"%,02lu",102f36c,"%,02lu (FUN_0001cacc([loop counter: from 1, then self + 1 & 0xff]))",0,
80,0x102f200 FUN_0102f200,text_printf_msg,1,4,0x27,uVar3,1745,%d-WAY,102f5a8,%d FUN_0102f1b0()@0x102f1b0{= RAM 0x21120ac} & 0xffff,,
80,0x102f200 FUN_0102f200,text_printf_msg,1,4,0x27,uVar3,1746,COMBO,102f620,? FUN_0102f1b0()@0x102f1b0{= RAM 0x21120ac} & 0xffff,,
80,0x102f200 FUN_0102f200,text_printf_msg,1,4,iVar5,iVar7,1747,%d COMBO%P1//S/%,102f6cc,%d FUN_0102f1e0()@0x102f1e0{= RAM 0x21120ae} & 0xffff; %P FUN_0102f1e0()@0x102f1e0{= RAM 0x21120ae} & 0xffff,,
81,0x1010544 deff_081_complete_all_shots,text_draw_msg_page,1,2,0x54,10,1477,COMPLETE ALL SHOTS,10106b0,,,
81,0x1010544 deff_081_complete_all_shots,text_draw_msg_page,1,2,0x54,0x11,1478,FOR,10106d4,,,
81,0x1010544 deff_081_complete_all_shots,text_draw_msg_page,uVar3,2,0x54,0x1b,1479,SUPER JACKPOT,10106f8,,,
81,0x102f200 FUN_0102f200,text_printf_msg,0,4,0x26,iVar5,1282,"%,02lu",102f2ec,"%,02lu FUN_0102f190()@0x102f190{= RAM 0x21120b4}",0,
81,0x102f200 FUN_0102f200,text_printf_msg,0,4,0x26,iVar7,1282,"%,02lu",102f36c,"%,02lu (FUN_0001cacc([loop counter: from 1, then self + 1 & 0xff]))",0,
81,0x102f200 FUN_0102f200,text_printf_msg,1,4,0x27,uVar3,1745,%d-WAY,102f5a8,%d FUN_0102f1b0()@0x102f1b0{= RAM 0x21120ac} & 0xffff,,
81,0x102f200 FUN_0102f200,text_printf_msg,1,4,0x27,uVar3,1746,COMBO,102f620,? FUN_0102f1b0()@0x102f1b0{= RAM 0x21120ac} & 0xffff,,
81,0x102f200 FUN_0102f200,text_printf_msg,1,4,iVar5,iVar7,1747,%d COMBO%P1//S/%,102f6cc,%d FUN_0102f1e0()@0x102f1e0{= RAM 0x21120ae} & 0xffff; %P FUN_0102f1e0()@0x102f1e0{= RAM 0x21120ae} & 0xffff,,
82,0x10107e8 deff_082_all_hail_megatron,text_draw_msg_page,1,2,0x54,8,uVar2,(message id computed at run time),1010858,,,
82,0x10107e8 deff_082_all_hail_megatron,text_printf_msg,1,2,0x54,0x17,1482,"NEXT SHOT = %,02lu",10108e0,"%,02lu FUN_01010100()@0x1010100",,
82,0x10107e8 deff_082_all_hail_megatron,text_printf_msg,1,2,0x54,0x1d,1483,"SUPER = %,02lu",1010910,"%,02lu RAM 0x34eac",500000,
82,0x10107e8 deff_082_all_hail_megatron,text_draw_msg_page,1,2,0x54,0x11,1484,SUPER LIT,1010894,,,
82,0x10107e8 deff_082_all_hail_megatron,text_draw_msg_page,1,2,0x54,0x17,1485,SHOOT THE ALLSPARK,10108b8,,,
82,0x10107e8 deff_082_all_hail_megatron,text_printf_msg,1,2,0x54,0x1d,1486,"SUPER = %,02lu",1010938,"%,02lu RAM 0x34eac",0,
82,0x102f200 FUN_0102f200,text_printf_msg,0,4,0x26,iVar5,1282,"%,02lu",102f2ec,"%,02lu FUN_0102f190()@0x102f190{= RAM 0x21120b4}",0,
82,0x102f200 FUN_0102f200,text_printf_msg,0,4,0x26,iVar7,1282,"%,02lu",102f36c,"%,02lu (FUN_0001cacc([loop counter: from 1, then self + 1 & 0xff]))",0,
82,0x102f200 FUN_0102f200,text_printf_msg,1,4,0x27,uVar3,1745,%d-WAY,102f5a8,%d FUN_0102f1b0()@0x102f1b0{= RAM 0x21120ac} & 0xffff,,
82,0x102f200 FUN_0102f200,text_printf_msg,1,4,0x27,uVar3,1746,COMBO,102f620,? FUN_0102f1b0()@0x102f1b0{= RAM 0x21120ac} & 0xffff,,
82,0x102f200 FUN_0102f200,text_printf_msg,1,4,iVar5,iVar7,1747,%d COMBO%P1//S/%,102f6cc,%d FUN_0102f1e0()@0x102f1e0{= RAM 0x21120ae} & 0xffff; %P FUN_0102f1e0()@0x102f1e0{= RAM 0x21120ae} & 0xffff,,
83,0x1011750 deff_083_soundwave,text_draw_msg_page,3,2,uVar9,6,uVar6,(message id computed at run time),10118d0,,,
83,0x1011750 deff_083_soundwave,text_printf_msg,9,2,x,0x1d,1282,"%,02lu",101192c,"%,02lu deff task arg (task+0x30) {set by starter: (score_add(FUN_01023538()@0x1023538 * FUN_01010100()@0x1010100)) @0x1010174}",0,
83,0x1011750 deff_083_soundwave,text_printf_msg,0x12,2,0x54,0x14,1282,"%,02lu",10119a0,"%,02lu deff task arg (task+0x30) {set by starter: (score_add(FUN_01023538()@0x1023538 * FUN_01010100()@0x1010100)) @0x1010174}",,
84,0x1011a54 deff_084_all_hail_megatron,text_draw_msg_page,1,2,0x54,8,1501,ALL HAIL MEGATRON,1011c0c,,,
84,0x1011a54 deff_084_all_hail_megatron,text_draw_msg_page,1,2,0x54,0xe,1502,COMPLETED,1011c30,,,
84,0x1011a54 deff_084_all_hail_megatron,text_draw_msg_page,1,2,0x54,8,1499,AUTOBOTS ROLL OUT,1011c68,,,
84,0x1011a54 deff_084_all_hail_megatron,text_draw_msg_page,1,2,0x54,0xe,1500,COMPLETED,1011c8c,,,
84,0x1011a54 deff_084_all_hail_megatron,text_printf_msg,0x12,2,0x54,0x1c,1282,"%,02lu",1011cd4,"%,02lu deff task arg (task+0x30)",0,
84,0x102f200 FUN_0102f200,text_printf_msg,0,4,0x26,iVar5,1282,"%,02lu",102f2ec,"%,02lu FUN_0102f190()@0x102f190{= RAM 0x21120b4}",0,
84,0x102f200 FUN_0102f200,text_printf_msg,0,4,0x26,iVar7,1282,"%,02lu",102f36c,"%,02lu (FUN_0001cacc([loop counter: from 1, then self + 1 & 0xff]))",0,
84,0x102f200 FUN_0102f200,text_printf_msg,1,4,0x27,uVar3,1745,%d-WAY,102f5a8,%d FUN_0102f1b0()@0x102f1b0{= RAM 0x21120ac} & 0xffff,,
84,0x102f200 FUN_0102f200,text_printf_msg,1,4,0x27,uVar3,1746,COMBO,102f620,? FUN_0102f1b0()@0x102f1b0{= RAM 0x21120ac} & 0xffff,,
84,0x102f200 FUN_0102f200,text_printf_msg,1,4,iVar5,iVar7,1747,%d COMBO%P1//S/%,102f6cc,%d FUN_0102f1e0()@0x102f1e0{= RAM 0x21120ae} & 0xffff; %P FUN_0102f1e0()@0x102f1e0{= RAM 0x21120ae} & 0xffff,,
85,0x1011d88 deff_085_all_hail_megatron,text_draw_msg_page,1,2,0x54,0xb,uVar2,(message id computed at run time),1011e14,,,
85,0x1011d88 deff_085_all_hail_megatron,text_draw_msg_page,1,2,0x54,0x11,uVar2,(message id computed at run time),1011e58,,,
85,0x1011d88 deff_085_all_hail_megatron,text_printf_msg,0xd,2,0x54,0x1a,1282,"%,02lu",1011e94,"%,02lu deff task arg (task+0x30)",0,
85,0x102f200 FUN_0102f200,text_printf_msg,0,4,0x26,iVar5,1282,"%,02lu",102f2ec,"%,02lu FUN_0102f190()@0x102f190{= RAM 0x21120b4}",0,
85,0x102f200 FUN_0102f200,text_printf_msg,0,4,0x26,iVar7,1282,"%,02lu",102f36c,"%,02lu (FUN_0001cacc([loop counter: from 1, then self + 1 & 0xff]))",0,
85,0x102f200 FUN_0102f200,text_printf_msg,1,4,0x27,uVar3,1745,%d-WAY,102f5a8,%d FUN_0102f1b0()@0x102f1b0{= RAM 0x21120ac} & 0xffff,,
85,0x102f200 FUN_0102f200,text_printf_msg,1,4,0x27,uVar3,1746,COMBO,102f620,? FUN_0102f1b0()@0x102f1b0{= RAM 0x21120ac} & 0xffff,,
85,0x102f200 FUN_0102f200,text_printf_msg,1,4,iVar5,iVar7,1747,%d COMBO%P1//S/%,102f6cc,%d FUN_0102f1e0()@0x102f1e0{= RAM 0x21120ae} & 0xffff; %P FUN_0102f1e0()@0x102f1e0{= RAM 0x21120ae} & 0xffff,,
86,0x10369b0 deff_086_battle,text_draw_msg_page,1,2,0x54,0xb,1507,BATTLE,1036b70,,,
86,0x10369b0 deff_086_battle,text_draw_msg_page,1,2,0x54,0x12,1508,FOR,1036b94,,,
86,0x10369b0 deff_086_battle,text_draw_msg_page,0xb,2,0x54,0x1c,1509,CYBERTRON,1036bb8,,,
86,0x10369b0 deff_086_battle,text_draw_msg_page,1,2,0x54,10,1510,COMPLETE ALL SHOTS,1036c18,,,
86,0x10369b0 deff_086_battle,text_draw_msg_page,1,2,0x54,0x11,1511,FOR,1036c3c,,,
86,0x10369b0 deff_086_battle,text_draw_msg_page,0xb,2,0x54,0x1b,1512,SUPER JACKPOT,1036c60,,,
86,0x102f200 FUN_0102f200,text_printf_msg,0,4,0x26,iVar5,1282,"%,02lu",102f2ec,"%,02lu FUN_0102f190()@0x102f190{= RAM 0x21120b4}",0,
86,0x102f200 FUN_0102f200,text_printf_msg,0,4,0x26,iVar7,1282,"%,02lu",102f36c,"%,02lu (FUN_0001cacc([loop counter: from 1, then self + 1 & 0xff]))",0,
86,0x102f200 FUN_0102f200,text_printf_msg,1,4,0x27,uVar3,1745,%d-WAY,102f5a8,%d FUN_0102f1b0()@0x102f1b0{= RAM 0x21120ac} & 0xffff,,
86,0x102f200 FUN_0102f200,text_printf_msg,1,4,0x27,uVar3,1746,COMBO,102f620,? FUN_0102f1b0()@0x102f1b0{= RAM 0x21120ac} & 0xffff,,
86,0x102f200 FUN_0102f200,text_printf_msg,1,4,iVar5,iVar7,1747,%d COMBO%P1//S/%,102f6cc,%d FUN_0102f1e0()@0x102f1e0{= RAM 0x21120ae} & 0xffff; %P FUN_0102f1e0()@0x102f1e0{= RAM 0x21120ae} & 0xffff,,
87,0x1036d50 deff_087_next_shot_500_000,text_printf_msg,1,2,0x54,0x1f,1514,"NEXT SHOT = %,02lu",1036ffc,"%,02lu FUN_01036534()@0x1036534",500000,
87,0x1036d50 deff_087_next_shot_500_000,text_draw_msg_page,1,2,0x54,0x19,1517,SHOOT THE ALLSPARK,1036f8c,,,
87,0x1036d50 deff_087_next_shot_500_000,text_printf_msg,1,2,0x54,0x1f,1518,"SUPER = %,02lu",1036fc0,"%,02lu RAM 0x35aa4",,
87,0x102f200 FUN_0102f200,text_printf_msg,0,4,0x26,iVar5,1282,"%,02lu",102f2ec,"%,02lu FUN_0102f190()@0x102f190{= RAM 0x21120b4}",0,
87,0x102f200 FUN_0102f200,text_printf_msg,0,4,0x26,iVar7,1282,"%,02lu",102f36c,"%,02lu (FUN_0001cacc([loop counter: from 1, then self + 1 & 0xff]))",0,
87,0x102f200 FUN_0102f200,text_printf_msg,1,4,0x27,uVar3,1745,%d-WAY,102f5a8,%d FUN_0102f1b0()@0x102f1b0{= RAM 0x21120ac} & 0xffff,,
87,0x102f200 FUN_0102f200,text_printf_msg,1,4,0x27,uVar3,1746,COMBO,102f620,? FUN_0102f1b0()@0x102f1b0{= RAM 0x21120ac} & 0xffff,,
87,0x102f200 FUN_0102f200,text_printf_msg,1,4,iVar5,iVar7,1747,%d COMBO%P1//S/%,102f6cc,%d FUN_0102f1e0()@0x102f1e0{= RAM 0x21120ae} & 0xffff; %P FUN_0102f1e0()@0x102f1e0{= RAM 0x21120ae} & 0xffff,,
88,0x1037258 deff_088,text_printf_msg,0x12,2,0x54,0x16,1282,"%,02lu",1037428,"%,02lu deff task arg (task+0x30) {set by starter: (score_add([loop counter: from 0, then self + 1] * FUN_01036534()@0x1036534)) @0x10365c4}",0,
89,0x10374dc deff_089_super_wizard,text_draw_msg_page,1,2,0x54,8,1519,SUPER WIZARD,1037684,,,
89,0x10374dc deff_089_super_wizard,text_draw_msg_page,1,2,0x54,0xe,1520,JACKPOT,10376a8,,,
89,0x10374dc deff_089_super_wizard,text_printf_msg_fit_page,&DAT_040c7b44,2,0x54,0x1c,1282,"%,02lu",10376f8,"%,02lu deff task arg (task+0x30) {set by starter: (score_add([loop counter: from FUN_01023538()@0x1023538, then self + 1] * RAM 0x35aa4)) @0x10365c4}",0,18 16 13 11 7 1 0
90,0x10377a4 deff_090_wizard_multiball,text_draw_msg_page,1,2,0x54,0xb,1521,WIZARD MULTIBALL,1037820,,,
90,0x10377a4 deff_090_wizard_multiball,text_draw_msg_page,1,2,0x54,0x11,1522,TOTAL:,1037844,,,
90,0x10377a4 deff_090_wizard_multiball,text_printf_msg,0xd,2,0x54,0x1a,1282,"%,02lu",1037884,"%,02lu deff task arg (task+0x30)",0,
90,0x102f200 FUN_0102f200,text_printf_msg,0,4,0x26,iVar5,1282,"%,02lu",102f2ec,"%,02lu FUN_0102f190()@0x102f190{= RAM 0x21120b4}",0,
90,0x102f200 FUN_0102f200,text_printf_msg,0,4,0x26,iVar7,1282,"%,02lu",102f36c,"%,02lu (FUN_0001cacc([loop counter: from 1, then self + 1 & 0xff]))",0,
90,0x102f200 FUN_0102f200,text_printf_msg,1,4,0x27,uVar3,1745,%d-WAY,102f5a8,%d FUN_0102f1b0()@0x102f1b0{= RAM 0x21120ac} & 0xffff,,
90,0x102f200 FUN_0102f200,text_printf_msg,1,4,0x27,uVar3,1746,COMBO,102f620,? FUN_0102f1b0()@0x102f1b0{= RAM 0x21120ac} & 0xffff,,
90,0x102f200 FUN_0102f200,text_printf_msg,1,4,iVar5,iVar7,1747,%d COMBO%P1//S/%,102f6cc,%d FUN_0102f1e0()@0x102f1e0{= RAM 0x21120ae} & 0xffff; %P FUN_0102f1e0()@0x102f1e0{= RAM 0x21120ae} & 0xffff,,
92,0x10185e0 deff_092_starscream,text_draw_msg_page,0x10,4,0x7f,0xe,1557,STARSCREAM,10186bc,,,
92,0x10185e0 deff_092_starscream,text_draw_msg_page,0x10,4,0x7f,0x1c,1558,BATTLE,10186e0,,,
93,0x1018720 deff_093,text_draw_msg_page,1,2,0x62,6,1562,STARSCREAM,10187bc,,,
93,0x1018720 deff_093,text_printf_msg,0x10,2,0x62,0x15,1563,%u,10187e8,%u RAM 0x35018,0,
93,0x1018720 deff_093,text_draw_msg_page,1,2,0x62,0x20,1564,SHOOT LIT SHOT,1018860,,,
93,0x1018720 deff_093,text_printf_msg,1,2,0x62,0x20,1565,SHOOT %u SHOT%P1//S/%,1018834,%u current_player(); %P current_player(),10;10,
94,0x10189a8 deff_094,text_printf_msg,0x12,2,0x54,0x16,1282,"%,02lu",1018bc8,"%,02lu deff task arg (task+0x30) {set by starter: 0 @0x1017b24}",0,
94,0x10189a8 deff_094,text_draw_msg_page,0xd,2,0x54,0xd,1463,STARSCREAM,1018c68,,,
94,0x10189a8 deff_094,text_draw_msg_page,0xd,2,0x54,0x19,1476,COMPLETED,1018c90,,,
94,0x102f200 FUN_0102f200,text_printf_msg,0,4,0x26,iVar5,1282,"%,02lu",102f2ec,"%,02lu FUN_0102f190()@0x102f190{= RAM 0x21120b4}",0,
94,0x102f200 FUN_0102f200,text_printf_msg,0,4,0x26,iVar7,1282,"%,02lu",102f36c,"%,02lu (FUN_0001cacc([loop counter: from 1, then self + 1 & 0xff]))",0,
94,0x102f200 FUN_0102f200,text_printf_msg,1,4,0x27,uVar3,1745,%d-WAY,102f5a8,%d FUN_0102f1b0()@0x102f1b0{= RAM 0x21120ac} & 0xffff,,
94,0x102f200 FUN_0102f200,text_printf_msg,1,4,0x27,uVar3,1746,COMBO,102f620,? FUN_0102f1b0()@0x102f1b0{= RAM 0x21120ac} & 0xffff,,
94,0x102f200 FUN_0102f200,text_printf_msg,1,4,iVar5,iVar7,1747,%d COMBO%P1//S/%,102f6cc,%d FUN_0102f1e0()@0x102f1e0{= RAM 0x21120ae} & 0xffff; %P FUN_0102f1e0()@0x102f1e0{= RAM 0x21120ae} & 0xffff,,
95,0x1018d38 deff_095_starscream,text_draw_msg_page,7,2,0x62,0xb,1568,STARSCREAM,1018df8,,,
95,0x1018d38 deff_095_starscream,text_draw_msg_page,3,2,0x62,0x12,1569,TOTAL:,1018e20,,,
95,0x1018d38 deff_095_starscream,text_printf_msg_fit_page,&DAT_040c6a84,2,0x62,0x1c,1282,"%,02lu",1018e6c,"%,02lu deff task arg (task+0x30)",0,13 11 7 0
96,0x101f274 deff_096,text_draw_msg_page,0x10,4,0x7f,0xe,1570,SHOCKWAVE,101f350,,,
96,0x101f274 deff_096,text_draw_msg_page,0x10,4,0x7f,0x1c,1571,BATTLE,101f374,,,
97,0x101f3b4 deff_097_shockwave,text_draw_msg_page,1,2,0x62,6,1575,SHOCKWAVE,101f4d0,,,
97,0x101f3b4 deff_097_shockwave,text_printf_msg,0x10,2,0x62,0x15,1576,%u,101f504,%u RAM 0x35150,0,
97,0x101f3b4 deff_097_shockwave,text_draw_msg_page,1,2,0x62,0x20,1577,SHOOT LIT SHOT,101f580,,,
97,0x101f3b4 deff_097_shockwave,text_printf_msg,1,2,0x62,0x20,1578,SHOOT %u SHOT%P1//S/%,101f554,%u current_player(); %P current_player(),11;11,
98,0x101f6c8 deff_098,text_printf_msg,0x12,2,0x54,0x16,1282,"%,02lu",101f8d8,"%,02lu deff task arg (task+0x30) {set by starter: 0 @0x101e5d4}",0,
98,0x101f6c8 deff_098,text_draw_msg_page,0xd,2,0x54,0xd,1464,SHOCKWAVE,101f97c,,,
98,0x101f6c8 deff_098,text_draw_msg_page,0xd,2,0x54,0x19,1476,COMPLETED,101f9a4,,,
98,0x102f200 FUN_0102f200,text_printf_msg,0,4,0x26,iVar5,1282,"%,02lu",102f2ec,"%,02lu FUN_0102f190()@0x102f190{= RAM 0x21120b4}",0,
98,0x102f200 FUN_0102f200,text_printf_msg,0,4,0x26,iVar7,1282,"%,02lu",102f36c,"%,02lu (FUN_0001cacc([loop counter: from 1, then self + 1 & 0xff]))",0,
98,0x102f200 FUN_0102f200,text_printf_msg,1,4,0x27,uVar3,1745,%d-WAY,102f5a8,%d FUN_0102f1b0()@0x102f1b0{= RAM 0x21120ac} & 0xffff,,
98,0x102f200 FUN_0102f200,text_printf_msg,1,4,0x27,uVar3,1746,COMBO,102f620,? FUN_0102f1b0()@0x102f1b0{= RAM 0x21120ac} & 0xffff,,
98,0x102f200 FUN_0102f200,text_printf_msg,1,4,iVar5,iVar7,1747,%d COMBO%P1//S/%,102f6cc,%d FUN_0102f1e0()@0x102f1e0{= RAM 0x21120ae} & 0xffff; %P FUN_0102f1e0()@0x102f1e0{= RAM 0x21120ae} & 0xffff,,
99,0x101fa48 deff_099_shockwave,text_draw_msg_page,7,2,0x62,0xb,1581,SHOCKWAVE,101fb00,,,
99,0x101fa48 deff_099_shockwave,text_draw_msg_page,3,2,0x62,0x12,1582,TOTAL:,101fb24,,,
99,0x101fa48 deff_099_shockwave,text_printf_msg_fit_page,&DAT_040c6cf0,2,0x62,0x1c,1282,"%,02lu",101fb74,"%,02lu deff task arg (task+0x30)",0,13 11 7 0
100,0x101d768 deff_100_blackout,text_draw_msg_page,0x10,4,0x7f,0xe,1583,BLACKOUT,101d848,,,
100,0x101d768 deff_100_blackout,text_draw_msg_page,0x10,4,0x7f,0x1c,1584,BATTLE,101d86c,,,
101,0x101d8ac deff_101_blackout,text_draw_msg_page,1,2,0x65,6,1588,BLACKOUT,101d950,,,
101,0x101d8ac deff_101_blackout,text_printf_msg,0x10,2,0x65,0x15,1589,%u,101d97c,%u RAM 0x35104,0,
101,0x101d8ac deff_101_blackout,text_draw_msg_page,1,2,0x65,0x20,1590,SHOOT LIT SHOT,101d9f4,,,
101,0x101d8ac deff_101_blackout,text_printf_msg,1,2,0x65,0x20,1591,SHOOT %u SHOT%P1//S/%,101d9c8,%u current_player(); %P current_player(),11;11,
102,0x101dc18 deff_102,text_printf_msg,0x12,2,0x54,0x16,1282,"%,02lu",101de40,"%,02lu deff task arg (task+0x30) {set by starter: 0 @0x101cc6c}",,
102,0x101dc18 deff_102,text_draw_msg_page,0xd,2,0x54,0xd,1465,BLACKOUT,101dee4,,,
102,0x101dc18 deff_102,text_draw_msg_page,0xd,2,0x54,0x19,1476,COMPLETED,101df0c,,,
102,0x102f200 FUN_0102f200,text_printf_msg,0,4,0x26,iVar5,1282,"%,02lu",102f2ec,"%,02lu FUN_0102f190()@0x102f190{= RAM 0x21120b4}",,
102,0x102f200 FUN_0102f200,text_printf_msg,0,4,0x26,iVar7,1282,"%,02lu",102f36c,"%,02lu (FUN_0001cacc([loop counter: from 1, then self + 1 & 0xff]))",,
102,0x102f200 FUN_0102f200,text_printf_msg,1,4,0x27,uVar3,1745,%d-WAY,102f5a8,%d FUN_0102f1b0()@0x102f1b0{= RAM 0x21120ac} & 0xffff,,
102,0x102f200 FUN_0102f200,text_printf_msg,1,4,0x27,uVar3,1746,COMBO,102f620,? FUN_0102f1b0()@0x102f1b0{= RAM 0x21120ac} & 0xffff,,
102,0x102f200 FUN_0102f200,text_printf_msg,1,4,iVar5,iVar7,1747,%d COMBO%P1//S/%,102f6cc,%d FUN_0102f1e0()@0x102f1e0{= RAM 0x21120ae} & 0xffff; %P FUN_0102f1e0()@0x102f1e0{= RAM 0x21120ae} & 0xffff,,
103,0x101dfb4 deff_103_blackout,text_draw_msg_page,7,2,0x62,0xb,1594,BLACKOUT,101e074,,,
103,0x101dfb4 deff_103_blackout,text_draw_msg_page,3,2,0x62,0x12,1595,TOTAL:,101e098,,,
103,0x101dfb4 deff_103_blackout,text_printf_msg_fit_page,&DAT_040c6c64,2,0x62,0x1c,1282,"%,02lu",101e0e8,"%,02lu deff task arg (task+0x30)",0,13 11 7 0
104,0x1016c24 deff_104_devastator,text_draw_msg_page,0x10,4,0x7f,0xe,1596,DEVASTATOR,1016d18,,,
104,0x1016c24 deff_104_devastator,text_draw_msg_page,0x10,4,0x7f,0x1c,1597,BATTLE,1016d3c,,,
105,0x1016d7c deff_105_devastator,text_draw_msg_page,1,2,0x65,6,1601,DEVASTATOR,1016e50,,,
105,0x1016d7c deff_105_devastator,text_printf_msg,0x10,2,0x65,0x15,1602,%u,1016e80,%u RAM 0x34fcc,0,
105,0x1016d7c deff_105_devastator,text_draw_msg_page,1,2,0x65,0x20,1605,SHOOT R. ORBIT,1016eb0,,,
105,0x1016d7c deff_105_devastator,text_draw_msg_page,1,2,0x65,0x20,1603,SHOOT LIT SHOT,1016f24,,,
105,0x1016d7c deff_105_devastator,text_printf_msg,1,2,0x65,0x20,1604,SHOOT %u SHOT%P1//S/%,1016efc,%u current_player(); %P current_player(),10;10,
106,0x10170b8 deff_106,text_printf_msg,0x12,2,0x54,0x16,1282,"%,02lu",10172ec,"%,02lu deff task arg (task+0x30) {set by starter: 0 @0x1015f8c}",0,
106,0x10170b8 deff_106,text_draw_msg_page,0xd,2,0x54,0xd,1466,DEVASTATOR,1017390,,,
106,0x10170b8 deff_106,text_draw_msg_page,0xd,2,0x54,0x19,1476,COMPLETED,10173b8,,,
106,0x102f200 FUN_0102f200,text_printf_msg,0,4,0x26,iVar5,1282,"%,02lu",102f2ec,"%,02lu FUN_0102f190()@0x102f190{= RAM 0x21120b4}",0,
106,0x102f200 FUN_0102f200,text_printf_msg,0,4,0x26,iVar7,1282,"%,02lu",102f36c,"%,02lu (FUN_0001cacc([loop counter: from 1, then self + 1 & 0xff]))",0,
106,0x102f200 FUN_0102f200,text_printf_msg,1,4,0x27,uVar3,1745,%d-WAY,102f5a8,%d FUN_0102f1b0()@0x102f1b0{= RAM 0x21120ac} & 0xffff,,
106,0x102f200 FUN_0102f200,text_printf_msg,1,4,0x27,uVar3,1746,COMBO,102f620,? FUN_0102f1b0()@0x102f1b0{= RAM 0x21120ac} & 0xffff,,
106,0x102f200 FUN_0102f200,text_printf_msg,1,4,iVar5,iVar7,1747,%d COMBO%P1//S/%,102f6cc,%d FUN_0102f1e0()@0x102f1e0{= RAM 0x21120ae} & 0xffff; %P FUN_0102f1e0()@0x102f1e0{= RAM 0x21120ae} & 0xffff,,
107,0x1017460 deff_107_devastator,text_draw_msg_page,7,2,0x62,0xb,1608,DEVASTATOR,1017528,,,
107,0x1017460 deff_107_devastator,text_draw_msg_page,uVar4,2,0x62,0x12,1609,TOTAL:,101754c,,,
107,0x1017460 deff_107_devastator,text_printf_msg_fit_page,&DAT_040c69c0,2,0x62,0x1c,1282,"%,02lu",101759c,"%,02lu deff task arg (task+0x30)",0,13 11 7 0
108,0x101504c deff_108_bumblebee,text_draw_msg_page,0x10,4,0x7f,0xe,1610,BUMBLEBEE,1015120,,,
108,0x101504c deff_108_bumblebee,text_draw_msg_page,0x10,4,0x7f,0x1c,1611,BATTLE,1015144,,,
109,0x1015184 deff_109_bumblebee,text_draw_msg_page,1,2,0x47,6,1615,BUMBLEBEE,1015280,,,
109,0x1015184 deff_109_bumblebee,text_printf_msg,0x10,2,0x47,0x13,1282,"%,02lu",10152c0,"%,02lu RAM 0x34f70",,
109,0x1015184 deff_109_bumblebee,text_printf_msg,1,2,0x47,0x1a,1620,"BEE = %,02lu",10152ec,"%,02lu RAM 0x34f74",,
109,0x1015184 deff_109_bumblebee,text_draw_msg_page,1,2,0x47,0x20,1617,SHOOT LIT SHOT,1015310,,,
109,0x1015184 deff_109_bumblebee,text_printf_msg,0x10,2,0x47,0x13,1282,"%,02lu",1015344,"%,02lu RAM 0x34f7c",0,
109,0x1015184 deff_109_bumblebee,text_draw_msg_page,1,2,0x47,0x19,1618,SHOOT CAMARO,1015368,,,
109,0x1015184 deff_109_bumblebee,text_printf_msg,1,2,0x47,0x1f,1619,"FOR %,02lu",1015394,"%,02lu RAM 0x34f74",0,
110,0x101555c deff_110,text_printf_msg,0x12,2,0x54,0x16,1282,"%,02lu",1015734,"%,02lu deff task arg (task+0x30) {set by starter: (score_add(FUN_01023538()@0x1023538 * RAM 0x34f70)) @0x1014638 | score_add(RAM 0x34f74) @0x1014638}",0,
110,0x101555c deff_110,text_draw_msg_page,0xd,2,0x54,0xd,1468,BUMBLEBEE,10157d4,,,
110,0x101555c deff_110,text_draw_msg_page,0xd,2,0x54,0x19,1476,COMPLETED,10157fc,,,
110,0x102f200 FUN_0102f200,text_printf_msg,0,4,0x26,iVar5,1282,"%,02lu",102f2ec,"%,02lu FUN_0102f190()@0x102f190{= RAM 0x21120b4}",0,
110,0x102f200 FUN_0102f200,text_printf_msg,0,4,0x26,iVar7,1282,"%,02lu",102f36c,"%,02lu (FUN_0001cacc([loop counter: from 1, then self + 1 & 0xff]))",0,
110,0x102f200 FUN_0102f200,text_printf_msg,1,4,0x27,uVar3,1745,%d-WAY,102f5a8,%d FUN_0102f1b0()@0x102f1b0{= RAM 0x21120ac} & 0xffff,,
110,0x102f200 FUN_0102f200,text_printf_msg,1,4,0x27,uVar3,1746,COMBO,102f620,? FUN_0102f1b0()@0x102f1b0{= RAM 0x21120ac} & 0xffff,,
110,0x102f200 FUN_0102f200,text_printf_msg,1,4,iVar5,iVar7,1747,%d COMBO%P1//S/%,102f6cc,%d FUN_0102f1e0()@0x102f1e0{= RAM 0x21120ae} & 0xffff; %P FUN_0102f1e0()@0x102f1e0{= RAM 0x21120ae} & 0xffff,,
111,0x10158a4 deff_111,text_draw_msg_page,7,2,0x47,0xb,1623,BUMBLEBEE,1015964,,,
111,0x10158a4 deff_111,text_draw_msg_page,3,2,0x47,0x12,1624,TOTAL:,1015988,,,
111,0x10158a4 deff_111,text_printf_msg_fit_page,&DAT_040c68fc,2,0x47,0x1c,1282,"%,02lu",10159d8,"%,02lu deff task arg (task+0x30)",,13 11 7 0
112,0x101be20 deff_112_ironhide,text_draw_msg_page,0x10,4,0x7f,0xe,1625,IRONHIDE,101befc,,,
112,0x101be20 deff_112_ironhide,text_draw_msg_page,0x10,4,0x7f,0x1c,1626,BATTLE,101bf20,,,
113,0x101bf60 deff_113_ironhide,text_draw_msg_page,1,2,0x47,6,1630,IRONHIDE,101c01c,,,
113,0x101bf60 deff_113_ironhide,text_printf_msg,0x10,2,0x47,0x15,1631,%u,101c048,%u RAM 0x350b0,0,
113,0x101bf60 deff_113_ironhide,text_draw_msg_page,1,2,0x47,0x20,1632,SHOOT LIT SHOT,101c0c0,,,
113,0x101bf60 deff_113_ironhide,text_printf_msg,1,2,0x47,0x20,1633,SHOOT %u SHOT%P1//S/%,101c098,%u current_player(); %P current_player(),10;10,
114,0x101c208 deff_114,text_printf_msg,0x12,2,0x54,0x16,1282,"%,02lu",101c418,"%,02lu deff task arg (task+0x30) {set by starter: 0 @0x101afbc}",0,
114,0x101c208 deff_114,text_draw_msg_page,0xd,2,0x54,0xd,1469,IRONHIDE,101c4dc,,,
114,0x101c208 deff_114,text_draw_msg_page,0xd,2,0x54,0x19,1476,COMPLETED,101c504,,,
114,0x102f200 FUN_0102f200,text_printf_msg,0,4,0x26,iVar5,1282,"%,02lu",102f2ec,"%,02lu FUN_0102f190()@0x102f190{= RAM 0x21120b4}",0,
114,0x102f200 FUN_0102f200,text_printf_msg,0,4,0x26,iVar7,1282,"%,02lu",102f36c,"%,02lu (FUN_0001cacc([loop counter: from 1, then self + 1 & 0xff]))",0,
114,0x102f200 FUN_0102f200,text_printf_msg,1,4,0x27,uVar3,1745,%d-WAY,102f5a8,%d FUN_0102f1b0()@0x102f1b0{= RAM 0x21120ac} & 0xffff,,
114,0x102f200 FUN_0102f200,text_printf_msg,1,4,0x27,uVar3,1746,COMBO,102f620,? FUN_0102f1b0()@0x102f1b0{= RAM 0x21120ac} & 0xffff,,
114,0x102f200 FUN_0102f200,text_printf_msg,1,4,iVar5,iVar7,1747,%d COMBO%P1//S/%,102f6cc,%d FUN_0102f1e0()@0x102f1e0{= RAM 0x21120ae} & 0xffff; %P FUN_0102f1e0()@0x102f1e0{= RAM 0x21120ae} & 0xffff,,
115,0x101c590 deff_115_ironhide,text_draw_msg_page,7,2,0x47,0xb,1636,IRONHIDE,101c650,,,
115,0x101c590 deff_115_ironhide,text_draw_msg_page,3,2,0x47,0x12,1637,TOTAL:,101c674,,,
115,0x101c590 deff_115_ironhide,text_printf_msg_fit_page,&DAT_040c6bc4,2,0x47,0x1c,1282,"%,02lu",101c6c4,"%,02lu deff task arg (task+0x30)",,13 11 7 0
116,0x101a104 deff_116_mudflap,text_draw_msg_page,0x10,4,0x7f,0xe,1638,MUDFLAP,101a1e4,,,
116,0x101a104 deff_116_mudflap,text_draw_msg_page,0x10,4,0x7f,0x1c,1639,& SKIDS,101a208,,,
117,0x101a248 deff_117,text_draw_msg_page,1,2,0x4d,6,1643,MUDFLAP,101a300,,,
117,0x101a248 deff_117,text_draw_msg_page,1,2,0x4d,0xc,1644,&,101a324,,,
117,0x101a248 deff_117,text_draw_msg_page,1,2,0x4d,0x12,1645,SKIDS,101a348,,,
117,0x101a248 deff_117,text_draw_msg_page,1,2,uVar3,0x20,1647,SHOOT LIT SHOT,101a3f4,,,
117,0x101a248 deff_117,text_printf_msg,1,2,0x4d,0x20,1648,SHOOT %u SHOT%P1//S/%,101a3a4,%u current_player(); %P current_player(),11;11,
118,0x101a538 deff_118,text_printf_msg,0x12,2,0x54,0x16,1282,"%,02lu",101a748,"%,02lu deff task arg (task+0x30) {set by starter: (score_add(FUN_01023538()@0x1023538 * FUN_010190e0()@0x10190e0)) @0x1019294}",0,
118,0x101a538 deff_118,text_draw_msg_page,0xd,2,0x54,10,1471,MUDFLAP,101a7e8,,,
118,0x101a538 deff_118,text_draw_msg_page,0xd,2,0x54,0x13,1472,& SKIDS,101a80c,,,
118,0x101a538 deff_118,text_draw_msg_page,0xd,2,0x54,0x1e,1476,COMPLETED,101a834,,,
118,0x102f200 FUN_0102f200,text_printf_msg,0,4,0x26,iVar5,1282,"%,02lu",102f2ec,"%,02lu FUN_0102f190()@0x102f190{= RAM 0x21120b4}",0,
118,0x102f200 FUN_0102f200,text_printf_msg,0,4,0x26,iVar7,1282,"%,02lu",102f36c,"%,02lu (FUN_0001cacc([loop counter: from 1, then self + 1 & 0xff]))",0,
118,0x102f200 FUN_0102f200,text_printf_msg,1,4,0x27,uVar3,1745,%d-WAY,102f5a8,%d FUN_0102f1b0()@0x102f1b0{= RAM 0x21120ac} & 0xffff,,
118,0x102f200 FUN_0102f200,text_printf_msg,1,4,0x27,uVar3,1746,COMBO,102f620,? FUN_0102f1b0()@0x102f1b0{= RAM 0x21120ac} & 0xffff,,
118,0x102f200 FUN_0102f200,text_printf_msg,1,4,iVar5,iVar7,1747,%d COMBO%P1//S/%,102f6cc,%d FUN_0102f1e0()@0x102f1e0{= RAM 0x21120ae} & 0xffff; %P FUN_0102f1e0()@0x102f1e0{= RAM 0x21120ae} & 0xffff,,
119,0x101a8dc deff_119,text_draw_msg_page,7,2,0x48,0xb,1651,MUDFLAP & SKIDS,101a99c,,,
119,0x101a8dc deff_119,text_draw_msg_fit,0x40c6b30,2,0x48,0x12,1652,TOTAL,101a9c8,,,3 7 0
119,0x101a8dc deff_119,text_printf_msg_fit_page,&DAT_040c6b20,2,0x48,0x1c,1282,"%,02lu",101aa18,"%,02lu deff task arg (task+0x30)",,13 11 7 0
120,0x1013628 deff_120_ratchet,text_draw_msg_page,0x10,4,0x7f,0xe,1653,RATCHET,1013708,,,
120,0x1013628 deff_120_ratchet,text_draw_msg_page,0x10,4,0x7f,0x1c,1654,BATTLE,101372c,,,
121,0x101376c deff_121_ratchet,text_draw_msg_page,1,2,0x4b,6,1658,RATCHET,1013808,,,
121,0x101376c deff_121_ratchet,text_printf_msg,0x10,2,0x4b,0x15,1659,%u,1013834,%u RAM 0x34f14,0,
121,0x101376c deff_121_ratchet,text_draw_msg_page,1,2,0x4b,0x20,1660,SHOOT LIT SHOT,10138ac,,,
121,0x101376c deff_121_ratchet,text_printf_msg,1,2,0x4b,0x20,1661,SHOOT %u SHOT%P1//S/%,1013880,%u current_player(); %P current_player(),11;11,
122,0x1013a1c deff_122,text_printf_msg,0x12,2,0x54,0x16,1282,"%,02lu",1013c30,"%,02lu deff task arg (task+0x30) {set by starter: 2 @0x1012508}",0,
122,0x1013a1c deff_122,text_draw_msg_page,0xd,2,0x54,0xd,1473,RATCHET,1013cd0,,,
122,0x1013a1c deff_122,text_draw_msg_page,0xd,2,0x54,0x19,1476,COMPLETED,1013cf4,,,
122,0x102f200 FUN_0102f200,text_printf_msg,0,4,0x26,iVar5,1282,"%,02lu",102f2ec,"%,02lu FUN_0102f190()@0x102f190{= RAM 0x21120b4}",0,
122,0x102f200 FUN_0102f200,text_printf_msg,0,4,0x26,iVar7,1282,"%,02lu",102f36c,"%,02lu (FUN_0001cacc([loop counter: from 1, then self + 1 & 0xff]))",0,
122,0x102f200 FUN_0102f200,text_printf_msg,1,4,0x27,uVar3,1745,%d-WAY,102f5a8,%d FUN_0102f1b0()@0x102f1b0{= RAM 0x21120ac} & 0xffff,,
122,0x102f200 FUN_0102f200,text_printf_msg,1,4,0x27,uVar3,1746,COMBO,102f620,? FUN_0102f1b0()@0x102f1b0{= RAM 0x21120ac} & 0xffff,,
122,0x102f200 FUN_0102f200,text_printf_msg,1,4,iVar5,iVar7,1747,%d COMBO%P1//S/%,102f6cc,%d FUN_0102f1e0()@0x102f1e0{= RAM 0x21120ae} & 0xffff; %P FUN_0102f1e0()@0x102f1e0{= RAM 0x21120ae} & 0xffff,,
123,0x1013d9c deff_123_ratchet,text_draw_msg_page,7,2,0x47,0xb,1664,RATCHET,1013e5c,,,
123,0x1013d9c deff_123_ratchet,text_draw_msg_page,3,2,0x47,0x12,1665,TOTAL,1013e84,,,
123,0x1013d9c deff_123_ratchet,text_printf_msg_fit_page,&DAT_040c6848,2,0x47,0x1c,1282,"%,02lu",1013ed0,"%,02lu deff task arg (task+0x30)",,13 11 7 0
124,0x1030b94 deff_124,text_draw_msg_page,0x10,2,0x54,0xd,1358,ALLSPARK,1030e04,,,
124,0x1030b94 deff_124,text_draw_msg_page,0x10,2,0x54,0x1b,1359,LIT,1030e2c,,,
124,0x102f200 FUN_0102f200,text_printf_msg,0,4,0x26,iVar5,1282,"%,02lu",102f2ec,"%,02lu FUN_0102f190()@0x102f190{= RAM 0x21120b4}",,
124,0x102f200 FUN_0102f200,text_printf_msg,0,4,0x26,iVar7,1282,"%,02lu",102f36c,"%,02lu (FUN_0001cacc([loop counter: from 1, then self + 1 & 0xff]))",,
124,0x102f200 FUN_0102f200,text_printf_msg,1,4,0x27,uVar3,1745,%d-WAY,102f5a8,%d FUN_0102f1b0()@0x102f1b0{= RAM 0x21120ac} & 0xffff,,
124,0x102f200 FUN_0102f200,text_printf_msg,1,4,0x27,uVar3,1746,COMBO,102f620,? FUN_0102f1b0()@0x102f1b0{= RAM 0x21120ac} & 0xffff,,
124,0x102f200 FUN_0102f200,text_printf_msg,1,4,iVar5,iVar7,1747,%d COMBO%P1//S/%,102f6cc,%d FUN_0102f1e0()@0x102f1e0{= RAM 0x21120ae} & 0xffff; %P FUN_0102f1e0()@0x102f1e0{= RAM 0x21120ae} & 0xffff,,
125,0x1031038 deff_125,text_draw_msg_page,0x10,2,0x54,0xd,1358,ALLSPARK,1031260,,,
125,0x1031038 deff_125,text_draw_msg_page,0x10,2,0x54,0x1b,1359,LIT,1031290,,,
125,0x102f200 FUN_0102f200,text_printf_msg,0,4,0x26,iVar5,1282,"%,02lu",102f2ec,"%,02lu FUN_0102f190()@0x102f190{= RAM 0x21120b4}",,
125,0x102f200 FUN_0102f200,text_printf_msg,0,4,0x26,iVar7,1282,"%,02lu",102f36c,"%,02lu (FUN_0001cacc([loop counter: from 1, then self + 1 & 0xff]))",,
125,0x102f200 FUN_0102f200,text_printf_msg,1,4,0x27,uVar3,1745,%d-WAY,102f5a8,%d FUN_0102f1b0()@0x102f1b0{= RAM 0x21120ac} & 0xffff,,
125,0x102f200 FUN_0102f200,text_printf_msg,1,4,0x27,uVar3,1746,COMBO,102f620,? FUN_0102f1b0()@0x102f1b0{= RAM 0x21120ac} & 0xffff,,
125,0x102f200 FUN_0102f200,text_printf_msg,1,4,iVar5,iVar7,1747,%d COMBO%P1//S/%,102f6cc,%d FUN_0102f1e0()@0x102f1e0{= RAM 0x21120ae} & 0xffff; %P FUN_0102f1e0()@0x102f1e0{= RAM 0x21120ae} & 0xffff,,
126,0x102eaec deff_126_0_more,text_printf_msg,font,flags,iVar2,0xd,1677,%u MORE,102ec14,%u deff task arg (task+0x30),,
126,0x102eaec deff_126_0_more,text_draw_msg_page,1,flags,iVar2,0x14,1678,FOR,102ec40,,,
126,0x102eaec deff_126_0_more,text_draw_msg_page,1,flags,iVar2,0x1b,1679,FAST SCORING,102ecc8,,,
126,0x102f200 FUN_0102f200,text_printf_msg,0,4,0x26,iVar5,1282,"%,02lu",102f2ec,"%,02lu FUN_0102f190()@0x102f190{= RAM 0x21120b4}",,
126,0x102f200 FUN_0102f200,text_printf_msg,0,4,0x26,iVar7,1282,"%,02lu",102f36c,"%,02lu (FUN_0001cacc([loop counter: from 1, then self + 1 & 0xff]))",,
126,0x102f200 FUN_0102f200,text_printf_msg,1,4,0x27,uVar3,1745,%d-WAY,102f5a8,%d FUN_0102f1b0()@0x102f1b0{= RAM 0x21120ac} & 0xffff,,
126,0x102f200 FUN_0102f200,text_printf_msg,1,4,0x27,uVar3,1746,COMBO,102f620,? FUN_0102f1b0()@0x102f1b0{= RAM 0x21120ac} & 0xffff,,
126,0x102f200 FUN_0102f200,text_printf_msg,1,4,iVar5,iVar7,1747,%d COMBO%P1//S/%,102f6cc,%d FUN_0102f1e0()@0x102f1e0{= RAM 0x21120ae} & 0xffff; %P FUN_0102f1e0()@0x102f1e0{= RAM 0x21120ae} & 0xffff,,
127,0x10018fc deff_127_bumblebee_grows,text_draw_msg_fit,0x40c5c3c,2,0x54,8,1680,BUMBLEBEE GROWS,1001950,,,4 2 6 0
127,0x10018fc deff_127_bumblebee_grows,text_printf_msg,0x10,2,0x54,0x15,1681,"%,02lu",1001990,"%,02lu deff task arg (task+0x30)",,
128,0x1001f90 FUN_01001f90,text_draw_msg_page,2,2,0x54,5,1683,SPELL,1002040,,,
128,0x1001f90 FUN_01001f90,text_draw_msg_page,uVar3,2,0x54,0x17,1684,FOR DOUBLE SCORING,1002068,,,
128,0x1001b38 FUN_01001b38,text_draw_msg_page,2,2,0x54,5,1683,SPELL,1001be8,,,
128,0x1001b38 FUN_01001b38,text_draw_msg_page,uVar3,2,0x54,0x17,1684,FOR DOUBLE SCORING,1001c10,,,
129,0x1003c5c deff_129_double,text_draw_msg_page,0x10,2,0x55,0xe,1687,DOUBLE,1003d28,,,
129,0x1003c5c deff_129_double,text_draw_msg_page,0x10,2,0x55,0x1c,1688,SCORING,1003d4c,,,
129,0x1003b40 FUN_01003b40,text_draw_msg_page,font_00,2,0x54,(iVar4 - uVar2) + -1,1689,ALL SCORES,1003be8,,,
129,0x1003b40 FUN_01003b40,text_draw_msg_page,font,2,0x54,iVar4,1690,DOUBLED,1003c0c,,,
129,0x1003b40 FUN_01003b40,text_printf_msg,font_00,2,0x54,iVar4 + (uint)uVar1 + 1,1691,FOR %u SECOND%P1//S/%,1003c40,%u (deff task arg (task+0x30) {set by starter: RAM 0x34be0 @0x10039a0}) & 0xff; %P (deff task arg (task+0x30) {set by starter: RAM 0x34be0 @0x10039a0}) & 0xff,,
130,0x1003e14 deff_130_double_scoring,text_draw_msg_page,1,2,0x55,6,1692,DOUBLE SCORING,1003e60,,,
130,0x1003e14 deff_130_double_scoring,text_printf_msg,0x12,2,0x55,0x16,1693,%u,1003e88,%u RAM 0x34be0,0,
130,0x1003e14 deff_130_double_scoring,text_draw_msg_page,1,2,0x55,0x1f,1694,ALL SCORES X 2,1003eac,,,
131,0x1004ba8 deff_131_fast,text_draw_msg_page,uVar3,2,0x54,8,1697,FAST,1004c2c,,,
131,0x1004ba8 deff_131_fast,text_draw_msg_page,uVar3,2,0x54,0xf,1698,SCORING,1004c50,,,
131,0x1004ba8 deff_131_fast,text_draw_msg_page,0x10,2,0x54,0x1c,1699,READY,1004c84,,,
132,0x1004de8 deff_132_fast,text_draw_msg_page,uVar2,2,0x54,0xe,1700,FAST,1004e9c,,,
132,0x1004de8 deff_132_fast,text_draw_msg_page,uVar2,2,0x54,0x1b,1701,SCORING,1004ec0,,,
132,0x1004cb8 FUN_01004cb8,text_draw_msg_page,font_00,2,0x54,(iVar4 - uVar2) + -1,1702,ALL TARGETS,1004d68,,,
132,0x1004cb8 FUN_01004cb8,text_draw_msg_page,font,2,0x54,iVar4,1703,SCORE,1004d8c,,,
132,0x1004cb8 FUN_01004cb8,text_printf_msg,font_00,2,0x54,iVar4 + (uint)uVar1 + 1,1704,"%,02lu POINTS",1004dc4,"%,02lu (deff task arg (task+0x30)); ? (deff task arg (task+0x30))",0;0,
133,0x1004ff4 deff_133_all_targets_00,text_printf_msg,1,1,0x2a,6,1706,%u,1005074,%u RAM 0x34c3c,0,
133,0x1004ff4 deff_133_all_targets_00,text_printf_msg,1,4,0x7f,6,1706,%u,100509c,%u RAM 0x34c3c,0,
133,0x1004ff4 deff_133_all_targets_00,text_printf_msg,0,2,0x55,0x1f,1707,"ALL TARGETS=%,02lu",10050c8,"%,02lu RAM 0x34c38",0,
134,0x102f200 FUN_0102f200,text_printf_msg,0,4,0x26,iVar5,1282,"%,02lu",102f2ec,"%,02lu FUN_0102f190()@0x102f190{= RAM 0x21120b4}",0,
134,0x102f200 FUN_0102f200,text_printf_msg,0,4,0x26,iVar7,1282,"%,02lu",102f36c,"%,02lu (FUN_0001cacc([loop counter: from 1, then self + 1 & 0xff]))",0,
134,0x102f200 FUN_0102f200,text_printf_msg,1,4,0x27,uVar3,1745,%d-WAY,102f5a8,%d FUN_0102f1b0()@0x102f1b0{= RAM 0x21120ac} & 0xffff,,
134,0x102f200 FUN_0102f200,text_printf_msg,1,4,0x27,uVar3,1746,COMBO,102f620,? FUN_0102f1b0()@0x102f1b0{= RAM 0x21120ac} & 0xffff,,
134,0x102f200 FUN_0102f200,text_printf_msg,1,4,iVar5,iVar7,1747,%d COMBO%P1//S/%,102f6cc,%d FUN_0102f1e0()@0x102f1e0{= RAM 0x21120ae} & 0xffff; %P FUN_0102f1e0()@0x102f1e0{= RAM 0x21120ae} & 0xffff,,
134,0x10050f0 FUN_010050f0,text_printf_msg,0x12,2,iVar6 + uVar3 + 0x10,iVar7 + 0xe,1709,%luK,10051a8,%lu ({task arg +0x30 = *(undefined4 *)(RAM 0x34c40 + RAM 0x34c6a * 4)}) / 1000,,
134,0x1005220 FUN_01005220,text_printf_msg,1,1,0x2a,6,1706,%u,10052dc,%u RAM 0x34c3c,0,
134,0x1005220 FUN_01005220,text_printf_msg,1,4,0x7f,6,1706,%u,1005308,%u RAM 0x34c3c,0,
134,0x1005220 FUN_01005220,text_printf_msg,0,2,0x55,0x1f,1707,"ALL TARGETS=%,02lu",100533c,"%,02lu RAM 0x34c38",0,
135,0x10054f8 deff_135_all,text_draw_msg_page,0x10,2,0x54,10,1712,ALL,10055b0,,,
135,0x10054f8 deff_135_all,text_draw_msg_page,0x10,2,0x54,0x15,1713,TARGETS,10055d4,,,
135,0x10054f8 deff_135_all,text_printf_msg,0x10,2,0x54,0x20,1714,"%,02lu",1005610,"%,02lu RAM 0x34c38",0,
136,0x1005648 deff_136_all_targets_00,text_printf_msg,1,1,0x2a,6,1706,%u,1005748,%u RAM 0x34c3c,0,
136,0x1005648 deff_136_all_targets_00,text_printf_msg,1,4,0x7f,6,1706,%u,100577c,%u RAM 0x34c3c,0,
136,0x1005648 deff_136_all_targets_00,text_printf_msg,0,2,0x55,0x1f,1707,"ALL TARGETS=%,02lu",10057b0,"%,02lu RAM 0x34c38",0,
136,0x1005648 deff_136_all_targets_00,text_draw_msg_page,uVar4,2,0x54,0xb,1715,TIME,10057e8,,,
136,0x1005648 deff_136_all_targets_00,text_draw_msg_page,uVar4,2,0x54,0x17,1716,EXTENDED,100581c,,,
137,0x1005910 deff_137,text_draw_msg_page,7,2,0x54,10,1717,FAST SCORING,1005994,,,
137,0x1005910 deff_137,text_draw_msg_page,uVar2,2,0x54,0x11,1718,TOTAL:,10059b8,,,
137,0x1005910 deff_137,text_printf_msg_fit_page,&DAT_040c5e6c,2,0x54,0x1d,1282,"%,02lu",1005a04,"%,02lu deff task arg (task+0x30)",0,16 13 11 7 1 0
138,0x100b2f0 deff_138_0_more,text_printf_msg,0xc,2,0x54,0xb,1719,%u MORE,100b38c,%u (deff task arg (task+0x30)),0,
138,0x100b2f0 deff_138_0_more,text_printf_msg,font,2,0x54,0x13,1720,TARGET COMPLETION%P1//S/%,100b3b8,%P (deff task arg (task+0x30)),0,
138,0x100b2f0 deff_138_0_more,text_draw_msg_page,font,2,0x54,0x1b,1721,TO LIGHT LOCK,100b3dc,,,
138,0x102f200 FUN_0102f200,text_printf_msg,0,4,0x26,iVar5,1282,"%,02lu",102f2ec,"%,02lu FUN_0102f190()@0x102f190{= RAM 0x21120b4}",0,
138,0x102f200 FUN_0102f200,text_printf_msg,0,4,0x26,iVar7,1282,"%,02lu",102f36c,"%,02lu (FUN_0001cacc([loop counter: from 1, then self + 1 & 0xff]))",0,
138,0x102f200 FUN_0102f200,text_printf_msg,1,4,0x27,uVar3,1745,%d-WAY,102f5a8,%d FUN_0102f1b0()@0x102f1b0{= RAM 0x21120ac} & 0xffff,,
138,0x102f200 FUN_0102f200,text_printf_msg,1,4,0x27,uVar3,1746,COMBO,102f620,? FUN_0102f1b0()@0x102f1b0{= RAM 0x21120ac} & 0xffff,,
138,0x102f200 FUN_0102f200,text_printf_msg,1,4,iVar5,iVar7,1747,%d COMBO%P1//S/%,102f6cc,%d FUN_0102f1e0()@0x102f1e0{= RAM 0x21120ae} & 0xffff; %P FUN_0102f1e0()@0x102f1e0{= RAM 0x21120ae} & 0xffff,,
139,0x100b468 deff_139,text_draw_msg_page,0x10,2,0x54,0xf,1723,LOCK,100b4e4,,,
139,0x100b468 deff_139,text_draw_msg_page,0x10,2,0x54,0x1b,1724,IS LIT,100b508,,,
140,0x100b7f0 deff_140_locked,text_printf_msg,0x10,2,0x54,0xf,1725,BALL %d,100b8b0,%d deff task arg (task+0x30),0,
140,0x100b7f0 deff_140_locked,text_draw_msg_page,0x10,2,0x54,0x1b,1726,LOCKED,100b8e4,,,
141,0x1025f18 deff_141_0_more,text_printf_msg,font,2,0x54,10,1728,%u MORE,1025fe0,"%u deff task arg (task+0x30) {set by starter: '\x04' - [loop counter: from RAM 0x2111f7b{current_player()}, then self + 1] @0x1025de4}",,
141,0x1025f18 deff_141_0_more,text_draw_msg_page,font,2,0x54,0x14,1729,TO ACCESS,1026004,,,
141,0x1025f18 deff_141_0_more,text_draw_msg_page,font,2,0x54,0x1e,1730,OPTIMUS,1026028,,,
142,0x10269d8 deff_142_destroy,text_draw_msg_page,0xb,1,0x29,9,1731,HUNT,1026b2c,,,
142,0x10269d8 deff_142_destroy,text_draw_msg_page,0xb,1,0x29,0x14,1732,FOR,1026b54,,,
142,0x10269d8 deff_142_destroy,text_draw_msg_page,0xb,1,0x29,0x1f,1733,DECEPTICONS,1026b7c,,,
142,0x10269d8 deff_142_destroy,text_draw_msg_page,0xb,2,0x54,9,1734,DESTROY,1026bbc,,,
142,0x10269d8 deff_142_destroy,text_draw_msg_page,0xb,2,0x54,0x14,1735,OPTIMUS,1026be0,,,
142,0x10269d8 deff_142_destroy,text_draw_msg_page,0xb,2,0x54,0x1f,1736,PRIME,1026c04,,,
142,0x10269d8 deff_142_destroy,text_draw_msg_page,0xb,1,0x29,9,1731,HUNT,1026cb4,,,
142,0x10269d8 deff_142_destroy,text_draw_msg_page,0xb,1,0x29,0x14,1732,FOR,1026ce8,,,
142,0x10269d8 deff_142_destroy,text_draw_msg_page,0xb,1,0x29,0x1f,1733,DECEPTICONS,1026d1c,,,
142,0x10269d8 deff_142_destroy,text_draw_msg_page,0xb,2,0x54,9,1734,DESTROY,1026da0,,,
142,0x10269d8 deff_142_destroy,text_draw_msg_page,0xb,2,0x54,0x14,1735,OPTIMUS,1026dd4,,,
142,0x10269d8 deff_142_destroy,text_draw_msg_page,0xb,2,0x54,0x1f,1736,PRIME,1026e08,,,
143,0x1026ec0 deff_143_optimus_battle,text_draw_msg_page,1,2,0x54,6,1737,OPTIMUS BATTLE!,1026f08,,,
143,0x1026ec0 deff_143_optimus_battle,text_draw_msg_page,1,2,0x54,0x1f,1738,SHOOT OPTIMUS,1026f2c,,,
144,0x102712c deff_144_more_to_start,text_printf_msg,0x10,2,0x54,0xd,1742,%d,10272f8,"%d deff task arg (task+0x30) {set by starter: [loop counter: from '\0', then self + -1] + '\x01' @0x10262f0}",0,
144,0x102712c deff_144_more_to_start,text_draw_msg_page,3,2,0x54,0x15,1743,MORE TO START,1027320,,,
144,0x102712c deff_144_more_to_start,text_draw_msg_fit,0x40c716c,2,0x54,0x1d,1744,OPTIMUS MULTIBALL,1027350,,,11 5 3 7 1 0
145,0x1032344 deff_145_right_spinner,text_draw_msg_page,2,2,0x54,7,1763,RIGHT SPINNER =,10323b0,,,
145,0x1032344 deff_145_right_spinner,text_printf_msg,2,2,0x54,0xf,1764,"%,02lu",10323e0,"%,02lu RAM 0x35734",,
145,0x1032344 deff_145_right_spinner,text_printf_msg,0xf,2,0x54,0x1c,1282,"%,02lu",1032420,"%,02lu RAM 0x35738",,
146,0x103267c deff_146_super,text_draw_msg_page,0x10,2,0x54,10,1765,SUPER,1032724,,,
146,0x103267c deff_146_super,text_draw_msg_page,0x10,2,0x54,0x15,1766,SPINNER,1032748,,,
146,0x103267c deff_146_super,text_draw_msg_page,0x10,2,0x54,0x20,1767,LIT,1032778,,,
147,0x10329c8 deff_147_super_spinner,text_draw_msg_page,0,2,0x54,4,1768,SUPER SPINNER,1032a74,,,
147,0x10329c8 deff_147_super_spinner,text_printf_msg,0xf,2,0x54,0xf,1769,%u,1032a94,"%u [loop counter: from current_player(), then (RAM 0x21120ff)[self & 0xff]]",255,
147,0x10329c8 deff_147_super_spinner,text_printf_msg,0,2,0x54,0x15,1770,HIT%P1//S/% REMAINING,1032abc,"%P [loop counter: from current_player(), then (RAM 0x21120ff)[self & 0xff]]; ? [loop counter: from current_player(), then (RAM 0x21120ff)[self & 0xff]]",255;255,
147,0x10329c8 deff_147_super_spinner,text_printf_msg,0xc,2,0x54,0x1e,1282,"%,02lu",1032aec,"%,02lu RAM 0x35740",0,
148,0x1032ba0 deff_148_super_spinner,text_draw_msg_page,0,2,0x54,10,1771,SUPER SPINNER,1032bf8,,,
148,0x1032ba0 deff_148_super_spinner,text_draw_msg_page,0xf,2,0x54,0x19,1772,COMPLETED,1032c1c,,,
149,0x102d3e0 deff_149_super,text_draw_msg_page,0x10,2,0x55,10,1773,SUPER,102d488,,,
149,0x102d3e0 deff_149_super,text_draw_msg_page,0x10,2,0x55,0x15,1774,POP BUMPERS,102d4ac,,,
149,0x102d3e0 deff_149_super,text_draw_msg_page,0x10,2,0x55,0x20,1775,LIT,102d4dc,,,
150,0x102d770 deff_150_super_pop_bumpers,text_draw_msg_page,0,2,0x54,4,1776,SUPER POP BUMPERS,102d81c,,,
150,0x102d770 deff_150_super_pop_bumpers,text_printf_msg,0xf,2,0x54,0xf,1777,%u,102d844,"%u [loop counter: from current_player(), then (RAM 0x2112077)[self & 0xff]]",255,
150,0x102d770 deff_150_super_pop_bumpers,text_printf_msg,0,2,0x54,0x15,1778,HIT%P1//S/% REMAINING,102d874,"%P [loop counter: from current_player(), then (RAM 0x2112077)[self & 0xff]]; ? [loop counter: from current_player(), then (RAM 0x2112077)[self & 0xff]]",255;255,
150,0x102d770 deff_150_super_pop_bumpers,text_printf_msg,0xc,2,0x54,0x1e,1282,"%,02lu",102d8a4,"%,02lu RAM 0x353d8",0,
151,0x102d950 deff_151_super_pop_bumpers,text_draw_msg_page,0,2,0x54,10,1779,SUPER POP BUMPERS,102d9a4,,,
151,0x102d950 deff_151_super_pop_bumpers,text_draw_msg_page,0xf,2,0x54,0x19,1780,COMPLETED,102d9c8,,,
152,0x1006e30 deff_152,text_printf_msg,5,1,0,0x1f,1791,%u,1006ec0,"%u [loop counter: from deff task arg (task+0x30) - 1, then self + deff task arg (task+0x3c)]",,
152,0x102f200 FUN_0102f200,text_printf_msg,0,4,0x26,iVar5,1282,"%,02lu",102f2ec,"%,02lu FUN_0102f190()@0x102f190{= RAM 0x21120b4}",,
152,0x102f200 FUN_0102f200,text_printf_msg,0,4,0x26,iVar7,1282,"%,02lu",102f36c,"%,02lu (FUN_0001cacc([loop counter: from 1, then self + 1 & 0xff]))",,
152,0x102f200 FUN_0102f200,text_printf_msg,1,4,0x27,uVar3,1745,%d-WAY,102f5a8,%d FUN_0102f1b0()@0x102f1b0{= RAM 0x21120ac} & 0xffff,,
152,0x102f200 FUN_0102f200,text_printf_msg,1,4,0x27,uVar3,1746,COMBO,102f620,? FUN_0102f1b0()@0x102f1b0{= RAM 0x21120ac} & 0xffff,,
152,0x102f200 FUN_0102f200,text_printf_msg,1,4,iVar5,iVar7,1747,%d COMBO%P1//S/%,102f6cc,%d FUN_0102f1e0()@0x102f1e0{= RAM 0x21120ae} & 0xffff; %P FUN_0102f1e0()@0x102f1e0{= RAM 0x21120ae} & 0xffff,,
153,0x10070a8 deff_153_bah_weep,text_draw_msg_page,0xb,2,0x40,10,1781,BAH-WEEP,1007108,,,
153,0x10070a8 deff_153_bah_weep,text_draw_msg_page,0xb,2,0x40,0x13,1782,GRAAAAAGNAH-WHEEP,1007138,,,
153,0x10070a8 deff_153_bah_weep,text_draw_msg_page,0xb,2,0x40,0x1c,1783,NI NI-BONG,1007168,,,
154,0x100728c deff_154,text_draw_msg_page,0xb,2,0x40,10,1787,WHAT DOES,1007394,,,
154,0x100728c deff_154,text_draw_msg_page,0xb,2,0x40,0x13,1788,MICHAEL BAY,10073b8,,,
154,0x100728c deff_154,text_draw_msg_page,0xb,2,0x40,0x1c,1789,LOVE?...,10073dc,,,
154,0x100728c deff_154,text_draw_msg_page,0x11,2,0x40,0x14,1790,EXPLOSIONS!!!,1007448,,,
154,0x100728c deff_154,text_draw_msg_page,0x11,2,0x40,0x14,1790,EXPLOSIONS!!!,100748c,,,
155,0x10071a8 deff_155_nice_to,text_draw_msg_page,0xb,2,0x40,10,1784,NICE TO,1007208,,,
155,0x10071a8 deff_155_nice_to,text_draw_msg_page,0xb,2,0x40,0x13,1785,SEE YOU AGAIN,100722c,,,
155,0x10071a8 deff_155_nice_to,text_draw_msg_page,0xb,2,0x40,0x1c,1786,MIKE KYZIVAT,1007250,,,
