deff,fn,flags,priority,background,capture,frames,pages,ended_ms,sounds,images,texts
0,0x0,0x0,0,0,,0,0,,,,
1,0x103c584,0x1,1,1,bg001,3,3,,,,"00 | 20,000,000 | CREDITS 1/3 | GAME OVER | REPLAY AT"
2,0x1040050,0x2,248,0,rfg0,1,52,4903.1,,206 207,USE -/+ TO ADJUST VOLUME | VOLUME 40
3,0x103f960,0x0,253,0,fg1,1,740,,0x00c,,HDW. 1 | PRESS 'SELECT' TO CONTINUE | SERVICE MENU | SYS. 1.64 | TRANSFORMERS | V1.8
4,0x103ee10,0x2,247,0,fg2,11,1,,0x010 0x010 0x010 0x010 0x010,,50V / 20V DISABLED | CLOSE COIN DOOR | OR PULL INTERLOCK SWITCH | TO RESTORE POWER
5,0x103ef30,0x2,254,0,fg3,0,0,0.0,,,
6,0x103f3ec,0x2,192,0,rfg0,1,1,1.1,,,0 HZ | 000000
7,0x103ebd0,0x0,255,0,fg1,1,1,,,,CONTACT YOUR DISTRIBUTOR | OPERATE IN THIS COUNTRY | PLEASE | THIS MACHINE WILL NOT
8,0x103ed5c,0x0,255,0,,0,0,,,,
9,0x103ec9c,0x0,73,0,fg2,0,1,1.1,,,0/10 - 10
10,0x1000000,0x2,239,0,fg3,39,195,3118.2,,, | 00 | INSERT COINS
11,0x103c714,0x2,224,0,fg0,1,126,,,,LOCATING PINBALLS | PLEASE WAIT...
12,0x103c3e8,0x2,241,0,fg1,1,1,1.9,,,DEVICE MALFUNCTION | INVALID | OPERATOR ALERT!
13,0x103c508,0x2,240,0,fg2,0,0,0.0,,,
14,0x103c6f8,0x2,64,0,fg3,1,1,,,,00 | BALL 1 | CREDITS 1/3
15,0x1000000,0x2,238,0,fg0,39,195,3114.4,,, | 00 | INSERT COINS
16,0x103de04,0x2,238,0,fg1,31,32,1985.8,,,0 CREDITS FOR A | CREDITS FOR A | TOURNAMENT GAME
17,0x1000000,0x2,248,0,fg2,38,195,3115.0,,, | 00 | INSERT COINS
18,0x103dff0,0x0,96,0,fg3,27,27,3811.3,,208 209 212 213,00 | BUMP 'N' WIN | BUMP 'N' WIN SCORE
19,0x102fb8c,0x1,1,1,rbg019,91,623,,,,"00 | BALL 1 | CREDITS 1/3 | REPLAY AT 20,000,000"
20,0x1007fa0,0x0,223,0,fg0,49,49,2317.9,0x05e 0x05f,,BALL SAVED | KEEP SHOOTING
21,0x103dcfc,0x1,1,1,bg021,63,1,,,,TILT
22,0x103dcf8,0x2,243,0,,0,0,,,,
23,0x103dd78,0x2,241,0,fg1,1,1,0.7,,,DANGER
24,0x103dc88,0x2,251,0,fg2,1,1,1.0,,,SLAM TILT
25,0x10014b8,0x0,242,0,fg3,89,314,5421.2,0x020 0x077 0x078 0x079 0x07a 0x022 0x001,8795 8796 8797 8798 8799 8800 8801 8802,"00 | 125,000 | 1X | BONUS | TOTAL BONUS"
26,0x1007ef4,0x0,208,0,rfg0,24,24,2228.1,0x060 0x061,9801 9802 9803 9804 9805 9806 9807 9808 9809 9810 9811 9812 9813 9814 9815 9816 9817 9818 9819 9820 9821 9822 9823 9824,00
27,0x103d1e8,0x6,16,0,rfg0,1,1,1.2,,,INSTANT INFO
28,0x10086e8,0x0,240,0,fg2,37,170,2757.9,0x068 0x06a,10142 10143 10144 10145 10146 10147 10148 10149 10150 10151 10152 10154 10155 10156 10157 10158 10159,00
29,0x100887c,0x0,240,0,fg3,39,170,2734.7,0x068 0x06d,10142 10143 10144 10145 10146 10147 10148 10149 10150 10151 10152 10175 10176 10177 10178 10179 10180,00
30,0x10088b4,0x0,240,0,rfg1,51,51,2404.2,0x070 0x06b,10206 10207 10208 10209 10210 10211,0 | TICKETS
31,0x103ce90,0x2,244,0,fg1,0,1,1.5,,,ENTER INITIALS | PLAYER 0
32,0x103c840,0x2,244,0,fg2,107,748,,,203 204 205,A | D | I | I???X???d???h???t??? | L | N | PLAYER 0 - ENTER INITIALS | V
33,0x103d0e4,0x2,244,0,rfg1,1,1,1.2,,, | 00 | ????X???d???h???t??? | PLAYER 0
34,0x103ea20,0x2,244,0,fg0,1,1,2.1,,,"PLEASE TRY AGAIN! | SORRY, | YOU DID NOT QUALIFY"
35,0x103e208,0x2,244,0,fg1,0,0,0.0,,,
36,0x103e460,0x2,244,0,fg2,107,748,,,203 204 205, PLACE | A | D | I | INVALID | L | N | Q???X???d???h???t??? | V
37,0x103e980,0x2,244,0,fg3,1,1,2.9,,208,PLAYER 0 | YOU ARE IN  PLACE!
38,0x100820c,0x0,245,0,fg0,20,68,5379.5,0x023 0x073,9570 9571 9572 9573 9574 9575 9576 9577 9578 9579 9580 9581 9582 9583 9584 9585 9587 9588 9589 9590,00
39,0x103d240,0x0,80,0,fg1,6,6,4962.2,,,0 | 1 | 2 | 3 | 4 | 5 | COMPETITION MODE | PRESS START NOW | READY
40,0x1034198,0x1,1,1,bg040,56,372,,,8756,00 | CHOOSE YOUR SIDE | PLUNGE BALL TO | USE FLIPPERS TO
41,0x1034424,0x2,193,0,fg2,37,151,2468.1,0x058,,00 | DECEPTICON | TRANSFORMER SELECTED
42,0x1031aa4,0x2,193,0,rfg1,59,167,2712.1,0x165,9284 9285 9286 9287 9288 9289 9290 9291 9292 9293 9294 9295 9296 9297 9298 9299,00 | HANDS FREE | SKILL SHOT
43,0x1031d8c,0x2,193,0,fg0,45,155,2474.4,0x167,,00 | SUPER SKILL SHOT
44,0x102de6c,0x2,129,0,fg1,35,125,2024.2,0x059,8762,00 | LIT | MULTIPLIERS
45,0x102e568,0x2,129,0,fg2,0,0,0.0,,,
46,0x102d004,0x0,128,0,fg3,36,46,1144.6,,8025 8026 8027 8028 8029 8030 8031 8032 8033 8034 8035 8036 8037 8038 8039 8040 8041 8043 8044 8045 8046 8047 8048 8049 8050 8051,00
47,0x102c678,0x2,129,0,fg0,44,128,2047.7,0x15e,,00 | POPS GROW
48,0x1003354,0x2,153,0,fg1,26,133,2389.0,2b7 2ba,,0 COMBOS | 0-WAY COMBO | 00
49,0x1023b10,0x2,155,0,fg2,14,51,1466.7,,,00 | 0X | MULTIPLIERS LIT
50,0x1023c5c,0x2,159,0,fg3,1,0,0.0,0x05b,,
51,0x1024080,0x2,129,0,fg0,1,0,0.0,,,
52,0x1024524,0x2,160,0,fg1,78,161,2603.6,0x140 0x144 0x141,9388 9389 9390 9391 9392 9393 9394 9395 9396 9397 9398 9399 9400 9401 9402 9403 9404 9405 9406 9407 9408 9409 9410 9411 9412 9413 9414 9415 9416 9417 9418 9419 9420 9421 9422 9423 9424 9425 9426 9427,"00 | 0X BONUS | 200,000 | ADD MORE | ADD-A-BALL | BONUS HOLD | BONUS X HOLD | EXTRA BALL | INVALID | LIT | MULTIPLIER | POPS SCORE"
53,0x1007bb4,0x2,180,0,fg2,70,248,4042.1,0x063,,00 | BALL | EXTRA | IS LIT
54,0x1007d4c,0x2,181,0,fg3,139,392,6301.9,0x064 0x065,9696 9697 9698 9699 9700 9701 9702 9703 9704 9705 9706 9707 9708 9709 9710 9711 9712 9713 9714 9715 9716 9717 9718 9719 9720 9721 9722 9723 9724 9725 9726 9727 9728 9729 9730 9731 9732 9733 9734 9735,00
55,0x1008578,0x2,180,0,fg0,52,150,2405.9,0x066 0x067,,00 | IS LIT | SPECIAL
56,0x1008894,0x2,181,0,fg1,0,0,0.0,,,
57,0x10280bc,0x2,192,0,fg2,95,339,5748.7,0x07d 0x093,4336 4337 4338 4339 4340 4341 4342 4343 4344 4345 4346 4347 4348 4349 4350 4351 4352 4353 4354 4355 4356 4357 4358 4359 4360 4361 4362 4363 4364 4365 4366 4367 4368 4369 8777 8785,00
58,0x10283c8,0x1,1,1,bg058,47,47,,,9665 9666 9667 9668 9669 9670 9671 9672,00 | FLASHING | MULTIBALL | OPTIMUS PRIME | SHOOT | SHOTS
59,0x1028950,0x2,193,0,fg3,0,0,0.0,,,
60,0x1028da0,0x2,193,0,fg0,0,0,0.0,,,
61,0x1029014,0x2,194,0,rfg2,112,318,5170.6,0x08f 0x090 0x0a1,4736 4737 4738 4739 4740 4741 4742 4743 4744 4745 4746 4747 4748 4749 4750 4751 4752 4753 4754 4755 4756 4757 4758 4759 4760 4761 4762 4763 4764 4765 4766 4767 4768 4769 4770 4771 4772,00 | SUPER JACKPOT
62,0x1029218,0x2,207,0,fg2,0,0,0.0,,,
63,0x102a1b8,0x2,192,0,fg3,152,527,8658.3,0x0a4 0x0b0,5406 5407 5408 5409 5410 5411 5412 5413 5414 5415 5416 5417 5418 5419 5420 5421 5422 5423 5424 5425 5426 5427 5428 5429 5430 5431 5432 5433 5434 5435 5436 5437 5438 5439 5440 5441 5442 5443 5444 5445,00
64,0x102a4e8,0x1,1,1,bg064,47,47,,,9673 9674 9675 9676 9677 9678 9679 9680,00 | FLASHING | MULTIBALL | OPTIMUS PRIME | SHOOT | SHOTS
65,0x102aa70,0x2,193,0,fg0,61,163,2632.5,0x0a6 0x0b1,5702 5703 5704 5705 5706 5707 5708 5709 5710 5711 5712 5713 5714 5715 5716,00 | JACKPOT
66,0x102ad30,0x2,193,0,fg1,83,225,3656.1,0x0aa 0x0c4,5788 5789 5790 5791 5792 5793 5794 5795 5796 5797 5798 5799 5800 5801 5802 5803 5804 5805 5806 5807 5808 5809 5810,00 | DOUBLE JACKPOT
67,0x102af98,0x2,194,0,fg2,164,406,6640.1,0x0ab 0x0ac 0x0ad 0x0c5,6241 6242 6243 6244 6245 6246 6247 6248 6249 6250 6251 6252 6253 6254 6255 6256 6257 6258 6259 6260 6261 6262 6263 6264 6265 6266 6267 6268 6269 6270 6271 6272 6273 6274 6275 6276 6277 6278 6279 6280,00 | SUPER JACKPOT
68,0x102b18c,0x2,207,0,fg3,43,51,4087.5,0x0ae,9684,00 | MULTIBALL | OPTIMUS PRIME | TOTAL:
69,0x100c9e4,0x2,192,0,rfg2,127,381,6401.9,0x0c7 0x0c8 0x0c9,4553 4554 4555 4556 4557 4558 4559 4560 4561 4562 4563 4564 4565 4566 4567 4568 4569 4570 4571 4572 4573 4574 4575 4576 4577 4578 4579 4580 4581 4582 4583 4584 4585 4586 4587 4588 4589 4590 4591 4592,00
70,0x100cd04,0x1,1,1,bg070,47,47,,,9687 9688 9689 9690 9691 9692 9693 9694,00 | MEGATRON | MULTIBALL | SHOOT FLASHING | SHOTS
71,0x100d214,0x2,193,0,fg1,86,224,3632.5,0x0d0 0x0d1,4879 4880 4881 4882 4883 4884 4885 4886 4887 4888 4889 4890 4891 4892 4893 4894 4895 4896 4897 4898 4899 4900 4901 4902 4903 4904 4905 4906 4907 4908 4909 4910 4911,00 | JACKPOT
72,0x100d550,0x2,193,0,fg2,114,297,4827.3,0x0d5 0x0d8,4965 4966 4967 4968 4969 4970 4971 4972 4973 4974 4975 4976 4977 4978 4979 4980 4981 4982 4983 4984 4985 4986 4987 4988 4989 4990 4991 4992 4993 4994 4995 4996 4997 4998 4999 5000 5001 5002 5003 5004,00 | DOUBLE JACKPOT
73,0x100d7bc,0x2,194,0,fg3,136,369,6011.5,0x0d9 0x0da 0x0db 0x0dd 0x0dc,5035 5036 5037 5038 5039 5040 5041 5042 5043 5044 5045 5046 5047 5048 5049 5050 5051 5052 5053 5054 5055 5056 5057 5058 5059 5060 5061 5062 5063 5064 5065 5066 5067 5068 5069 5070 5071,00 | SUPER JACKPOT
74,0x100d97c,0x2,207,0,fg0,30,42,1971.7,0x0de,9694,00 | MEGATRON | MULTIBALL | TOTAL:
75,0x100e890,0x2,192,0,rfg2,135,334,6127.8,0x0e2 0x0e3,6194 6195 6196 6197 6198 6199 6200 6201 6202 6203 6204 6205 6206 6207 6208 6209 6210 6211 6212 6213 6214 6215 6216 6217 6218 6219 6220 6221 6222 6223 6224 6225 6226 6227 6228 6229 6230 6231 6232 6233,00
76,0x100ebd0,0x1,1,1,bg076,47,47,,,9687 9688 9689 9690 9691 9692 9693 9694,00 | MEGATRON | MULTIBALL | SHOOT FLASHING | SHOTS
77,0x100f3b4,0x2,193,0,fg2,218,548,8945.2,0x0f4 0x0f3 0x0f3 0x0f3 0x0f3 0x0f3 0x0f3 0x0f3 0x0f3,6460 6461 6462 6463 6464 6465 6466 6467 6468 6469 6470 6471 6472 6473 6474 6475 6476 6477 6478 6479 6480 6481 6482 6483 6484 6485 6486 6487 6488 6489 6490 6491 6492 6493 6494 6495 6496 6497 6498 6499,00 | JACKPOT
78,0x100f6dc,0x2,193,0,fg3,53,165,2665.8,0x0f8,,00 | DOUBLE JACKPOT
79,0x100f958,0x2,194,0,fg0,0,0,0.0,,,
80,0x100fb18,0x2,207,0,fg1,31,51,2124.9,0x0fc,9694,00 | MEGATRON | MULTIBALL | TOTAL:
81,0x1010544,0x2,192,0,fg2,61,205,5172.7,0x11a,9977 9978 9979 9980 9981 9982 9983 9984 9985 9986 9987 9988 9989 9990 9991,00 | COMPLETE ALL SHOTS | FOR | SUPER JACKPOT
82,0x10107e8,0x1,1,1,rbg082,90,156,,,,"00 | ALL HAIL MEGATRON | NEXT SHOT = 500,000 | SUPER = 00"
83,0x1011750,0x2,193,0,rfg2,71,193,3136.8,0x11b 0x11b 0x11c,9906 9907 9908 9909 9910 9911 9912 9913 9914 9915 9916 9917 9918 9919 9920 9921,00 | SOUNDWAVE
84,0x1011a54,0x2,195,0,fg0,62,112,3969.4,0x128 0x12a,9949 9950 9951 9952 9953 9954 9955 9956 9957 9958 9959 9960 9961 9962 9963 9964 9965 9966 9967 9968 9969 9970 9971 9972 9973 9974 9975,00 | ALL HAIL MEGATRON | COMPLETED
85,0x1011d88,0x2,196,0,rfg3,27,29,1321.4,0x12c,,00 | ALL HAIL MEGATRON | TOTAL:
86,0x10369b0,0x2,192,0,fg2,211,534,10497.6,0x12d 0x12e 0x130,10070 10071 10072 10073 10074 10075 10076 10077 10078 10079 10080 10081 10082 10083 10084 10085 10086 10087 10088 10089 10090 10091 10092 10093 10094 10095 10096 10097 10098 10099 10100 10101 10102 10103 10104 10105 10106 10107 10108 10109,00 | BATTLE | COMPLETE ALL SHOTS | CYBERTRON | FOR | SUPER JACKPOT
87,0x1036d50,0x1,1,1,bg087,38,38,,,10112 10113 10114 10115 10116 10117 10118 10119 10120 10121 10122 10123 10124 10125 10134 10135 10136 10137 10138 10139 10140 10141,"00 | NEXT SHOT = 500,000"
88,0x1037258,0x2,193,0,fg3,0,0,0.0,,,
89,0x10374dc,0x2,194,0,fg0,77,277,4451.9,0x135 0x139 0x137,10041 10042 10043 10044 10045 10046 10047 10048 10049 10050 10051 10052 10053 10054 10055 10056 10057 10058 10059 10060 10061 10062 10063 10064 10065 10066 10067 10068,00 | JACKPOT | SUPER WIZARD
90,0x10377a4,0x2,196,0,fg1,28,29,1321.1,0x13a,,00 | TOTAL: | WIZARD MULTIBALL
91,0x1022608,0x2,158,0,fg2,49,151,2427.3,0x170,2744 2745 2746 2747 2748 2749 2750 2751 2752 2753 2754 2755 2756 2757 2758 2759 2760 2761 2762 2763 2764 8758,0 MORE | 00 | FOR | MODE START
92,0x10185e0,0x2,176,0,fg3,108,195,5508.6,0x17f 0x180,2059 2060 2061 2062 2063 2064 2065 2066 2067 2068 2069 2070 2071 2072 2073 2074 2075 2076 2077 2078 2079 2080 2081 2082 2083 2084 2085 2086 2087 2088 2089 2090 2091 2092 2093 2094 2095 2096 2097 2098,00 | BATTLE | STARSCREAM
93,0x1018720,0x1,1,1,bg093,0,0,0.0,,,
94,0x10189a8,0x2,176,0,fg0,0,0,0.0,,,
95,0x1018d38,0x2,178,0,fg1,49,118,1917.0,191 192,9519,00 | STARSCREAM | TOTAL:
96,0x101f274,0x2,176,0,fg2,0,0,0.0,,,
97,0x101f3b4,0x1,1,1,bg097,87,373,,,9530 9531 9532 9533 9534 9535,0 | 00 | SHOCKWAVE | SHOOT 11 SHOTS
98,0x101f6c8,0x2,176,0,fg3,79,199,4098.2,,2861 2862 2863 2864 2865 2866 2867 2868 2869 2870 2871 2872 2873 2874 2875 2876 2877 2878 2879 2880 2881 2882 2883 2884 2885 2886 2887 2888 2889 2890 2891 2892 2893 2894 2895 2896 2897 2898 2899 2900,00
99,0x101fa48,0x2,178,0,rfg3,50,118,1914.5,0x1a8 0x1cc,9536,00 | SHOCKWAVE | TOTAL:
100,0x101d768,0x2,176,0,fg1,68,157,4777.5,0x1a9 0x1c2 0x1aa,1804 1805 1806 1807 1808 1809 1810 1811 1812 1813 1814 1815 1816 1817 1818 1819 1820 1821 1822 1823 1824 1825 1826 1827 1828 1829 1830 1831 1832 1833 1834 1835 1836 1837 1838 1839,00 | BATTLE | BLACKOUT
101,0x101d8ac,0x1,1,1,bg101,92,373,,,1965 1966 1967 1968 1969 1970 1971 1972 1973 1974 1975 1976 1977 1978 1979 1980,0 | 00 | BLACKOUT | SHOOT 11 SHOTS
102,0x101dc18,0x2,176,0,fg2,50,50,3947.7,0x1c2,1804 1805 1806 1807 1808 1809 1810 1811 1812 1813 1814 1815 1816 1817 1818 1819 1820 1821 1822 1823 1824 1825 1826 1827 1828 1829 1830 1831 1832 1833 1834 1835 1836 1837 1838,00
103,0x101dfb4,0x2,178,0,fg3,49,118,1895.1,0x1cb 0x1cc,1981,00 | BLACKOUT | TOTAL:
104,0x1016c24,0x2,176,0,fg0,91,332,5341.4,0x1cd 0x1d0 0x1ce 0x1cf,7630 7631 7632 7633 7634 7635 7636 7637 7638 7639 7640 7641 7642 7643 7644 7645 7646 7647 7648 7649 7650 7651 7652 7653 7654 7655 7656 7657 7658 7659 7660 7661 7662 7663 7664,00 | BATTLE | DEVASTATOR
105,0x1016d7c,0x1,1,1,bg105,92,374,,,9537 9538 9539 9540 9541 9542 9543 9544 9545 9546 9547 9548 9549 9550 9551 9552,0 | 00 | DEVASTATOR | SHOOT 10 SHOTS
106,0x10170b8,0x2,176,0,fg1,75,225,4550.1,0x1ce,7630 7631 7632 7633 7634 7635 7636 7637 7638 7639 7640 7641 7642 7643 7644 7645 7646 7647 7648 7649 7650 7651 7652 7653 7654 7655 7656 7657 7658 7659 7660 7661 7662 7663 7664,00
107,0x1017460,0x2,178,0,fg2,48,118,1922.1,0x1e7,9569,00 | DEVASTATOR | TOTAL:
108,0x101504c,0x2,176,0,fg3,161,402,6485.6,0x1e9 0x1ea 0x1ec 0x1eb 0x1ed,3944 3945 3946 3947 3948 3949 3950 3951 3952 3953 3954 3955 3956 3957 3958 3959 3960 3961 3962 3963 3964 3965 3966 3967 3968 3969 3970 3971 3972 3973 3974 3975 3976 3977 3978 3979 3980 3981 3982 3983,00 | BATTLE | BUMBLEBEE
109,0x1015184,0x1,1,1,rbg109,101,623,,,9520 9521 9522 9523 9524 9525 9526 9527 9528,00 | BUMBLEBEE | FOR 00 | SHOOT CAMARO
110,0x101555c,0x2,176,0,rfg3,144,295,5695.3,0x1e9 0x1ea 0x1ec 0x1eb,3944 3945 3946 3947 3948 3949 3950 3951 3952 3953 3954 3955 3956 3957 3958 3959 3960 3961 3962 3963 3964 3965 3966 3967 3968 3969 3970 3971 3972 3973 3974 3975 3976 3977 3978 3979 3980 3981 3982 3983,00
111,0x10158a4,0x2,178,0,fg1,0,0,0.0,,,
112,0x101be20,0x2,176,0,fg2,101,190,5256.9,0x17d 0x203 0x204 0x200,3497 3498 3499 3500 3501 3502 3503 3504 3505 3506 3507 3508 3509 3510 3511 3512 3513 3514 3515 3516 3517 3518 3519 3520 3521 3522 3523 3524 3525 3526 3527 3528 3529 3530 3531 3532 3533 3534 3535 3536,00 | BATTLE | IRONHIDE
113,0x101bf60,0x1,1,1,bg113,90,374,,,3865 3870 3871,0 | 00 | IRONHIDE | SHOOT 10 SHOTS
114,0x101c208,0x2,176,0,fg3,83,83,4418.3,0x203 0x204,3497 3498 3499 3500 3501 3502 3503 3504 3505 3506 3507 3508 3509 3510 3511 3512 3513 3514 3515 3516 3517 3518 3519 3520 3521 3522 3523 3524 3525 3526 3527 3528 3529 3530 3531 3532 3533 3534 3535 3536,00
115,0x101c590,0x2,178,0,fg0,49,118,1894.6,0x218 0x219,3875,00 | IRONHIDE | TOTAL:
116,0x101a104,0x2,176,0,fg1,92,332,5368.1,0x17d 0x21a 0x21b,6556 6557 6558 6559 6560 6561 6562 6563 6564 6565 6566 6567 6568 6569 6570 6571 6572 6573 6574 6575 6576 6577 6578 6579 6580 6581 6582 6583 6584 6585 6586 6587 6588 6589 6590,& SKIDS | 00 | MUDFLAP
117,0x101a248,0x1,1,1,bg117,0,0,0.0,,,
118,0x101a538,0x2,176,0,fg2,0,0,0.0,,,
119,0x101a8dc,0x2,178,0,fg3,0,0,0.0,,,
120,0x1013628,0x2,176,0,fg0,63,150,3749.7,0x17d 0x234 0x235,8052 8053 8054 8055 8056 8057 8058 8059 8060 8061 8062 8063 8064 8065 8066 8067 8068 8069 8070 8071 8072 8073 8074 8075 8076 8077 8078 8079,00 | BATTLE | RATCHET
121,0x101376c,0x1,1,1,bg121,92,373,,,9504 9505 9506 9507,0 | 00 | RATCHET | SHOOT 11 SHOTS
122,0x1013a1c,0x2,176,0,fg1,42,43,2941.8,0x234,8052 8053 8054 8055 8056 8057 8058 8059 8060 8061 8062 8063 8064 8065 8066 8067 8068 8069 8070 8071 8072 8073 8074 8075 8076 8077 8078 8079,00
123,0x1013d9c,0x2,178,0,fg2,50,118,1915.0,0x255 0x256,9508,00 | RATCHET | TOTAL
124,0x1030b94,0x2,128,0,fg3,0,0,0.0,,,
125,0x1031038,0x2,129,0,fg0,0,0,0.0,0x13e,,
126,0x102eaec,0x2,128,0,fg1,36,43,2798.8,0x266 0x265 0x264,7196 7197 7198 7199 7200 7201 7202 7203,0 MORE | 00 | FAST SCORING | FOR
127,0x10018fc,0x2,131,0,fg2,55,139,2220.9,,,00 | BUMBLEBEE GROWS
128,0x10023e8,0x2,130,0,fg3,0,0,0.0,,,
129,0x1003c5c,0x2,176,0,fg0,64,245,4134.4,27a,,00 | ALL SCORES | DOUBLE | DOUBLED | FOR 0 SECONDS | SCORING
130,0x1003e14,0x1,1,1,bg130,54,369,,,,0 | 00 | ALL SCORES X 2 | DOUBLE SCORING
131,0x1004ba8,0x2,160,0,fg1,56,139,2240.4,0x287 0x288,,00 | FAST | READY | SCORING
132,0x1004de8,0x2,176,0,fg2,54,236,3970.9,0x289 0x28a,,00 | 00 POINTS | ALL TARGETS | FAST | SCORE | SCORING
133,0x1004ff4,0x1,1,1,bg133,54,372,,,,0 | 00 | ALL TARGETS=00
134,0x1005394,0x2,158,0,fg3,10,66,1023.3,,,0 | 00 | ALL TARGETS=00
135,0x10054f8,0x2,159,0,fg0,28,64,1012.7,28b 28c,,00 | ALL | TARGETS
136,0x1005648,0x2,160,0,fg1,39,93,1501.4,0x28e 0x28f,,0 | 00 | ALL TARGETS=00 | EXTENDED | TIME
137,0x1005910,0x2,178,0,fg2,0,0,0.0,,,
138,0x100b2f0,0x2,144,0,rfg4,22,31,1159.3,0x292,,0 MORE | 00 | TARGET COMPLETIONS | TO LIGHT LOCK
139,0x100b468,0x2,145,0,fg0,1,0,0.0,,,
140,0x100b7f0,0x2,177,0,fg1,115,337,5480.7,0x29a,5939 5940 5941 5942 5943 5944 5945 5946 5947 5948 5949 5950 5951 5952 5953 5954 5955 5956 5957 5958 5959 5960 5961 5962 5963 5964 5965 5966 5967 5968 5969 5970 5971 5972 5973 5974 5975 5976 5977 5978,00 | BALL 0 | LOCKED
141,0x1025f18,0x2,128,0,fg2,27,94,1504.6,0x2a4,,0 MORE | 00 | OPTIMUS | TO ACCESS
142,0x10269d8,0x2,160,0,fg3,88,250,4017.2,0x2ab 0x2ad,5383 5384 5385 5386 5387 5388 5389 5390 5391 5392 5393 5394 5395 5396 5397 5398 5399 5400 5401 5402 5403 5404 5405,00 | DESTROY | OPTIMUS | PRIME
143,0x1026ec0,0x1,1,1,bg143,54,368,,,,00 | OPTIMUS BATTLE! | SHOOT OPTIMUS
144,0x102712c,0x2,162,0,fg0,78,262,4221.0,,5479 5480 5481 5482 5483 5484 5485 5486 5487 5488 5489 5490 5491 5492 5493 5494 5495 5496 5497 5498 5499 5500 5501 5502 5503 5504 5505,0 | 00 | MORE TO START | OPTIMUS MULTIBALL
145,0x1032344,0x0,133,0,fg1,14,95,1511.8,,,00 | RIGHT SPINNER =
146,0x103267c,0x0,176,0,fg2,34,121,1946.3,0x26e 0x26f,,00 | LIT | SPINNER | SUPER
147,0x10329c8,0x2,159,0,rfg4,15,95,1538.7,,,00 | 255 | HITS REMAINING | SUPER SPINNER
148,0x1032ba0,0x2,159,0,rfg5,20,133,2152.7,0x271,,00 | COMPLETED | SUPER SPINNER
149,0x102d3e0,0x0,176,0,fg1,35,121,1942.7,0x161 0x162,,00 | LIT | POP BUMPERS | SUPER
150,0x102d770,0x2,128,0,fg2,15,95,1526.2,,,00 | 255 | HITS REMAINING | SUPER POP BUMPERS
151,0x102d950,0x2,129,0,fg3,20,133,2124.3,0x164,,00 | COMPLETED | SUPER POP BUMPERS
152,0x1006e30,0x2,162,0,fg0,106,736,,,4294967295,00 | 4294967295
153,0x10070a8,0x2,238,0,rfg5,3,251,4124.6,0x2bd,,BAH-WEEP | GRAAAAAGNAH-WHEEP | NI NI-BONG
154,0x100728c,0x2,238,0,fg2,0,0,0.0,,,
155,0x10071a8,0x2,238,0,fg3,1,251,4058.0,0x165,,MIKE KYZIVAT | NICE TO | SEE YOU AGAIN
