deff,function,priority,flags,byte_7,background
1,0x0103c584,1,0x0001,0,yes
2,0x01040050,248,0x0002,0,
3,0x0103f960,253,0x0000,0,
4,0x0103ee10,247,0x0002,0,
5,0x0103ef30,254,0x0002,0,
6,0x0103f3ec,192,0x0002,0,
7,0x0103ebd0,255,0x0000,0,
8,0x0103ed5c,255,0x0000,0,
9,0x0103ec9c,73,0x0000,0,
10,0x01000000,239,0x0002,0,
11,0x0103c714,224,0x0002,0,
12,0x0103c3e8,241,0x0002,0,
13,0x0103c508,240,0x0002,0,
14,0x0103c6f8,64,0x0002,0,
15,0x01000000,238,0x0002,0,
16,0x0103de04,238,0x0002,0,
17,0x01000000,248,0x0002,0,
18,0x0103dff0,96,0x0000,0,
19,0x0102fb8c,1,0x0001,0,yes
20,0x01007fa0,223,0x0000,0,
21,0x0103dcfc,1,0x0001,0,yes
22,0x0103dcf8,243,0x0002,0,
23,0x0103dd78,241,0x0002,0,
24,0x0103dc88,251,0x0002,0,
25,0x010014b8,242,0x0000,0,
26,0x01007ef4,208,0x0000,0,
27,0x0103d1e8,16,0x0006,0,
28,0x010086e8,240,0x0000,0,
29,0x0100887c,240,0x0000,0,
30,0x010088b4,240,0x0000,0,
31,0x0103ce90,244,0x0002,0,
32,0x0103c840,244,0x0002,0,
33,0x0103d0e4,244,0x0002,0,
34,0x0103ea20,244,0x0002,0,
35,0x0103e208,244,0x0002,0,
36,0x0103e460,244,0x0002,0,
37,0x0103e980,244,0x0002,0,
38,0x0100820c,245,0x0000,0,
39,0x0103d240,80,0x0000,0,
40,0x01034198,1,0x0001,0,yes
41,0x01034424,193,0x0002,0,
42,0x01031aa4,193,0x0002,0,
43,0x01031d8c,193,0x0002,0,
44,0x0102de6c,129,0x0002,0,
45,0x0102e568,129,0x0002,0,
46,0x0102d004,128,0x0000,0,
47,0x0102c678,129,0x0002,0,
48,0x01003354,153,0x0002,0,
49,0x01023b10,155,0x0002,0,
50,0x01023c5c,159,0x0002,0,
51,0x01024080,129,0x0002,0,
52,0x01024524,160,0x0002,0,
53,0x01007bb4,180,0x0002,0,
54,0x01007d4c,181,0x0002,0,
55,0x01008578,180,0x0002,0,
56,0x01008894,181,0x0002,0,
57,0x010280bc,192,0x0002,0,
58,0x010283c8,1,0x0001,0,yes
59,0x01028950,193,0x0002,0,
60,0x01028da0,193,0x0002,0,
61,0x01029014,194,0x0002,0,
62,0x01029218,207,0x0002,0,
63,0x0102a1b8,192,0x0002,0,
64,0x0102a4e8,1,0x0001,0,yes
65,0x0102aa70,193,0x0002,0,
66,0x0102ad30,193,0x0002,0,
67,0x0102af98,194,0x0002,0,
68,0x0102b18c,207,0x0002,0,
69,0x0100c9e4,192,0x0002,0,
70,0x0100cd04,1,0x0001,0,yes
71,0x0100d214,193,0x0002,0,
72,0x0100d550,193,0x0002,0,
73,0x0100d7bc,194,0x0002,0,
74,0x0100d97c,207,0x0002,0,
75,0x0100e890,192,0x0002,0,
76,0x0100ebd0,1,0x0001,0,yes
77,0x0100f3b4,193,0x0002,0,
78,0x0100f6dc,193,0x0002,0,
79,0x0100f958,194,0x0002,0,
80,0x0100fb18,207,0x0002,0,
81,0x01010544,192,0x0002,0,
82,0x010107e8,1,0x0001,0,yes
83,0x01011750,193,0x0002,0,
84,0x01011a54,195,0x0002,0,
85,0x01011d88,196,0x0002,0,
86,0x010369b0,192,0x0002,0,
87,0x01036d50,1,0x0001,0,yes
88,0x01037258,193,0x0002,0,
89,0x010374dc,194,0x0002,0,
90,0x010377a4,196,0x0002,0,
91,0x01022608,158,0x0002,0,
92,0x010185e0,176,0x0002,0,
93,0x01018720,1,0x0001,0,yes
94,0x010189a8,176,0x0002,0,
95,0x01018d38,178,0x0002,0,
96,0x0101f274,176,0x0002,0,
97,0x0101f3b4,1,0x0001,0,yes
98,0x0101f6c8,176,0x0002,0,
99,0x0101fa48,178,0x0002,0,
100,0x0101d768,176,0x0002,0,
101,0x0101d8ac,1,0x0001,0,yes
102,0x0101dc18,176,0x0002,0,
103,0x0101dfb4,178,0x0002,0,
104,0x01016c24,176,0x0002,0,
105,0x01016d7c,1,0x0001,0,yes
106,0x010170b8,176,0x0002,0,
107,0x01017460,178,0x0002,0,
108,0x0101504c,176,0x0002,0,
109,0x01015184,1,0x0001,0,yes
110,0x0101555c,176,0x0002,0,
111,0x010158a4,178,0x0002,0,
112,0x0101be20,176,0x0002,0,
113,0x0101bf60,1,0x0001,0,yes
114,0x0101c208,176,0x0002,0,
115,0x0101c590,178,0x0002,0,
116,0x0101a104,176,0x0002,0,
117,0x0101a248,1,0x0001,0,yes
118,0x0101a538,176,0x0002,0,
119,0x0101a8dc,178,0x0002,0,
120,0x01013628,176,0x0002,0,
121,0x0101376c,1,0x0001,0,yes
122,0x01013a1c,176,0x0002,0,
123,0x01013d9c,178,0x0002,0,
124,0x01030b94,128,0x0002,0,
125,0x01031038,129,0x0002,0,
126,0x0102eaec,128,0x0002,0,
127,0x010018fc,131,0x0002,0,
128,0x010023e8,130,0x0002,0,
129,0x01003c5c,176,0x0002,0,
130,0x01003e14,1,0x0001,0,yes
131,0x01004ba8,160,0x0002,0,
132,0x01004de8,176,0x0002,0,
133,0x01004ff4,1,0x0001,0,yes
134,0x01005394,158,0x0002,0,
135,0x010054f8,159,0x0002,0,
136,0x01005648,160,0x0002,0,
137,0x01005910,178,0x0002,0,
138,0x0100b2f0,144,0x0002,0,
139,0x0100b468,145,0x0002,0,
140,0x0100b7f0,177,0x0002,0,
141,0x01025f18,128,0x0002,0,
142,0x010269d8,160,0x0002,0,
143,0x01026ec0,1,0x0001,0,yes
144,0x0102712c,162,0x0002,0,
145,0x01032344,133,0x0000,0,
146,0x0103267c,176,0x0000,0,
147,0x010329c8,159,0x0002,0,
148,0x01032ba0,159,0x0002,0,
149,0x0102d3e0,176,0x0000,0,
150,0x0102d770,128,0x0002,0,
151,0x0102d950,129,0x0002,0,
152,0x01006e30,162,0x0002,0,
153,0x010070a8,238,0x0002,0,
154,0x0100728c,238,0x0002,0,
155,0x010071a8,238,0x0002,0,
