leff,function,flags,priority,low_word
1,0x01009e78,0x0001,1,0
2,0x0002b238,0x0000,253,0
3,0x0104a464,0x0002,254,0
4,0x01049cac,0x0002,254,0
5,0x0104ae28,0x0002,254,0
6,0x0104a04c,0x0002,254,0
7,0x0104a9a4,0x0002,254,0
8,0x0104759c,0x0002,254,0
9,0x0002834c,0x0001,1,0
10,0x00028348,0x0002,243,0
11,0x000283ac,0x0002,241,0
12,0x00028304,0x0002,251,0
13,0x00028168,0x0005,129,0
14,0x00028224,0x0005,128,0
15,0x00028200,0x0006,223,0
16,0x00028300,0x0006,208,0
17,0x000282fc,0x0002,240,0
18,0x000282f8,0x0002,240,0
19,0x010089e8,0x0002,240,1
20,0x01006f1c,0x0001,1,0
21,0x0100a9d0,0x0006,158,3
22,0x0100aa04,0x0006,159,4
23,0x0100a6a0,0x0006,194,5
24,0x0100a6d4,0x0006,195,6
25,0x0100a714,0x0006,195,7
26,0x0102d108,0x0006,128,8
27,0x0102d138,0x0006,128,0
28,0x0102d138,0x0006,128,0
29,0x0102d138,0x0006,128,0
30,0x0102c79c,0x0006,129,9
31,0x0102d518,0x0006,176,1
32,0x0102d520,0x0001,7,10
33,0x0102d92c,0x0006,128,11
34,0x01003104,0x0001,2,0
35,0x010037ac,0x0006,153,0
36,0x01023bf4,0x0006,155,1
37,0x01023928,0x0001,13,0
38,0x01023df8,0x0006,159,1
39,0x010239bc,0x0001,14,0
40,0x01024328,0x0005,7,39
41,0x01024800,0x0006,160,1
42,0x01007d40,0x0006,180,0
43,0x01007e50,0x0006,181,0
44,0x01027ffc,0x0005,7,16
45,0x01028228,0x0006,192,1
46,0x010285e8,0x0001,9,0
47,0x010286f8,0x0005,9,18
48,0x01028ac0,0x0006,193,1
49,0x01028f60,0x0006,193,1
50,0x0102919c,0x0006,194,1
51,0x01029380,0x0006,207,1
52,0x0102a10c,0x0005,7,20
53,0x0102a348,0x0006,192,1
54,0x0102a72c,0x0001,9,0
55,0x0102a83c,0x0005,9,22
56,0x0102ac08,0x0006,193,1
57,0x0102aec0,0x0006,193,1
58,0x0102b110,0x0006,194,1
59,0x0102b2f4,0x0006,207,1
60,0x0100c914,0x0005,7,25
61,0x0100cb64,0x0006,192,1
62,0x0100cf28,0x0001,9,0
63,0x0100d038,0x0005,9,26
64,0x0100d390,0x0006,193,1
65,0x0100d6dc,0x0006,193,1
66,0x0100d900,0x0006,194,1
67,0x0100daf4,0x0006,207,1
68,0x0100e7d0,0x0005,7,30
69,0x0100ea30,0x0006,192,1
70,0x0100ee54,0x0001,9,0
71,0x0100ef64,0x0005,9,31
72,0x0100f660,0x0006,193,1
73,0x0100f860,0x0006,193,1
74,0x0100fa9c,0x0006,194,1
75,0x0100fc90,0x0006,207,1
76,0x01010438,0x0001,9,0
77,0x010104c4,0x0005,9,34
78,0x01010744,0x0006,192,1
79,0x010109a0,0x0001,7,0
80,0x01010b4c,0x0005,7,35
81,0x010119d8,0x0006,193,1
82,0x01011d0c,0x0006,195,1
83,0x01011ecc,0x0006,196,1
84,0x010368a0,0x0001,9,0
85,0x0103692c,0x0005,9,36
86,0x01036cac,0x0006,192,1
87,0x01037060,0x0001,7,0
88,0x0103720c,0x0005,7,37
89,0x01037460,0x0006,193,1
90,0x01037728,0x0006,194,1
91,0x010378bc,0x0006,196,1
92,0x01031a04,0x4b0005,192,0
93,0x01031d7c,0x0006,193,1
94,0x01031eac,0x0006,193,1
95,0x01034030,0x0005,192,0
96,0x01034610,0x0006,193,61
97,0x0102dda4,0x0006,129,0
98,0x0102de08,0x0006,128,0
99,0x0102e0e8,0x4c0006,129,0
100,0x0102e4a0,0x0006,128,0
101,0x0102e504,0x0006,128,0
102,0x0102e7bc,0x4d0006,129,0
103,0x010227e0,0x0006,158,60
104,0x01023150,0x0001,8,0
105,0x0101871c,0x0006,176,0
106,0x010188cc,0x0001,8,0
107,0x01018d28,0x0006,176,1
108,0x01018ea4,0x0006,178,0
109,0x0101f3b0,0x0006,176,0
110,0x0101f5ec,0x0001,8,0
111,0x0101fa38,0x0006,176,1
112,0x0101fbac,0x0006,178,0
113,0x0101d8a8,0x0006,176,0
114,0x0101da60,0x0001,8,0
115,0x0101dfa4,0x0006,176,1
116,0x0101e120,0x0006,178,0
117,0x01016d78,0x0006,176,0
118,0x01016f94,0x0001,8,0
119,0x01017450,0x0006,176,1
120,0x01016250,0x6d0006,176,0
121,0x010175d8,0x0006,178,0
122,0x01015180,0x0006,176,0
123,0x01015408,0x0001,8,0
124,0x01015510,0x0001,8,46
125,0x01015894,0x0006,176,1
126,0x01015a10,0x0006,178,0
127,0x0101bf5c,0x0006,176,0
128,0x0101c12c,0x0001,8,0
129,0x0101c580,0x0006,176,1
130,0x0101c6fc,0x0006,178,0
131,0x0101a244,0x0006,176,0
132,0x0101a45c,0x0001,8,0
133,0x0101a8cc,0x0006,176,1
134,0x0101aa54,0x0006,178,0
135,0x01013768,0x0006,176,0
136,0x01013918,0x0001,8,0
137,0x01013d8c,0x0006,176,1
138,0x01013f08,0x0006,178,0
139,0x0100999c,0x0006,128,0
140,0x01030ef4,0x0006,128,12
141,0x01009a58,0x0006,128,0
142,0x01009ab0,0x870006,129,0
143,0x0100999c,0x0006,128,0
144,0x0102ed54,0x0006,128,13
145,0x01009a58,0x0006,128,0
146,0x01009ab0,0x880006,129,0
147,0x0102eebc,0x0001,5,0
148,0x0102ef90,0x0001,5,14
149,0x01001a08,0x0006,129,40
150,0x01002474,0x0006,130,41
151,0x0100252c,0x0001,9,0
152,0x01032460,0x0006,133,43
153,0x010327b4,0x0006,176,1
154,0x010327bc,0x0001,7,44
155,0x01032b7c,0x0006,159,45
156,0x01003dac,0x0006,176,47
157,0x01003f20,0x0005,8,48
158,0x01004f8c,0x8b0006,176,1
159,0x01004a44,0x0001,7,0
160,0x01004b34,0x0001,7,49
161,0x010048c8,0x0006,159,50
162,0x01009a58,0x0006,158,0
163,0x010058d4,0x8c0006,160,1
164,0x01005470,0x0006,176,0
165,0x01005a44,0x0006,178,1
166,0x0100b414,0x0006,144,51
167,0x0100b540,0x0006,145,52
168,0x0100bbac,0x0006,177,1
169,0x0100999c,0x0006,128,0
170,0x010264b8,0x0006,128,53
171,0x01009a58,0x0006,128,0
172,0x01009ab0,0x8e0006,129,0
173,0x0102650c,0x0006,160,54
174,0x01026e34,0x0006,160,55
175,0x01026f44,0x0001,7,0
176,0x01026fb0,0x0001,7,56
177,0x01027024,0x0005,7,57
178,0x01027384,0x0006,162,58
