audit,name,formula_fn,w_0x08,w_0x0c,desc_addr
1,TOTAL PAID CREDITS,,0x00010001,0x00000001,0x40cd5b4
2,FREE GAME PERCENTAGE,0x26c94,0x00000002,0x00000000,0x40cd5c4
3,AVERAGE BALL TIME,0x26bbc,0x00000003,0x00000000,0x40cd5d4
4,AVERAGE GAME TIME,0x26bfc,0x00000003,0x00000000,0x40cd5e4
5,COINS THROUGH LEFT SLOT,,0x00020001,0x00000001,0x40cd5f4
6,COINS THROUGH RIGHT SLOT,,0x00040001,0x00000001,0x40cd604
7,COINS THROUGH CENTER SLOT,,0x00030001,0x00000001,0x40cd614
8,COINS THROUGH FOURTH SLOT,,0x00050001,0x00000001,0x40cd624
9,COINS THROUGH FIFTH SLOT,,0x00060001,0x00000001,0x40cd634
10,TOTAL COINS,0x26e10,0x00000001,0x00000001,0x40cd644
11,TOTAL EARNINGS,0x26e7c,0x00000004,0x00000001,0x40cd654
12,METER CLICKS,,0x00070001,0x00000001,0x40cd664
13,SOFTWARE METER,0x2af18,0x00000001,0x00000000,0x40cd674
14,TOTAL BALLS PLAYED,,0x00080001,0x00000000,0x40cd684
15,TOTAL EXTRA BALLS,,0x00090001,0x00000000,0x40cd694
16,EXTRA BALL PERCENTAGE,0x26c48,0x00000002,0x00000000,0x40cd6a4
17,REPLAY 1 AWARDS,,0x000a0001,0x00000000,0x40cd6b4
18,REPLAY 2 AWARDS,,0x000b0001,0x00000000,0x40cd6c4
19,REPLAY 3 AWARDS,,0x000c0001,0x00000000,0x40cd6d4
20,REPLAY 4 AWARDS,,0x000d0001,0x00000000,0x40cd6e4
21,TOTAL REPLAYS,0x26f1c,0x00000001,0x00000000,0x40cd6f4
22,REPLAY PERCENTAGE,0x26d34,0x00000002,0x00000000,0x40cd704
23,TOTAL SPECIALS,,0x000e0001,0x00000000,0x40cd714
24,SPECIAL PERCENTAGE,0x26d80,0x00000002,0x00000000,0x40cd724
25,TOTAL MATCHES,,0x000f0001,0x00000000,0x40cd734
26,HIGH SCORE AWARDS,,0x00100001,0x00000000,0x40cd744
27,HIGH SCORE PERCENT,0x26ce0,0x00000002,0x00000000,0x40cd754
28,TOTAL FREE PLAYS,0x26e94,0x00000001,0x00000000,0x40cd764
29,TOTAL PLAYS,0x26eec,0x00000001,0x00000000,0x40cd774
30,0.0M-1.99M SCORES,,0x00130005,0x00000000,0x40cd784
31,2.0M-3.99M SCORES,,0x00140005,0x00000000,0x40cd794
32,4.0M-5.99M SCORES,,0x00150005,0x00000000,0x40cd7a4
33,6.0M-7.99M SCORES,,0x00160005,0x00000000,0x40cd7b4
34,8.0M-9.99M SCORES,,0x00170005,0x00000000,0x40cd7c4
35,10.0M-12.49M SCORES,,0x00180005,0x00000000,0x40cd7d4
36,12.5M-14.99M SCORES,,0x00190005,0x00000000,0x40cd7e4
37,15.0M-17.49M SCORES,,0x001a0005,0x00000000,0x40cd7f4
38,17.5M-19.99M SCORES,,0x001b0005,0x00000000,0x40cd804
39,20.0M-24.99M SCORES,,0x001c0005,0x00000000,0x40cd814
40,25.0M-29.99M SCORES,,0x001d0005,0x00000000,0x40cd824
41,30.0M-39.99M SCORES,,0x001e0005,0x00000000,0x40cd834
42,40.0M-49.99M SCORES,,0x001f0005,0x00000000,0x40cd844
43,50.0M-74.99M SCORES,,0x00200005,0x00000000,0x40cd854
44,75.0M-99.99M SCORES,,0x00210005,0x00000000,0x40cd864
45,100.0M-149.99M SCORES,,0x00220005,0x00000000,0x40cd874
46,150.0+M SCORES,,0x00230005,0x00000000,0x40cd884
47,AVERAGE SCORES,0x26c3c,0x00000005,0x00000000,0x40cd894
48,SERVICE CREDITS,,0x00240001,0x00000000,0x40cd8a4
49,BALL SEARCH STARTED,,0x00250001,0x00000000,0x40cd8b4
50,LOST BALL FEEDS,,0x00260001,0x00000000,0x40cd8c4
51,LOST BALL GAME STARTS,,0x00270001,0x00000000,0x40cd8d4
52,LEFT DRAINS,,0x00280001,0x00000000,0x40cd8e4
53,CENTER DRAINS,0x26dcc,0x00000001,0x00000000,0x40cd8f4
54,RIGHT DRAINS,,0x00290001,0x00000000,0x40cd904
55,TILTS,,0x002a0001,0x00000000,0x40cd914
56,TOTAL BALLS SAVED,,0x002b0001,0x00000000,0x40cd924
57,LEFT FLIPPER USED,,0x002c0001,0x00000000,0x40cd934
58,RIGHT FLIPPER USED,,0x002d0001,0x00000000,0x40cd944
59,0 - 1 MINUTE GAMES,,0x002e0001,0x00000000,0x40cd954
60,1 - 1.5 MINUTE GAMES,,0x002f0001,0x00000000,0x40cd964
61,1.5 - 2 MINUTE GAMES,,0x00300001,0x00000000,0x40cd974
62,2 - 2.5 MINUTE GAMES,,0x00310001,0x00000000,0x40cd984
63,2.5 - 3 MINUTE GAMES,,0x00320001,0x00000000,0x40cd994
64,3 - 3.5 MINUTE GAMES,,0x00330001,0x00000000,0x40cd9a4
65,3.5 - 4 MINUTE GAMES,,0x00340001,0x00000000,0x40cd9b4
66,4 - 5 MINUTE GAMES,,0x00350001,0x00000000,0x40cd9c4
67,5 - 6 MINUTE GAMES,,0x00360001,0x00000000,0x40cd9d4
68,6 - 8 MINUTE GAMES,,0x00370001,0x00000000,0x40cd9e4
69,8 - 10 MINUTE GAMES,,0x00380001,0x00000000,0x40cd9f4
70,10 - 15 MINUTE GAMES,,0x00390001,0x00000000,0x40cda04
71,15+ MINUTE GAMES,,0x003a0001,0x00000000,0x40cda14
72,RECENT REPLAY PERCENT,0x26d2c,0x00000002,0x00000000,0x40cda24
73,LEFT ORBIT,,0x00410006,0x00000000,0x40cda34
74,RIGHT ORBIT,,0x00420006,0x00000000,0x40cda44
75,LEFT RAMP,,0x00430006,0x00000000,0x40cda54
76,RIGHT RAMP,,0x00440006,0x00000000,0x40cda64
77,LEFT EJECT,,0x00450006,0x00000000,0x40cda74
78,RIGHT 2 BANK TARGETS,,0x00460006,0x00000000,0x40cda84
79,CAPTIVE BALL TARGET,,0x00470006,0x00000000,0x40cda94
80,CAPTIVE BALL,,0x00480006,0x00000000,0x40cdaa4
81,POP BUMPER HITS,,0x00490006,0x00000000,0x40cdab4
82,POP BUMPERS INCREASED,,0x004a0006,0x00000000,0x40cdac4
83,MYSTERY: LIGHT SPECIAL,,0x004b0006,0x00000000,0x40cdad4
84,MYSTERY: LIGHT EXTRA BALL,,0x004c0006,0x00000000,0x40cdae4
85,"MYSTERY: 200,000",,0x004d0006,0x00000000,0x40cdaf4
86,MYSTERY: BONUS X,,0x004e0001,0x00000000,0x40cdb04
87,MYSTERY: ADD-A-BALL,,0x004f0001,0x00000000,0x40cdb14
88,MYS. ADD MORE TIME,,0x00500001,0x00000000,0x40cdb24
89,MYSTERY: POPS GROW,,0x00510001,0x00000000,0x40cdb34
90,MYSTERY: BONUS HOLD,,0x00520001,0x00000000,0x40cdb44
91,MYSTERY: BONUS X HOLD,,0x00530001,0x00000000,0x40cdb54
92,MYSTERY: SHOT MULTIP. LIT,,0x00540001,0x00000000,0x40cdb64
93,MYSTERY: SUPER SPINNERS LIT,,0x00550001,0x00000000,0x40cdb74
94,MYSTERY: SUPER POPS LIT,,0x00560001,0x00000000,0x40cdb84
95,MODE START LIT,,0x00570006,0x00000000,0x40cdb94
96,MODES STARTED,,0x00580006,0x00000000,0x40cdba4
97,STARSCREAM STARTED,,0x00590006,0x00000000,0x40cdbb4
98,STARSCREAM COMPLETED,,0x005a0006,0x00000000,0x40cdbc4
99,SHOCKWAVE STARTED,,0x005b0006,0x00000000,0x40cdbd4
100,SHOCKWAVE COMPLETED,,0x005c0006,0x00000000,0x40cdbe4
101,BLACKOUT STARTED,,0x005d0006,0x00000000,0x40cdbf4
102,BLACKOUT COMPLETED,,0x005e0006,0x00000000,0x40cdc04
103,DEVASTATOR STARTED,,0x005f0006,0x00000000,0x40cdc14
104,DEVASTATOR COMPLETED,,0x00600006,0x00000000,0x40cdc24
105,BUMBLEBEE STARTED,,0x00610006,0x00000000,0x40cdc34
106,BUMBLEBEE COMPLETED,,0x00620006,0x00000000,0x40cdc44
107,IRONHIDE STARTED,,0x00630006,0x00000000,0x40cdc54
108,IRONHIDE COMPLETED,,0x00640006,0x00000000,0x40cdc64
109,MUDFLAP/SKIDS STARTED,,0x00650006,0x00000000,0x40cdc74
110,MUDFLAP/SKIDS COMPLETED,,0x00660006,0x00000000,0x40cdc84
111,RATCHET STARTED,,0x00670006,0x00000000,0x40cdc94
112,RATCHET COMPLETED,,0x00680006,0x00000000,0x40cdca4
113,DOUBLE SCORING STARTED,,0x00690006,0x00000000,0x40cdcb4
114,FAST SCORING STARTED,,0x006a0006,0x00000000,0x40cdcc4
115,OPTIMUS BATTLE STARTED,,0x006b0006,0x00000000,0x40cdcd4
116,OPTIMUS M.B.A. STARTED,,0x006c0006,0x00000000,0x40cdce4
117,OPTIMUS M.B.A. LEVEL #1 JP.,,0x006d0006,0x00000000,0x40cdcf4
118,OPTIMUS M.B.A. LEVEL #2 JP.,,0x006e0006,0x00000000,0x40cdd04
119,OPTIMUS M.B.A. SUPER JACKPOTS,,0x006f0006,0x00000000,0x40cdd14
120,OPTIMUS M.B.D. STARTED,,0x00700006,0x00000000,0x40cdd24
121,OPTIMUS M.B.D. LEVEL #1 JP.,,0x00710006,0x00000000,0x40cdd34
122,OPTIMUS M.B.D. LEVEL #2 JP.,,0x00720006,0x00000000,0x40cdd44
123,OPTIMUS M.B.D. SUPER JACKPOTS,,0x00730006,0x00000000,0x40cdd54
124,MEGATRON BATTLE LOCKS LIT,,0x00740006,0x00000000,0x40cdd64
125,MEGATRON BATTLE BALLS LOCKED,,0x00750006,0x00000000,0x40cdd74
126,MEGATRON M.B.A. STARTED,,0x00760006,0x00000000,0x40cdd84
127,MEGATRON M.B.A. LEVEL #1 JACKPOTS,,0x00770006,0x00000000,0x40cdd94
128,MEGATRON M.B.A. LEVEL #2 JACKPOTS,,0x00780006,0x00000000,0x40cdda4
129,MEGATRON M.B.A. SUPER JACKPOTS,,0x00790006,0x00000000,0x40cddb4
130,MEGATRON M.B.D. STARTED,,0x007a0006,0x00000000,0x40cddc4
131,MEGATRON M.B.D. LEVEL #1 JACKPOTS,,0x007b0006,0x00000000,0x40cddd4
132,MEGATRON M.B.D. LEVEL #2 JACKPOTS,,0x007c0006,0x00000000,0x40cdde4
133,MEGATRON M.B.D. SUPER JACKPOTS,,0x007d0006,0x00000000,0x40cddf4
134,WIZARD STARTED,,0x007e0006,0x00000000,0x40cde04
135,WIZARD AWARDS,,0x007f0006,0x00000000,0x40cde14
136,WIZARD COMPLETED,,0x00800006,0x00000000,0x40cde24
137,WIZARD: REQ. 1 COLLECTED,,0x00810006,0x00000000,0x40cde34
138,WIZARD: REQ. 2 COLLECTED,,0x00820006,0x00000000,0x40cde44
139,WIZARD: REQ. 3 COLLECTED,,0x00830006,0x00000000,0x40cde54
140,WIZARD: REQ. 4 COLLECTED,,0x00840006,0x00000000,0x40cde64
141,WIZARD: REQ. 5 COLLECTED,,0x00850006,0x00000000,0x40cde74
142,WIZARD: REQ. 6 COLLECTED,,0x00860006,0x00000000,0x40cde84
143,WIZARD: REQ. 7 COLLECTED,,0x00870006,0x00000000,0x40cde94
144,WIZARD: REQ. 8 COLLECTED,,0x00880006,0x00000000,0x40cdea4
145,WIZARD: REQ. 9 COLLECTED,,0x00890006,0x00000000,0x40cdeb4
146,WIZARD: REQ. 10 COLLECTED,,0x008a0006,0x00000000,0x40cdec4
147,WIZARD: REQ. 11 COLLECTED,,0x008b0006,0x00000000,0x40cded4
148,WIZARD MB: REQ. 1 COMPLETED,,0x008c0006,0x00000000,0x40cdee4
149,WIZARD MB: REQ. 2 COMPLETED,,0x008d0006,0x00000000,0x40cdef4
150,WIZARD MB: REQ. 3 COMPLETED,,0x008e0006,0x00000000,0x40cdf04
151,WIZARD MB: REQ. 4 COMPLETED,,0x008f0006,0x00000000,0x40cdf14
152,WIZARD MB: REQ. 5 COMPLETED,,0x00900006,0x00000000,0x40cdf24
153,WIZARD MB: REQ. 6 COMPLETED,,0x00910006,0x00000000,0x40cdf34
154,WIZARD MB: REQ. 7 COMPLETED,,0x00920006,0x00000000,0x40cdf44
155,WIZARD MB: REQ. 8 COMPLETED,,0x00930006,0x00000000,0x40cdf54
156,WIZARD MB: REQ. 9 COMPLETED,,0x00940006,0x00000000,0x40cdf64
157,WIZARD MB: REQ. 10 COMPLETED,,0x00950006,0x00000000,0x40cdf74
158,WIZARD MB: REQ. 11 COMPLETED,,0x00960006,0x00000000,0x40cdf84
159,WIZARD MULTIBALL STARTED,,0x00970006,0x00000000,0x40cdf94
160,WIZARD MULTIBALL AWARDS,,0x00980006,0x00000000,0x40cdfa4
161,WIZARD MULTIBALL SUPER JACKPOTS,,0x00990006,0x00000000,0x40cdfb4
162,COMBO AWARDS,,0x009a0006,0x00000000,0x40cdfc4
163,SUPER COMBOS STARTED,,0x009b0006,0x00000000,0x40cdfd4
164,SUPER SPINNER LIT,,0x009c0006,0x00000000,0x40cdfe4
165,SUPER POPS LIT,,0x009d0006,0x00000000,0x40cdff4
166,SPECIAL LIT,,0x009e0006,0x00000000,0x40ce004
