kind,preset,item,list,list_address,adj,name,value,label,applied_by,tag
install,INSTALL EXTRA EASY,71,game,0x30eb4,66,MODE START DIFFICULTY,0,EXTRA EASY,0x1049c2c -> 0x1049910 -> 0x598,code
install,INSTALL EXTRA EASY,71,game,0x30eb4,67,OPTIMUS DIFFICULTY,0,EASY,0x1049c2c -> 0x1049910 -> 0x598,code
install,INSTALL EXTRA EASY,71,game,0x30eb4,68,MEGATRON M.B. LOCK DIFFICULTY,0,EASY,0x1049c2c -> 0x1049910 -> 0x598,code
install,INSTALL EXTRA EASY,71,game,0x30eb4,70,BUMBLEBEE LETTER DIFFICULTY,0,EASY,0x1049c2c -> 0x1049910 -> 0x598,code
install,INSTALL EXTRA EASY,71,game,0x30eb4,72,STARSCREAM TIMER,55,55,0x1049c2c -> 0x1049910 -> 0x598,code
install,INSTALL EXTRA EASY,71,game,0x30eb4,73,SHOCKWAVE TIMER,55,55,0x1049c2c -> 0x1049910 -> 0x598,code
install,INSTALL EXTRA EASY,71,game,0x30eb4,74,BLACKOUT TIMER,55,55,0x1049c2c -> 0x1049910 -> 0x598,code
install,INSTALL EXTRA EASY,71,game,0x30eb4,75,DEVASTATOR TIMER,30,30,0x1049c2c -> 0x1049910 -> 0x598,code
install,INSTALL EXTRA EASY,71,game,0x30eb4,76,BUMBLEBEE TIMER,25,25,0x1049c2c -> 0x1049910 -> 0x598,code
install,INSTALL EXTRA EASY,71,game,0x30eb4,77,IRONHIDE TIMER,35,35,0x1049c2c -> 0x1049910 -> 0x598,code
install,INSTALL EXTRA EASY,71,game,0x30eb4,78,MUDFLAP/SKIDS TIMER,25,25,0x1049c2c -> 0x1049910 -> 0x598,code
install,INSTALL EXTRA EASY,71,game,0x30eb4,79,RATCHET TIMER,55,55,0x1049c2c -> 0x1049910 -> 0x598,code
install,INSTALL EXTRA EASY,71,game,0x30eb4,80,DOUBLE SCORING TIMER,50,50,0x1049c2c -> 0x1049910 -> 0x598,code
install,INSTALL EXTRA EASY,71,game,0x30eb4,81,FAST SCORING TIMER,35,35,0x1049c2c -> 0x1049910 -> 0x598,code
install,INSTALL EXTRA EASY,71,game,0x30eb4,82,MUDFLAP/SKIDS TARGET DIFFICULTY,0,EXTRA EASY,0x1049c2c -> 0x1049910 -> 0x598,code
install,INSTALL EXTRA EASY,71,game,0x30eb4,83,BONUS EXTRA BALL AT,1,1,0x1049c2c -> 0x1049910 -> 0x598,code
install,INSTALL EASY,72,game,0x30f3c,66,MODE START DIFFICULTY,1,EASY,0x1049734 -> 0x1049910 -> 0x598,code
install,INSTALL EASY,72,game,0x30f3c,67,OPTIMUS DIFFICULTY,0,EASY,0x1049734 -> 0x1049910 -> 0x598,code
install,INSTALL EASY,72,game,0x30f3c,68,MEGATRON M.B. LOCK DIFFICULTY,0,EASY,0x1049734 -> 0x1049910 -> 0x598,code
install,INSTALL EASY,72,game,0x30f3c,70,BUMBLEBEE LETTER DIFFICULTY,0,EASY,0x1049734 -> 0x1049910 -> 0x598,code
install,INSTALL EASY,72,game,0x30f3c,72,STARSCREAM TIMER,50,50,0x1049734 -> 0x1049910 -> 0x598,code
install,INSTALL EASY,72,game,0x30f3c,73,SHOCKWAVE TIMER,50,50,0x1049734 -> 0x1049910 -> 0x598,code
install,INSTALL EASY,72,game,0x30f3c,74,BLACKOUT TIMER,50,50,0x1049734 -> 0x1049910 -> 0x598,code
install,INSTALL EASY,72,game,0x30f3c,75,DEVASTATOR TIMER,25,25,0x1049734 -> 0x1049910 -> 0x598,code
install,INSTALL EASY,72,game,0x30f3c,76,BUMBLEBEE TIMER,20,20,0x1049734 -> 0x1049910 -> 0x598,code
install,INSTALL EASY,72,game,0x30f3c,77,IRONHIDE TIMER,30,30,0x1049734 -> 0x1049910 -> 0x598,code
install,INSTALL EASY,72,game,0x30f3c,78,MUDFLAP/SKIDS TIMER,20,20,0x1049734 -> 0x1049910 -> 0x598,code
install,INSTALL EASY,72,game,0x30f3c,79,RATCHET TIMER,50,50,0x1049734 -> 0x1049910 -> 0x598,code
install,INSTALL EASY,72,game,0x30f3c,80,DOUBLE SCORING TIMER,45,45,0x1049734 -> 0x1049910 -> 0x598,code
install,INSTALL EASY,72,game,0x30f3c,81,FAST SCORING TIMER,30,30,0x1049734 -> 0x1049910 -> 0x598,code
install,INSTALL EASY,72,game,0x30f3c,82,MUDFLAP/SKIDS TARGET DIFFICULTY,1,EASY,0x1049734 -> 0x1049910 -> 0x598,code
install,INSTALL EASY,72,game,0x30f3c,83,BONUS EXTRA BALL AT,3,3,0x1049734 -> 0x1049910 -> 0x598,code
install,INSTALL MEDIUM,73,game,0x30fc4,66,MODE START DIFFICULTY,2,MEDIUM,0x1049bec -> 0x1049910 -> 0x598,code
install,INSTALL MEDIUM,73,game,0x30fc4,67,OPTIMUS DIFFICULTY,1,MEDIUM,0x1049bec -> 0x1049910 -> 0x598,code
install,INSTALL MEDIUM,73,game,0x30fc4,68,MEGATRON M.B. LOCK DIFFICULTY,1,MEDIUM,0x1049bec -> 0x1049910 -> 0x598,code
install,INSTALL MEDIUM,73,game,0x30fc4,70,BUMBLEBEE LETTER DIFFICULTY,0,EASY,0x1049bec -> 0x1049910 -> 0x598,code
install,INSTALL MEDIUM,73,game,0x30fc4,72,STARSCREAM TIMER,45,45,0x1049bec -> 0x1049910 -> 0x598,code
install,INSTALL MEDIUM,73,game,0x30fc4,73,SHOCKWAVE TIMER,45,45,0x1049bec -> 0x1049910 -> 0x598,code
install,INSTALL MEDIUM,73,game,0x30fc4,74,BLACKOUT TIMER,45,45,0x1049bec -> 0x1049910 -> 0x598,code
install,INSTALL MEDIUM,73,game,0x30fc4,75,DEVASTATOR TIMER,20,20,0x1049bec -> 0x1049910 -> 0x598,code
install,INSTALL MEDIUM,73,game,0x30fc4,76,BUMBLEBEE TIMER,15,15,0x1049bec -> 0x1049910 -> 0x598,code
install,INSTALL MEDIUM,73,game,0x30fc4,77,IRONHIDE TIMER,25,25,0x1049bec -> 0x1049910 -> 0x598,code
install,INSTALL MEDIUM,73,game,0x30fc4,78,MUDFLAP/SKIDS TIMER,15,15,0x1049bec -> 0x1049910 -> 0x598,code
install,INSTALL MEDIUM,73,game,0x30fc4,79,RATCHET TIMER,45,45,0x1049bec -> 0x1049910 -> 0x598,code
install,INSTALL MEDIUM,73,game,0x30fc4,80,DOUBLE SCORING TIMER,40,40,0x1049bec -> 0x1049910 -> 0x598,code
install,INSTALL MEDIUM,73,game,0x30fc4,81,FAST SCORING TIMER,25,25,0x1049bec -> 0x1049910 -> 0x598,code
install,INSTALL MEDIUM,73,game,0x30fc4,82,MUDFLAP/SKIDS TARGET DIFFICULTY,2,MEDIUM,0x1049bec -> 0x1049910 -> 0x598,code
install,INSTALL MEDIUM,73,game,0x30fc4,83,BONUS EXTRA BALL AT,5,5,0x1049bec -> 0x1049910 -> 0x598,code
install,INSTALL HARD,74,game,0x3104c,66,MODE START DIFFICULTY,3,HARD,0x1049b6c -> 0x1049910 -> 0x598,code
install,INSTALL HARD,74,game,0x3104c,67,OPTIMUS DIFFICULTY,2,HARD,0x1049b6c -> 0x1049910 -> 0x598,code
install,INSTALL HARD,74,game,0x3104c,68,MEGATRON M.B. LOCK DIFFICULTY,2,HARD,0x1049b6c -> 0x1049910 -> 0x598,code
install,INSTALL HARD,74,game,0x3104c,70,BUMBLEBEE LETTER DIFFICULTY,1,MEDIUM,0x1049b6c -> 0x1049910 -> 0x598,code
install,INSTALL HARD,74,game,0x3104c,72,STARSCREAM TIMER,40,40,0x1049b6c -> 0x1049910 -> 0x598,code
install,INSTALL HARD,74,game,0x3104c,73,SHOCKWAVE TIMER,40,40,0x1049b6c -> 0x1049910 -> 0x598,code
install,INSTALL HARD,74,game,0x3104c,74,BLACKOUT TIMER,40,40,0x1049b6c -> 0x1049910 -> 0x598,code
install,INSTALL HARD,74,game,0x3104c,75,DEVASTATOR TIMER,15,15,0x1049b6c -> 0x1049910 -> 0x598,code
install,INSTALL HARD,74,game,0x3104c,76,BUMBLEBEE TIMER,10,10,0x1049b6c -> 0x1049910 -> 0x598,code
install,INSTALL HARD,74,game,0x3104c,77,IRONHIDE TIMER,20,20,0x1049b6c -> 0x1049910 -> 0x598,code
install,INSTALL HARD,74,game,0x3104c,78,MUDFLAP/SKIDS TIMER,10,10,0x1049b6c -> 0x1049910 -> 0x598,code
install,INSTALL HARD,74,game,0x3104c,79,RATCHET TIMER,40,40,0x1049b6c -> 0x1049910 -> 0x598,code
install,INSTALL HARD,74,game,0x3104c,80,DOUBLE SCORING TIMER,35,35,0x1049b6c -> 0x1049910 -> 0x598,code
install,INSTALL HARD,74,game,0x3104c,81,FAST SCORING TIMER,20,20,0x1049b6c -> 0x1049910 -> 0x598,code
install,INSTALL HARD,74,game,0x3104c,82,MUDFLAP/SKIDS TARGET DIFFICULTY,3,HARD,0x1049b6c -> 0x1049910 -> 0x598,code
install,INSTALL HARD,74,game,0x3104c,83,BONUS EXTRA BALL AT,7,7,0x1049b6c -> 0x1049910 -> 0x598,code
install,INSTALL EXTRA HARD,75,game,0x310d4,66,MODE START DIFFICULTY,4,EXTRA HARD,0x1049c6c -> 0x1049910 -> 0x598,code
install,INSTALL EXTRA HARD,75,game,0x310d4,67,OPTIMUS DIFFICULTY,2,HARD,0x1049c6c -> 0x1049910 -> 0x598,code
install,INSTALL EXTRA HARD,75,game,0x310d4,68,MEGATRON M.B. LOCK DIFFICULTY,2,HARD,0x1049c6c -> 0x1049910 -> 0x598,code
install,INSTALL EXTRA HARD,75,game,0x310d4,70,BUMBLEBEE LETTER DIFFICULTY,2,HARD,0x1049c6c -> 0x1049910 -> 0x598,code
install,INSTALL EXTRA HARD,75,game,0x310d4,72,STARSCREAM TIMER,35,35,0x1049c6c -> 0x1049910 -> 0x598,code
install,INSTALL EXTRA HARD,75,game,0x310d4,73,SHOCKWAVE TIMER,35,35,0x1049c6c -> 0x1049910 -> 0x598,code
install,INSTALL EXTRA HARD,75,game,0x310d4,74,BLACKOUT TIMER,35,35,0x1049c6c -> 0x1049910 -> 0x598,code
install,INSTALL EXTRA HARD,75,game,0x310d4,75,DEVASTATOR TIMER,10,10,0x1049c6c -> 0x1049910 -> 0x598,code
install,INSTALL EXTRA HARD,75,game,0x310d4,76,BUMBLEBEE TIMER,5,5,0x1049c6c -> 0x1049910 -> 0x598,code
install,INSTALL EXTRA HARD,75,game,0x310d4,77,IRONHIDE TIMER,15,15,0x1049c6c -> 0x1049910 -> 0x598,code
install,INSTALL EXTRA HARD,75,game,0x310d4,78,MUDFLAP/SKIDS TIMER,5,5,0x1049c6c -> 0x1049910 -> 0x598,code
install,INSTALL EXTRA HARD,75,game,0x310d4,79,RATCHET TIMER,35,35,0x1049c6c -> 0x1049910 -> 0x598,code
install,INSTALL EXTRA HARD,75,game,0x310d4,80,DOUBLE SCORING TIMER,30,30,0x1049c6c -> 0x1049910 -> 0x598,code
install,INSTALL EXTRA HARD,75,game,0x310d4,81,FAST SCORING TIMER,15,15,0x1049c6c -> 0x1049910 -> 0x598,code
install,INSTALL EXTRA HARD,75,game,0x310d4,82,MUDFLAP/SKIDS TARGET DIFFICULTY,4,EXTRA HARD,0x1049c6c -> 0x1049910 -> 0x598,code
install,INSTALL EXTRA HARD,75,game,0x310d4,83,BONUS EXTRA BALL AT,9,9,0x1049c6c -> 0x1049910 -> 0x598,code
install,INSTALL 3-BALL,102,os,0x33550,31,BALLS PER GAME,3,3,0x1040720 -> 0x1049910 -> 0x598,code
install,INSTALL 3-BALL,102,game,0x311e4,66,MODE START DIFFICULTY,3,HARD,0x1040720 -> 0x1049910 -> 0x598,code
install,INSTALL 3-BALL,102,game,0x311e4,67,OPTIMUS DIFFICULTY,1,MEDIUM,0x1040720 -> 0x1049910 -> 0x598,code
install,INSTALL 3-BALL,102,game,0x311e4,68,MEGATRON M.B. LOCK DIFFICULTY,1,MEDIUM,0x1040720 -> 0x1049910 -> 0x598,code
install,INSTALL 3-BALL,102,game,0x311e4,70,BUMBLEBEE LETTER DIFFICULTY,0,EASY,0x1040720 -> 0x1049910 -> 0x598,code
install,INSTALL 3-BALL,102,game,0x311e4,72,STARSCREAM TIMER,45,45,0x1040720 -> 0x1049910 -> 0x598,code
install,INSTALL 3-BALL,102,game,0x311e4,73,SHOCKWAVE TIMER,45,45,0x1040720 -> 0x1049910 -> 0x598,code
install,INSTALL 3-BALL,102,game,0x311e4,74,BLACKOUT TIMER,45,45,0x1040720 -> 0x1049910 -> 0x598,code
install,INSTALL 3-BALL,102,game,0x311e4,75,DEVASTATOR TIMER,20,20,0x1040720 -> 0x1049910 -> 0x598,code
install,INSTALL 3-BALL,102,game,0x311e4,76,BUMBLEBEE TIMER,15,15,0x1040720 -> 0x1049910 -> 0x598,code
install,INSTALL 3-BALL,102,game,0x311e4,77,IRONHIDE TIMER,25,25,0x1040720 -> 0x1049910 -> 0x598,code
install,INSTALL 3-BALL,102,game,0x311e4,78,MUDFLAP/SKIDS TIMER,15,15,0x1040720 -> 0x1049910 -> 0x598,code
install,INSTALL 3-BALL,102,game,0x311e4,79,RATCHET TIMER,45,45,0x1040720 -> 0x1049910 -> 0x598,code
install,INSTALL 3-BALL,102,game,0x311e4,80,DOUBLE SCORING TIMER,40,40,0x1040720 -> 0x1049910 -> 0x598,code
install,INSTALL 3-BALL,102,game,0x311e4,81,FAST SCORING TIMER,25,25,0x1040720 -> 0x1049910 -> 0x598,code
install,INSTALL 3-BALL,102,game,0x311e4,82,MUDFLAP/SKIDS TARGET DIFFICULTY,1,EASY,0x1040720 -> 0x1049910 -> 0x598,code
install,INSTALL 3-BALL,102,game,0x311e4,83,BONUS EXTRA BALL AT,5,5,0x1040720 -> 0x1049910 -> 0x598,code
install,INSTALL 5-BALL,103,os,0x33560,31,BALLS PER GAME,5,5,0x1040764 -> 0x1049910 -> 0x598,code
install,INSTALL 5-BALL,103,game,0x3126c,66,MODE START DIFFICULTY,3,HARD,0x1040764 -> 0x1049910 -> 0x598,code
install,INSTALL 5-BALL,103,game,0x3126c,67,OPTIMUS DIFFICULTY,1,MEDIUM,0x1040764 -> 0x1049910 -> 0x598,code
install,INSTALL 5-BALL,103,game,0x3126c,68,MEGATRON M.B. LOCK DIFFICULTY,1,MEDIUM,0x1040764 -> 0x1049910 -> 0x598,code
install,INSTALL 5-BALL,103,game,0x3126c,70,BUMBLEBEE LETTER DIFFICULTY,0,EASY,0x1040764 -> 0x1049910 -> 0x598,code
install,INSTALL 5-BALL,103,game,0x3126c,72,STARSCREAM TIMER,45,45,0x1040764 -> 0x1049910 -> 0x598,code
install,INSTALL 5-BALL,103,game,0x3126c,73,SHOCKWAVE TIMER,45,45,0x1040764 -> 0x1049910 -> 0x598,code
install,INSTALL 5-BALL,103,game,0x3126c,74,BLACKOUT TIMER,45,45,0x1040764 -> 0x1049910 -> 0x598,code
install,INSTALL 5-BALL,103,game,0x3126c,75,DEVASTATOR TIMER,20,20,0x1040764 -> 0x1049910 -> 0x598,code
install,INSTALL 5-BALL,103,game,0x3126c,76,BUMBLEBEE TIMER,15,15,0x1040764 -> 0x1049910 -> 0x598,code
install,INSTALL 5-BALL,103,game,0x3126c,77,IRONHIDE TIMER,25,25,0x1040764 -> 0x1049910 -> 0x598,code
install,INSTALL 5-BALL,103,game,0x3126c,78,MUDFLAP/SKIDS TIMER,15,15,0x1040764 -> 0x1049910 -> 0x598,code
install,INSTALL 5-BALL,103,game,0x3126c,79,RATCHET TIMER,45,45,0x1040764 -> 0x1049910 -> 0x598,code
install,INSTALL 5-BALL,103,game,0x3126c,80,DOUBLE SCORING TIMER,40,40,0x1040764 -> 0x1049910 -> 0x598,code
install,INSTALL 5-BALL,103,game,0x3126c,81,FAST SCORING TIMER,25,25,0x1040764 -> 0x1049910 -> 0x598,code
install,INSTALL 5-BALL,103,game,0x3126c,82,MUDFLAP/SKIDS TARGET DIFFICULTY,2,MEDIUM,0x1040764 -> 0x1049910 -> 0x598,code
install,INSTALL 5-BALL,103,game,0x3126c,83,BONUS EXTRA BALL AT,7,7,0x1040764 -> 0x1049910 -> 0x598,code
install,INSTALL COMPETITION,104,os,0x335d0,10,PLAYER LANGUAGE SELECT,0,NO,0x10407ec -> 0x1049910 -> 0x598,code
install,INSTALL COMPETITION,104,os,0x335d0,32,TILT WARNINGS,2,2,0x10407ec -> 0x1049910 -> 0x598,code
install,INSTALL COMPETITION,104,os,0x335d0,34,FREE PLAY,1,YES,0x10407ec -> 0x1049910 -> 0x598,code
install,INSTALL COMPETITION,104,os,0x335d0,36,GAME RESTART,0,NO,0x10407ec -> 0x1049910 -> 0x598,code
install,INSTALL COMPETITION,104,os,0x335d0,41,COINDOOR BALL SAVER,1,YES,0x10407ec -> 0x1049910 -> 0x598,code
install,INSTALL COMPETITION,104,os,0x335d0,42,COMPETITION MODE,1,YES,0x10407ec -> 0x1049910 -> 0x598,code
install,INSTALL COMPETITION,104,os,0x335d0,63,LOST BALL RECOVERY,0,NO,0x10407ec -> 0x1049910 -> 0x598,code
install,INSTALL COMPETITION,104,os,0x335d0,64,COIN DOOR DISABLE TILT,1,YES,0x10407ec -> 0x1049910 -> 0x598,code
install,INSTALL DIRECTOR'S CUT,76,game,0x3115c,66,MODE START DIFFICULTY,3,HARD,0x10496f4 -> 0x1049910 -> 0x598,code
install,INSTALL DIRECTOR'S CUT,76,game,0x3115c,67,OPTIMUS DIFFICULTY,1,MEDIUM,0x10496f4 -> 0x1049910 -> 0x598,code
install,INSTALL DIRECTOR'S CUT,76,game,0x3115c,68,MEGATRON M.B. LOCK DIFFICULTY,1,MEDIUM,0x10496f4 -> 0x1049910 -> 0x598,code
install,INSTALL DIRECTOR'S CUT,76,game,0x3115c,70,BUMBLEBEE LETTER DIFFICULTY,0,EASY,0x10496f4 -> 0x1049910 -> 0x598,code
install,INSTALL DIRECTOR'S CUT,76,game,0x3115c,72,STARSCREAM TIMER,45,45,0x10496f4 -> 0x1049910 -> 0x598,code
install,INSTALL DIRECTOR'S CUT,76,game,0x3115c,73,SHOCKWAVE TIMER,45,45,0x10496f4 -> 0x1049910 -> 0x598,code
install,INSTALL DIRECTOR'S CUT,76,game,0x3115c,74,BLACKOUT TIMER,45,45,0x10496f4 -> 0x1049910 -> 0x598,code
install,INSTALL DIRECTOR'S CUT,76,game,0x3115c,75,DEVASTATOR TIMER,20,20,0x10496f4 -> 0x1049910 -> 0x598,code
install,INSTALL DIRECTOR'S CUT,76,game,0x3115c,76,BUMBLEBEE TIMER,15,15,0x10496f4 -> 0x1049910 -> 0x598,code
install,INSTALL DIRECTOR'S CUT,76,game,0x3115c,77,IRONHIDE TIMER,25,25,0x10496f4 -> 0x1049910 -> 0x598,code
install,INSTALL DIRECTOR'S CUT,76,game,0x3115c,78,MUDFLAP/SKIDS TIMER,15,15,0x10496f4 -> 0x1049910 -> 0x598,code
install,INSTALL DIRECTOR'S CUT,76,game,0x3115c,79,RATCHET TIMER,45,45,0x10496f4 -> 0x1049910 -> 0x598,code
install,INSTALL DIRECTOR'S CUT,76,game,0x3115c,80,DOUBLE SCORING TIMER,40,40,0x10496f4 -> 0x1049910 -> 0x598,code
install,INSTALL DIRECTOR'S CUT,76,game,0x3115c,81,FAST SCORING TIMER,25,25,0x10496f4 -> 0x1049910 -> 0x598,code
install,INSTALL DIRECTOR'S CUT,76,game,0x3115c,82,MUDFLAP/SKIDS TARGET DIFFICULTY,1,EASY,0x10496f4 -> 0x1049910 -> 0x598,code
install,INSTALL DIRECTOR'S CUT,76,game,0x3115c,83,BONUS EXTRA BALL AT,5,5,0x10496f4 -> 0x1049910 -> 0x598,code
install,INSTALL HOME PLAY,77,os+game,0x337d0 / 0x337d8,,(both lists empty: changes nothing),,,0x1049bac -> 0x1049910 -> adj_apply_list 0x598,code
install,INSTALL NOVELTY,105,os,0x33620,11,REPLAY TYPE,0,NONE,0x1040830 -> 0x1049910 -> 0x598,code
install,INSTALL NOVELTY,105,os,0x33620,23,SPECIAL AWARD,3,POINTS,0x1040830 -> 0x1049910 -> 0x598,code
install,INSTALL NOVELTY,105,os,0x33620,25,FREE GAME LIMIT,0,NO FREE GAMES,0x1040830 -> 0x1049910 -> 0x598,code
install,INSTALL NOVELTY,105,os,0x33620,26,EXTRA BALL LIMIT,0,NO EXTRA BALLS,0x1040830 -> 0x1049910 -> 0x598,code
install,INSTALL NOVELTY,105,os,0x33620,30,MATCH PERCENTAGE,11,OFF,0x1040830 -> 0x1049910 -> 0x598,code
install,INSTALL NOVELTY,105,os,0x33620,55,GRAND CHAMPION AWARDS,0,0,0x1040830 -> 0x1049910 -> 0x598,code
install,INSTALL NOVELTY,105,os,0x33620,56,HIGH SCORE #1 AWARDS,0,0,0x1040830 -> 0x1049910 -> 0x598,code
install,INSTALL NOVELTY,105,os,0x33620,57,HIGH SCORE #2 AWARDS,0,0,0x1040830 -> 0x1049910 -> 0x598,code
install,INSTALL NOVELTY,105,os,0x33620,58,HIGH SCORE #3 AWARDS,0,0,0x1040830 -> 0x1049910 -> 0x598,code
install,INSTALL NOVELTY,105,os,0x33620,59,HIGH SCORE #4 AWARDS,0,0,0x1040830 -> 0x1049910 -> 0x598,code
install,INSTALL ADD-A-BALL,106,os,0x33570,13,REPLAY AWARD,3,EXTRA BALL,0x10407a8 -> 0x1049910 -> 0x598,code
install,INSTALL ADD-A-BALL,106,os,0x33570,23,SPECIAL AWARD,4,EXTRA BALL,0x10407a8 -> 0x1049910 -> 0x598,code
install,INSTALL ADD-A-BALL,106,os,0x33570,25,FREE GAME LIMIT,0,NO FREE GAMES,0x10407a8 -> 0x1049910 -> 0x598,code
install,INSTALL ADD-A-BALL,106,os,0x33570,26,EXTRA BALL LIMIT,9,9,0x10407a8 -> 0x1049910 -> 0x598,code
install,INSTALL ADD-A-BALL,106,os,0x33570,30,MATCH PERCENTAGE,11,OFF,0x10407a8 -> 0x1049910 -> 0x598,code
install,INSTALL ADD-A-BALL,106,os,0x33570,55,GRAND CHAMPION AWARDS,0,0,0x10407a8 -> 0x1049910 -> 0x598,code
install,INSTALL ADD-A-BALL,106,os,0x33570,56,HIGH SCORE #1 AWARDS,0,0,0x10407a8 -> 0x1049910 -> 0x598,code
install,INSTALL ADD-A-BALL,106,os,0x33570,57,HIGH SCORE #2 AWARDS,0,0,0x10407a8 -> 0x1049910 -> 0x598,code
install,INSTALL ADD-A-BALL,106,os,0x33570,58,HIGH SCORE #3 AWARDS,0,0,0x10407a8 -> 0x1049910 -> 0x598,code
install,INSTALL ADD-A-BALL,106,os,0x33570,59,HIGH SCORE #4 AWARDS,0,0,0x10407a8 -> 0x1049910 -> 0x598,code
install,INSTALL FACTORY,78,,,all,every adjustment,factory default,,0x1049774 -> 0x728 (0x530 for ids 1-98: 0x3d8 default),code
country,U.S.A.,country 0,os,0x332dc,10,PLAYER LANGUAGE SELECT,1,YES,"factory default 0x3d8 -> 0x53dc (country NVRAM 0x21100d8, set from the DIP at boot by 0x550c)",observed
country,AUSTRIA,country 1,os,0x329f0,28,GAME PRICING,19,EURO 9,"factory default 0x3d8 -> 0x53dc (country NVRAM 0x21100d8, set from the DIP at boot by 0x550c)",observed
country,AUSTRIA,country 1,os,0x329f0,7,LANGUAGE,1,DEUTSCH,"factory default 0x3d8 -> 0x53dc (country NVRAM 0x21100d8, set from the DIP at boot by 0x550c)",observed
country,BELGIUM,country 2,os,0x32a3c,28,GAME PRICING,11,EURO 1,"factory default 0x3d8 -> 0x53dc (country NVRAM 0x21100d8, set from the DIP at boot by 0x550c)",observed
country,BELGIUM,country 2,os,0x32a3c,10,PLAYER LANGUAGE SELECT,1,YES,"factory default 0x3d8 -> 0x53dc (country NVRAM 0x21100d8, set from the DIP at boot by 0x550c)",observed
country,CANADA 1,country 3,os,0x32a88,28,GAME PRICING,6,CANADA 1,"factory default 0x3d8 -> 0x53dc (country NVRAM 0x21100d8, set from the DIP at boot by 0x550c)",observed
country,CANADA 1,country 3,os,0x32a88,10,PLAYER LANGUAGE SELECT,1,YES,"factory default 0x3d8 -> 0x53dc (country NVRAM 0x21100d8, set from the DIP at boot by 0x550c)",observed
country,NETHERLANDS,country 4,os,0x32f4c,28,GAME PRICING,13,EURO 3,"factory default 0x3d8 -> 0x53dc (country NVRAM 0x21100d8, set from the DIP at boot by 0x550c)",observed
country,NETHERLANDS,country 4,os,0x32f4c,36,GAME RESTART,0,NO,"factory default 0x3d8 -> 0x53dc (country NVRAM 0x21100d8, set from the DIP at boot by 0x550c)",observed
country,FINLAND,country 5,os,0x32cd4,28,GAME PRICING,18,EURO 8,"factory default 0x3d8 -> 0x53dc (country NVRAM 0x21100d8, set from the DIP at boot by 0x550c)",observed
country,FRANCE,country 6,os,0x32d18,28,GAME PRICING,20,EURO 10,"factory default 0x3d8 -> 0x53dc (country NVRAM 0x21100d8, set from the DIP at boot by 0x550c)",observed
country,FRANCE,country 6,os,0x32d18,15,AUTO REPLAY START,30000000,"30,000,000","factory default 0x3d8 -> 0x53dc (country NVRAM 0x21100d8, set from the DIP at boot by 0x550c)",observed
country,FRANCE,country 6,os,0x32d18,12,REPLAY PERCENTAGE,20,20%,"factory default 0x3d8 -> 0x53dc (country NVRAM 0x21100d8, set from the DIP at boot by 0x550c)",observed
country,FRANCE,country 6,os,0x32d18,30,MATCH PERCENTAGE,10,10%,"factory default 0x3d8 -> 0x53dc (country NVRAM 0x21100d8, set from the DIP at boot by 0x550c)",observed
country,FRANCE,country 6,os,0x32d18,27,EXTRA BALL PERCENTAGE,10,10%,"factory default 0x3d8 -> 0x53dc (country NVRAM 0x21100d8, set from the DIP at boot by 0x550c)",observed
country,FRANCE,country 6,os,0x32d18,61,HSTD RESET COUNT,1000,1000,"factory default 0x3d8 -> 0x53dc (country NVRAM 0x21100d8, set from the DIP at boot by 0x550c)",observed
country,FRANCE,country 6,os,0x32d18,36,GAME RESTART,0,NO,"factory default 0x3d8 -> 0x53dc (country NVRAM 0x21100d8, set from the DIP at boot by 0x550c)",observed
country,FRANCE,country 6,os,0x32d18,39,TIMED PLUNGER,60,1:00,"factory default 0x3d8 -> 0x53dc (country NVRAM 0x21100d8, set from the DIP at boot by 0x550c)",observed
country,FRANCE,country 6,os,0x32d18,7,LANGUAGE,2,FRANCAIS,"factory default 0x3d8 -> 0x53dc (country NVRAM 0x21100d8, set from the DIP at boot by 0x550c)",observed
country,FRANCE,country 6,game,0x312f4,69,MEGATRON M.B. VIRTUAL LOCK,1,YES,"factory default 0x3d8 -> 0x53dc (country NVRAM 0x21100d8, set from the DIP at boot by 0x550c)",observed
country,FRANCE,country 6,game,0x312f4,97,MUSIC VOLUME,40,40,"factory default 0x3d8 -> 0x53dc (country NVRAM 0x21100d8, set from the DIP at boot by 0x550c)",observed
country,FRANCE,country 6,game,0x312f4,98,SPEECH VOLUME,40,40,"factory default 0x3d8 -> 0x53dc (country NVRAM 0x21100d8, set from the DIP at boot by 0x550c)",observed
country,GERMANY,country 7,os,0x32d9c,28,GAME PRICING,24,GERMANY 2,"factory default 0x3d8 -> 0x53dc (country NVRAM 0x21100d8, set from the DIP at boot by 0x550c)",observed
country,GERMANY,country 7,os,0x32d9c,35,KNOCKER VOLUME,1,LOW,"factory default 0x3d8 -> 0x53dc (country NVRAM 0x21100d8, set from the DIP at boot by 0x550c)",observed
country,GERMANY,country 7,os,0x32d9c,7,LANGUAGE,1,DEUTSCH,"factory default 0x3d8 -> 0x53dc (country NVRAM 0x21100d8, set from the DIP at boot by 0x550c)",observed
country,ITALY,country 8,os,0x32e34,28,GAME PRICING,26,ITALY 1,"factory default 0x3d8 -> 0x53dc (country NVRAM 0x21100d8, set from the DIP at boot by 0x550c)",observed
country,ITALY,country 8,os,0x32e34,7,LANGUAGE,4,ITALIANO,"factory default 0x3d8 -> 0x53dc (country NVRAM 0x21100d8, set from the DIP at boot by 0x550c)",observed
country,DENMARK,country 9,os,0x32c90,28,GAME PRICING,9,DENMARK 1,"factory default 0x3d8 -> 0x53dc (country NVRAM 0x21100d8, set from the DIP at boot by 0x550c)",observed
country,NORWAY 1,country 10,os,0x32fdc,28,GAME PRICING,34,NORWAY 1,"factory default 0x3d8 -> 0x53dc (country NVRAM 0x21100d8, set from the DIP at boot by 0x550c)",observed
country,NORWAY 1,country 10,os,0x32fdc,36,GAME RESTART,0,NO,"factory default 0x3d8 -> 0x53dc (country NVRAM 0x21100d8, set from the DIP at boot by 0x550c)",observed
country,SWEDEN,country 11,os,0x33194,28,GAME PRICING,46,SWEDEN 1,"factory default 0x3d8 -> 0x53dc (country NVRAM 0x21100d8, set from the DIP at boot by 0x550c)",observed
country,SWEDEN,country 11,os,0x33194,36,GAME RESTART,0,NO,"factory default 0x3d8 -> 0x53dc (country NVRAM 0x21100d8, set from the DIP at boot by 0x550c)",observed
country,SWITZERLAND,country 12,os,0x331e0,28,GAME PRICING,48,SWITZERLAND 1,"factory default 0x3d8 -> 0x53dc (country NVRAM 0x21100d8, set from the DIP at boot by 0x550c)",observed
country,SWITZERLAND,country 12,os,0x331e0,7,LANGUAGE,1,DEUTSCH,"factory default 0x3d8 -> 0x53dc (country NVRAM 0x21100d8, set from the DIP at boot by 0x550c)",observed
country,SWITZERLAND,country 12,os,0x331e0,10,PLAYER LANGUAGE SELECT,1,YES,"factory default 0x3d8 -> 0x53dc (country NVRAM 0x21100d8, set from the DIP at boot by 0x550c)",observed
country,AUSTRALIA,country 13,os,0x329ac,28,GAME PRICING,2,AUSTRALIA 3,"factory default 0x3d8 -> 0x53dc (country NVRAM 0x21100d8, set from the DIP at boot by 0x550c)",observed
country,U.K.,country 14,os,0x33278,28,GAME PRICING,55,UK 5,"factory default 0x3d8 -> 0x53dc (country NVRAM 0x21100d8, set from the DIP at boot by 0x550c)",observed
country,U.K.,country 14,os,0x33278,56,HIGH SCORE #1 AWARDS,0,0,"factory default 0x3d8 -> 0x53dc (country NVRAM 0x21100d8, set from the DIP at boot by 0x550c)",observed
country,U.K.,country 14,os,0x33278,33,CREDIT LIMIT,9,9,"factory default 0x3d8 -> 0x53dc (country NVRAM 0x21100d8, set from the DIP at boot by 0x550c)",observed
country,U.K.,country 14,os,0x33278,9,MUSIC VOLUME,2,2,"factory default 0x3d8 -> 0x53dc (country NVRAM 0x21100d8, set from the DIP at boot by 0x550c)",observed
country,U.K.,country 14,os,0x33278,60,HSTD INITIALS,1,10 LETTER NAME,"factory default 0x3d8 -> 0x53dc (country NVRAM 0x21100d8, set from the DIP at boot by 0x550c)",observed
country,GREECE,country 15,os,0x32df0,28,GAME PRICING,18,EURO 8,"factory default 0x3d8 -> 0x53dc (country NVRAM 0x21100d8, set from the DIP at boot by 0x550c)",observed
country,NEW ZEALAND,country 16,os,0x32f98,28,GAME PRICING,32,NEW ZEALAND 1,"factory default 0x3d8 -> 0x53dc (country NVRAM 0x21100d8, set from the DIP at boot by 0x550c)",observed
country,PORTUGAL,country 17,os,0x33074,28,GAME PRICING,42,PORTUGAL,"factory default 0x3d8 -> 0x53dc (country NVRAM 0x21100d8, set from the DIP at boot by 0x550c)",observed
country,PORTUGAL,country 17,os,0x33074,10,PLAYER LANGUAGE SELECT,1,YES,"factory default 0x3d8 -> 0x53dc (country NVRAM 0x21100d8, set from the DIP at boot by 0x550c)",observed
country,SPAIN,country 18,os,0x33148,28,GAME PRICING,18,EURO 8,"factory default 0x3d8 -> 0x53dc (country NVRAM 0x21100d8, set from the DIP at boot by 0x550c)",observed
country,SPAIN,country 18,os,0x33148,7,LANGUAGE,3,ESPANOL,"factory default 0x3d8 -> 0x53dc (country NVRAM 0x21100d8, set from the DIP at boot by 0x550c)",observed
country,CHUCK-E-CHEESE,country 19,os,0x32b38,11,REPLAY TYPE,2,DYNAMIC,"factory default 0x3d8 -> 0x53dc (country NVRAM 0x21100d8, set from the DIP at boot by 0x550c)",observed
country,CHUCK-E-CHEESE,country 19,os,0x32b38,12,REPLAY PERCENTAGE,2,2%,"factory default 0x3d8 -> 0x53dc (country NVRAM 0x21100d8, set from the DIP at boot by 0x550c)",observed
country,CHUCK-E-CHEESE,country 19,os,0x32b38,13,REPLAY AWARD,1,TICKET,"factory default 0x3d8 -> 0x53dc (country NVRAM 0x21100d8, set from the DIP at boot by 0x550c)",observed
country,CHUCK-E-CHEESE,country 19,os,0x32b38,25,FREE GAME LIMIT,1,1,"factory default 0x3d8 -> 0x53dc (country NVRAM 0x21100d8, set from the DIP at boot by 0x550c)",observed
country,CHUCK-E-CHEESE,country 19,os,0x32b38,26,EXTRA BALL LIMIT,9,9,"factory default 0x3d8 -> 0x53dc (country NVRAM 0x21100d8, set from the DIP at boot by 0x550c)",observed
country,CHUCK-E-CHEESE,country 19,os,0x32b38,28,GAME PRICING,57,USA 1,"factory default 0x3d8 -> 0x53dc (country NVRAM 0x21100d8, set from the DIP at boot by 0x550c)",observed
country,CHUCK-E-CHEESE,country 19,os,0x32b38,30,MATCH PERCENTAGE,11,OFF,"factory default 0x3d8 -> 0x53dc (country NVRAM 0x21100d8, set from the DIP at boot by 0x550c)",observed
country,CHUCK-E-CHEESE,country 19,os,0x32b38,33,CREDIT LIMIT,10,10,"factory default 0x3d8 -> 0x53dc (country NVRAM 0x21100d8, set from the DIP at boot by 0x550c)",observed
country,CHUCK-E-CHEESE,country 19,os,0x32b38,55,GRAND CHAMPION AWARDS,0,0,"factory default 0x3d8 -> 0x53dc (country NVRAM 0x21100d8, set from the DIP at boot by 0x550c)",observed
country,CHUCK-E-CHEESE,country 19,os,0x32b38,56,HIGH SCORE #1 AWARDS,0,0,"factory default 0x3d8 -> 0x53dc (country NVRAM 0x21100d8, set from the DIP at boot by 0x550c)",observed
country,CHUCK-E-CHEESE,country 19,os,0x32b38,57,HIGH SCORE #2 AWARDS,0,0,"factory default 0x3d8 -> 0x53dc (country NVRAM 0x21100d8, set from the DIP at boot by 0x550c)",observed
country,CHUCK-E-CHEESE,country 19,os,0x32b38,58,HIGH SCORE #3 AWARDS,0,0,"factory default 0x3d8 -> 0x53dc (country NVRAM 0x21100d8, set from the DIP at boot by 0x550c)",observed
country,CHUCK-E-CHEESE,country 19,os,0x32b38,59,HIGH SCORE #4 AWARDS,0,0,"factory default 0x3d8 -> 0x53dc (country NVRAM 0x21100d8, set from the DIP at boot by 0x550c)",observed
country,CHUCK-E-CHEESE,country 19,os,0x32b38,49,GRAND CHAMPION SCORE,5000000,"5,000,000","factory default 0x3d8 -> 0x53dc (country NVRAM 0x21100d8, set from the DIP at boot by 0x550c)",observed
country,CHUCK-E-CHEESE,country 19,os,0x32b38,50,HIGH SCORE #1,4000000,"4,000,000","factory default 0x3d8 -> 0x53dc (country NVRAM 0x21100d8, set from the DIP at boot by 0x550c)",observed
country,CHUCK-E-CHEESE,country 19,os,0x32b38,51,HIGH SCORE #2,3000000,"3,000,000","factory default 0x3d8 -> 0x53dc (country NVRAM 0x21100d8, set from the DIP at boot by 0x550c)",observed
country,CHUCK-E-CHEESE,country 19,os,0x32b38,52,HIGH SCORE #3,2000000,"2,000,000","factory default 0x3d8 -> 0x53dc (country NVRAM 0x21100d8, set from the DIP at boot by 0x550c)",observed
country,CHUCK-E-CHEESE,country 19,os,0x32b38,53,HIGH SCORE #4,1000000,"1,000,000","factory default 0x3d8 -> 0x53dc (country NVRAM 0x21100d8, set from the DIP at boot by 0x550c)",observed
country,CHUCK-E-CHEESE,country 19,os,0x32b38,61,HSTD RESET COUNT,4000,4000,"factory default 0x3d8 -> 0x53dc (country NVRAM 0x21100d8, set from the DIP at boot by 0x550c)",observed
country,CHUCK-E-CHEESE,country 19,os,0x32b38,60,HSTD INITIALS,1,10 LETTER NAME,"factory default 0x3d8 -> 0x53dc (country NVRAM 0x21100d8, set from the DIP at boot by 0x550c)",observed
country,CHUCK-E-CHEESE,country 19,os,0x32b38,36,GAME RESTART,0,NO,"factory default 0x3d8 -> 0x53dc (country NVRAM 0x21100d8, set from the DIP at boot by 0x550c)",observed
country,CHUCK-E-CHEESE,country 19,os,0x32b38,38,BALL SAVE TIME,5, 0:05,"factory default 0x3d8 -> 0x53dc (country NVRAM 0x21100d8, set from the DIP at boot by 0x550c)",observed
country,CHUCK-E-CHEESE,country 19,os,0x32b38,39,TIMED PLUNGER,60,1:00,"factory default 0x3d8 -> 0x53dc (country NVRAM 0x21100d8, set from the DIP at boot by 0x550c)",observed
country,CHUCK-E-CHEESE,country 19,os,0x32b38,40,FLIPPER BALL LAUNCH,2,RIGHT FLIPPER,"factory default 0x3d8 -> 0x53dc (country NVRAM 0x21100d8, set from the DIP at boot by 0x550c)",observed
country,CHUCK-E-CHEESE,country 19,os,0x32b38,41,COINDOOR BALL SAVER,1,YES,"factory default 0x3d8 -> 0x53dc (country NVRAM 0x21100d8, set from the DIP at boot by 0x550c)",observed
country,CHUCK-E-CHEESE,country 19,os,0x32b38,45,TICKET DISPENSER,1,DELTRONIC DL-1275 WIDE,"factory default 0x3d8 -> 0x53dc (country NVRAM 0x21100d8, set from the DIP at boot by 0x550c)",observed
country,CHUCK-E-CHEESE,country 19,os,0x32b38,16,DYNAMIC REPLAY START,50000000,"50,000,000","factory default 0x3d8 -> 0x53dc (country NVRAM 0x21100d8, set from the DIP at boot by 0x550c)",observed
country,SOUTH AFRICA,country 20,os,0x33104,28,GAME PRICING,44,SOUTH AFRICA 1,"factory default 0x3d8 -> 0x53dc (country NVRAM 0x21100d8, set from the DIP at boot by 0x550c)",observed
country,JAPAN,country 21,os,0x32e80,28,GAME PRICING,29,JAPAN 2,"factory default 0x3d8 -> 0x53dc (country NVRAM 0x21100d8, set from the DIP at boot by 0x550c)",observed
country,CROATIA,country 22,os,0x32c4c,28,GAME PRICING,8,CROATIA,"factory default 0x3d8 -> 0x53dc (country NVRAM 0x21100d8, set from the DIP at boot by 0x550c)",observed
country,MIDDLE EAST,country 23,os,0x32f08,28,GAME PRICING,31,MIDDLE EAST,"factory default 0x3d8 -> 0x53dc (country NVRAM 0x21100d8, set from the DIP at boot by 0x550c)",observed
country,TAIWAN,country 24,os,0x33234,28,GAME PRICING,50,TAIWAN,"factory default 0x3d8 -> 0x53dc (country NVRAM 0x21100d8, set from the DIP at boot by 0x550c)",observed
country,RUSSIA,country 25,os,0x330c0,28,GAME PRICING,43,RUSSIA,"factory default 0x3d8 -> 0x53dc (country NVRAM 0x21100d8, set from the DIP at boot by 0x550c)",observed
country,CANADA 2,country 26,os,0x32ad4,28,GAME PRICING,7,CANADA 2,"factory default 0x3d8 -> 0x53dc (country NVRAM 0x21100d8, set from the DIP at boot by 0x550c)",observed
country,CANADA 2,country 26,os,0x32ad4,10,PLAYER LANGUAGE SELECT,1,YES,"factory default 0x3d8 -> 0x53dc (country NVRAM 0x21100d8, set from the DIP at boot by 0x550c)",observed
country,LITHUANIA,country 27,os,0x32ec4,28,GAME PRICING,30,LITHUANIA,"factory default 0x3d8 -> 0x53dc (country NVRAM 0x21100d8, set from the DIP at boot by 0x550c)",observed
country,NORWAY 2,country 28,os,0x33028,28,GAME PRICING,38,NORWAY 5,"factory default 0x3d8 -> 0x53dc (country NVRAM 0x21100d8, set from the DIP at boot by 0x550c)",observed
country,NORWAY 2,country 28,os,0x33028,36,GAME RESTART,0,NO,"factory default 0x3d8 -> 0x53dc (country NVRAM 0x21100d8, set from the DIP at boot by 0x550c)",observed
