adj_value,name,record,coin_door,unit_index,unit_value_minor,currency_format,slot1_units,slot2_units,slot3_units,slot4_units,slot5_units,slot_money,ladder,ladder_len,first_credit,awards,service_summary,factory_default_for,tag
0,AUSTRALIA 1,0x31878,0x3184c,0,10,AUD %d.%02d,2,10,20,50,5,$0.20|$1.00|$2.00|$5.00|$0.50,0 0 0 0 0 0 0 0 0 1 0 0 0 0 0 0 0 0 0 2,20,$1.00,$1.00=1|$2.00=3,1/1.00 3/2.00,,observed
1,AUSTRALIA 2,0x3189c,0x3184c,0,10,AUD %d.%02d,2,10,20,50,5,$0.20|$1.00|$2.00|$5.00|$0.50,0 0 0 0 0 0 0 0 0 1,10,$1.00,$1.00=1,1/1.00,,observed
2,AUSTRALIA 3,0x318c8,0x3184c,0,10,AUD %d.%02d,2,10,20,50,5,$0.20|$1.00|$2.00|$5.00|$0.50,0 0 0 0 0 0 0 0 0 0 0 0 0 0 0 0 0 0 0 1,20,$2.00,$2.00=1,1/2.00,AUSTRALIA,observed
3,AUSTRALIA 4,0x31914,0x3184c,0,10,AUD %d.%02d,2,10,20,50,5,$0.20|$1.00|$2.00|$5.00|$0.50,0 0 0 0 0 0 0 0 0 0 0 0 0 0 0 0 0 0 0 1 0 0 0 0 0 0 0 0 0 0 0 0 0 0 0 0 0 0 0 1 0 0 0 0 0 0 0 0 0 1,50,$2.00,$2.00=1|$4.00=2|$5.00=3,1/2.00 2/4.00 3/5.00,,observed
4,AUSTRALIA 5,0x31990,0x3184c,0,10,AUD %d.%02d,2,10,20,50,5,$0.20|$1.00|$2.00|$5.00|$0.50,0 0 0 0 0 0 0 0 0 0 0 0 0 0 0 0 0 0 0 0 0 0 0 0 0 0 0 0 0 1 0 0 0 0 0 0 0 0 0 0 0 0 0 0 0 0 0 0 0 1 0 0 0 0 0 0 0 0 0 0 0 0 0 0 0 0 0 0 0 0 0 0 0 0 0 0 0 0 0 1 0 0 0 0 0 0 0 0 0 0 0 0 0 0 0 0 0 0 0 2,100,$3.00,$3.00=1|$5.00=2|$8.00=3|$10.00=5,1/3.00 2/5.00 3/8.00 5/10.00,,observed
5,AUSTRALIA 6,0x319c8,0x3184c,0,10,AUD %d.%02d,2,10,20,50,5,$0.20|$1.00|$2.00|$5.00|$0.50,0 0 0 0 0 0 0 0 0 0 0 0 0 0 0 0 0 0 0 1 0 0 0 0 0 0 0 0 0 1,30,$2.00,$2.00=1|$3.00=2,1/2.00 2/3.00,,observed
6,CANADA 1,0x31a08,0x319e0,0,25,CAD %d.%02d,1,1,4,8,0,$0.25|$0.25|$1.00|$2.00|$0.00,0 1 1 1,4,$0.50,$0.50=1|$0.75=2|$1.00=3,1/0.50 2/0.75 3/1.00,CANADA 1,observed
7,CANADA 2,0x31a24,0x319e0,1,100,CAD %d.%02d,1,1,2,2,0,$1.00|$1.00|$2.00|$2.00|$0.00,1 2,2,$1.00,$1.00=1|$2.00=3,1/1.00 3/2.00,CANADA 2,observed
8,CROATIA,0x32238,0x32218,0,100,%d HRK,1,2,5,1,0,1 HRK|2 HRK|5 HRK|1 HRK|0 HRK,0 0 1 0 1,5,3 HRK,3 HRK=1|5 HRK=2,1/3 2/5,CROATIA,observed
9,DENMARK 1,0x31a5c,0x31a3c,0,100,%d DKK,1,5,10,20,0,1 DKK|5 DKK|10 DKK|20 DKK|0 DKK,0 0 1 0 1,5,3 DKK,3 DKK=1|5 DKK=2,1/3 2/5,DENMARK,observed
10,DENMARK 2,0x31a80,0x31a3c,0,100,%d DKK,1,5,10,20,0,1 DKK|5 DKK|10 DKK|20 DKK|0 DKK,0 1 0 1 1 0 1 0 1 2,10,2 DKK,2 DKK=1|4 DKK=2|5 DKK=3|7 DKK=4|9 DKK=5|10 DKK=7,1/2 2/4 3/5 4/7 5/9 7/10,,observed
11,EURO 1,0x31e8c,0x31e6c,0,10,EUR %d.%02d,5,10,20,2,0,EUR 0.50|EUR 1.00|EUR 2.00|EUR 0.20|EUR 0.00,0 0 0 0 1,5,EUR 0.50,EUR 0.50=1,1/0.50,BELGIUM,observed
12,EURO 2,0x31eb8,0x31e6c,0,10,EUR %d.%02d,5,10,20,2,0,EUR 0.50|EUR 1.00|EUR 2.00|EUR 0.20|EUR 0.00,0 0 0 0 1 0 0 0 0 1 0 0 0 0 1 0 0 0 0 2,20,EUR 0.50,EUR 0.50=1|EUR 1.00=2|EUR 1.50=3|EUR 2.00=5,1/0.50 2/1.00 3/1.50 5/2.00,,observed
13,EURO 3,0x31edc,0x31e6c,0,10,EUR %d.%02d,5,10,20,2,0,EUR 0.50|EUR 1.00|EUR 2.00|EUR 0.20|EUR 0.00,0 0 0 0 1 0 0 0 0 2,10,EUR 0.50,EUR 0.50=1|EUR 1.00=3,1/0.50 3/1.00,NETHERLANDS,observed
14,EURO 4,0x31f08,0x31e6c,0,10,EUR %d.%02d,5,10,20,2,0,EUR 0.50|EUR 1.00|EUR 2.00|EUR 0.20|EUR 0.00,0 0 0 0 1 0 0 0 0 1 0 0 0 0 1 0 0 0 0 3,20,EUR 0.50,EUR 0.50=1|EUR 1.00=2|EUR 1.50=3|EUR 2.00=6,1/0.50 2/1.00 3/1.50 6/2.00,,observed
15,EURO 5,0x31f34,0x31e6c,0,10,EUR %d.%02d,5,10,20,2,0,EUR 0.50|EUR 1.00|EUR 2.00|EUR 0.20|EUR 0.00,0 0 0 0 1 0 0 0 0 2 0 0 0 0 1 0 0 0 0 3,20,EUR 0.50,EUR 0.50=1|EUR 1.00=3|EUR 1.50=4|EUR 2.00=7,1/0.50 3/1.00 4/1.50 7/2.00,,observed
16,EURO 6,0x31f54,0x31e6c,0,10,EUR %d.%02d,5,10,20,2,0,EUR 0.50|EUR 1.00|EUR 2.00|EUR 0.20|EUR 0.00,0 0 0 0 2,5,EUR 0.50,EUR 0.50=2,2/0.50,,observed
17,EURO 7,0x31f94,0x31e6c,0,10,EUR %d.%02d,5,10,20,2,0,EUR 0.50|EUR 1.00|EUR 2.00|EUR 0.20|EUR 0.00,0 0 0 0 0 0 0 0 0 1 0 0 0 0 0 0 0 0 0 1 0 0 0 0 0 0 0 0 0 1 0 0 0 0 0 0 0 0 0 2,40,EUR 1.00,EUR 1.00=1|EUR 2.00=2|EUR 3.00=3|EUR 4.00=5,1/1.00 2/2.00 3/3.00 5/4.00,,observed
18,EURO 8,0x31fc0,0x31e6c,0,10,EUR %d.%02d,5,10,20,2,0,EUR 0.50|EUR 1.00|EUR 2.00|EUR 0.20|EUR 0.00,0 0 0 0 0 0 0 0 0 1 0 0 0 0 0 0 0 0 0 2,20,EUR 1.00,EUR 1.00=1|EUR 2.00=3,1/1.00 3/2.00,FINLAND|GREECE|SPAIN,observed
19,EURO 9,0x31fec,0x31e6c,0,10,EUR %d.%02d,5,10,20,2,0,EUR 0.50|EUR 1.00|EUR 2.00|EUR 0.20|EUR 0.00,0 0 0 0 0 0 0 0 0 1 0 0 0 0 1 0 0 0 0 1,20,EUR 1.00,EUR 1.00=1|EUR 1.50=2|EUR 2.00=3,1/1.00 2/1.50 3/2.00,AUSTRIA,observed
20,EURO 10,0x32024,0x31e6c,0,10,EUR %d.%02d,5,10,20,2,0,EUR 0.50|EUR 1.00|EUR 2.00|EUR 0.20|EUR 0.00,0 0 0 0 0 0 0 0 0 1 0 0 0 0 0 0 0 0 0 2 0 0 0 0 0 0 0 0 0 4,30,EUR 1.00,EUR 1.00=1|EUR 2.00=3|EUR 3.00=7,1/1.00 3/2.00 7/3.00,FRANCE,observed
21,EURO 11,0x32050,0x31e6c,0,10,EUR %d.%02d,5,10,20,2,0,EUR 0.50|EUR 1.00|EUR 2.00|EUR 0.20|EUR 0.00,0 0 0 0 0 0 0 0 0 1 0 0 0 0 0 0 0 0 0 3,20,EUR 1.00,EUR 1.00=1|EUR 2.00=4,1/1.00 4/2.00,,observed
22,EURO 12,0x32090,0x31e6c,0,10,EUR %d.%02d,5,10,20,2,0,EUR 0.50|EUR 1.00|EUR 2.00|EUR 0.20|EUR 0.00,0 0 0 0 0 0 0 0 0 2 0 0 0 0 0 0 0 0 0 2 0 0 0 0 0 0 0 0 0 2 0 0 0 0 0 0 0 0 0 3,40,EUR 1.00,EUR 1.00=2|EUR 2.00=4|EUR 3.00=6|EUR 4.00=9,2/1.00 4/2.00 6/3.00 9/4.00,,observed
23,GERMANY 1,0x32100,0x320e0,0,10,EUR %d.%02d,5,10,20,50,0,EUR 0.50|EUR 1.00|EUR 2.00|EUR 5.00|EUR 0.00,0 0 0 0 1,5,EUR 0.50,EUR 0.50=1,1/0.50,,observed
24,GERMANY 2,0x3212c,0x320e0,0,10,EUR %d.%02d,5,10,20,50,0,EUR 0.50|EUR 1.00|EUR 2.00|EUR 5.00|EUR 0.00,0 0 0 0 1 0 0 0 0 1 0 0 0 0 1 0 0 0 0 2,20,EUR 0.50,EUR 0.50=1|EUR 1.00=2|EUR 1.50=3|EUR 2.00=5,1/0.50 2/1.00 3/1.50 5/2.00,GERMANY,observed
25,GERMANY 3,0x32158,0x320e0,0,10,EUR %d.%02d,5,10,20,50,0,EUR 0.50|EUR 1.00|EUR 2.00|EUR 5.00|EUR 0.00,0 0 0 0 1 0 0 0 0 1 0 0 0 0 1 0 0 0 0 3,20,EUR 0.50,EUR 0.50=1|EUR 1.00=2|EUR 1.50=3|EUR 2.00=6,1/0.50 2/1.00 3/1.50 6/2.00,,observed
26,ITALY 1,0x31ab8,0x31a98,0,10,EUR %d.%02d,5,1,5,1,0,EUR 0.50|EUR 0.10|EUR 0.50|EUR 0.10|EUR 0.00,0 0 0 0 1,5,EUR 0.50,EUR 0.50=1,1/0.50,ITALY,observed
27,ITALY 2,0x31ae4,0x31a98,0,10,EUR %d.%02d,5,1,5,1,0,EUR 0.50|EUR 0.10|EUR 0.50|EUR 0.10|EUR 0.00,0 0 0 0 0 0 0 0 0 1 0 0 0 0 0 0 0 0 0 2,20,EUR 1.00,EUR 1.00=1|EUR 2.00=3,1/1.00 3/2.00,,observed
28,JAPAN 1,0x321e4,0x321c8,0,10000,JPY %d,1,1,1,1,0,JPY 100|JPY 100|JPY 100|JPY 100|JPY 0,1,1,JPY 100,JPY 100=1,1/100,,observed
29,JAPAN 2,0x32200,0x321c8,0,10000,JPY %d,1,1,1,1,0,JPY 100|JPY 100|JPY 100|JPY 100|JPY 0,1 2,2,JPY 100,JPY 100=1|JPY 200=3,1/100 3/200,JAPAN,observed
30,LITHUANIA,0x3230c,0x322f0,0,100,%d LTL,1,2,5,0,0,1 LTL|2 LTL|5 LTL|0 LTL|0 LTL,0 1,2,2 LTL,2 LTL=1,1/2,LITHUANIA,observed
31,MIDDLE EAST,0x3226c,0x32250,0,100,%d TOKEN(S),1,1,1,1,0,1 TOKEN(S)|1 TOKEN(S)|1 TOKEN(S)|1 TOKEN(S)|0 TOKEN(S),1,1,1 TOKEN(S),1 TOKEN(S)=1,1/1,MIDDLE EAST,observed
32,NEW ZEALAND 1,0x31b18,0x31afc,0,100,NZD %d,1,1,2,1,0,NZD 1|NZD 1|NZD 2|NZD 1|NZD 0,1,1,NZD 1,NZD 1=1,1/1,NEW ZEALAND,observed
33,NEW ZEALAND 2,0x31b34,0x31afc,0,100,NZD %d,1,1,2,1,0,NZD 1|NZD 1|NZD 2|NZD 1|NZD 0,1 2,2,NZD 1,NZD 1=1|NZD 2=3,1/1 3/2,,observed
34,NORWAY 1,0x31b74,0x31b4c,0,500,%d NOK,2,1,4,2,0,10 NOK|5 NOK|20 NOK|10 NOK|0 NOK,0 1,2,10 NOK,10 NOK=1,1/10,NORWAY 1,observed
35,NORWAY 2,0x31b90,0x31b4c,0,500,%d NOK,2,1,4,2,0,10 NOK|5 NOK|20 NOK|10 NOK|0 NOK,0 1 0 2,4,10 NOK,10 NOK=1|20 NOK=3,1/10 3/20,,observed
36,NORWAY 3,0x31bac,0x31b4c,0,500,%d NOK,2,1,4,2,0,10 NOK|5 NOK|20 NOK|10 NOK|0 NOK,0 0 0 1,4,20 NOK,20 NOK=1,1/20,,observed
37,NORWAY 4,0x31bcc,0x31b4c,0,500,%d NOK,2,1,4,2,0,10 NOK|5 NOK|20 NOK|10 NOK|0 NOK,0 0 0 1 0 0 0 2,8,20 NOK,20 NOK=1|40 NOK=3,1/20 3/40,,observed
38,NORWAY 5,0x31bf0,0x31b4c,1,100,%d NOK,1,5,10,20,0,1 NOK|5 NOK|10 NOK|20 NOK|0 NOK,0 0 0 0 0 0 0 0 0 1,10,10 NOK,10 NOK=1,1/10,NORWAY 2,observed
39,NORWAY 6,0x31c1c,0x31b4c,1,100,%d NOK,1,5,10,20,0,1 NOK|5 NOK|10 NOK|20 NOK|0 NOK,0 0 0 0 0 0 0 0 0 1 0 0 0 0 0 0 0 0 0 2,20,10 NOK,10 NOK=1|20 NOK=3,1/10 3/20,,observed
40,NORWAY 7,0x31c48,0x31b4c,1,100,%d NOK,1,5,10,20,0,1 NOK|5 NOK|10 NOK|20 NOK|0 NOK,0 0 0 0 0 0 0 0 0 0 0 0 0 0 0 0 0 0 0 1,20,20 NOK,20 NOK=1,1/20,,observed
41,NORWAY 8,0x31c88,0x31b4c,1,100,%d NOK,1,5,10,20,0,1 NOK|5 NOK|10 NOK|20 NOK|0 NOK,0 0 0 0 0 0 0 0 0 0 0 0 0 0 0 0 0 0 0 1 0 0 0 0 0 0 0 0 0 0 0 0 0 0 0 0 0 0 0 2,40,20 NOK,20 NOK=1|40 NOK=3,1/20 3/40,,observed
42,PORTUGAL,0x320c8,0x320a8,0,10,EUR %d.%02d,5,1,5,1,0,EUR 0.50|EUR 0.10|EUR 0.50|EUR 0.10|EUR 0.00,0 0 0 0 1,5,EUR 0.50,EUR 0.50=1,1/0.50,PORTUGAL,observed
43,RUSSIA,0x322d8,0x322b8,0,100,%d RUB,10,5,1,1,0,10 RUB|5 RUB|1 RUB|1 RUB|0 RUB,0 0 0 0 1,5,5 RUB,5 RUB=1,1/5,RUSSIA,observed
44,SOUTH AFRICA 1,0x3218c,0x32170,0,50,ZAR %d.%02d,1,2,4,10,0,ZAR 0.50|ZAR 1.00|ZAR 2.00|ZAR 5.00|ZAR 0.00,0 0 0 1,4,ZAR 2.00,ZAR 2.00=1,1/2.00,SOUTH AFRICA,observed
45,SOUTH AFRICA 2,0x321b0,0x32170,0,50,ZAR %d.%02d,1,2,4,10,0,ZAR 0.50|ZAR 1.00|ZAR 2.00|ZAR 5.00|ZAR 0.00,0 0 0 0 0 1 0 0 0 1,10,ZAR 3.00,ZAR 3.00=1|ZAR 5.00=2,1/3.00 2/5.00,,observed
46,SWEDEN 1,0x31ccc,0x31ca0,0,100,%d SEK,1,5,10,1,0,1 SEK|5 SEK|10 SEK|1 SEK|0 SEK,0 0 0 0 0 0 0 0 0 1 0 0 0 0 1 0 0 0 0 1,20,10 SEK,10 SEK=1|15 SEK=2|20 SEK=3,1/10 2/15 3/20,SWEDEN,observed
47,SWEDEN 2,0x31cec,0x31ca0,0,100,%d SEK,1,5,10,1,0,1 SEK|5 SEK|10 SEK|1 SEK|0 SEK,0 0 0 0 1,5,5 SEK,5 SEK=1,1/5,,observed
48,SWITZERLAND 1,0x31d24,0x31d04,0,100,%d CHF,1,2,5,1,0,1 CHF|2 CHF|5 CHF|1 CHF|0 CHF,1 1 1 1 2,5,1 CHF,1 CHF=1|2 CHF=2|3 CHF=3|4 CHF=4|5 CHF=6,1/1 2/2 3/3 4/4 6/5,SWITZERLAND,observed
49,SWITZERLAND 2,0x31d44,0x31d04,0,100,%d CHF,1,2,5,1,0,1 CHF|2 CHF|5 CHF|1 CHF|0 CHF,1 2 2 2 2,5,1 CHF,1 CHF=1|2 CHF=3|3 CHF=5|4 CHF=7|5 CHF=9,1/1 3/2 5/3 7/4 9/5,,observed
50,TAIWAN,0x322a0,0x32284,0,1000,TWD %d,1,1,1,1,0,TWD 10|TWD 10|TWD 10|TWD 10|TWD 0,1,1,TWD 10,TWD 10=1,1/10,TAIWAN,observed
51,UK 1,0x31d88,0x31d5c,0,10,GBP %d.%02d,1,5,10,2,20,GBP 0.10|GBP 0.50|GBP 1.00|GBP 0.20|GBP 2.00,0 0 0 0 0 0 0 0 0 3 0 0 0 0 0 0 0 0 0 4,20,GBP 1.00,GBP 1.00=3|GBP 2.00=7,3/1.00 7/2.00,,observed
52,UK 2,0x31dac,0x31d5c,0,10,GBP %d.%02d,1,5,10,2,20,GBP 0.10|GBP 0.50|GBP 1.00|GBP 0.20|GBP 2.00,0 0 0 0 0 0 0 0 0 4,10,GBP 1.00,GBP 1.00=4,4/1.00,,observed
53,UK 3,0x31dd8,0x31d5c,0,10,GBP %d.%02d,1,5,10,2,20,GBP 0.10|GBP 0.50|GBP 1.00|GBP 0.20|GBP 2.00,0 0 0 0 1 0 0 0 0 1 0 0 0 0 1 0 0 0 0 2,20,GBP 0.50,GBP 0.50=1|GBP 1.00=2|GBP 1.50=3|GBP 2.00=5,1/0.50 2/1.00 3/1.50 5/2.00,,observed
54,UK 4,0x31dfc,0x31d5c,0,10,GBP %d.%02d,1,5,10,2,20,GBP 0.10|GBP 0.50|GBP 1.00|GBP 0.20|GBP 2.00,0 0 1 0 0 1 0 0 1 1,10,GBP 0.30,GBP 0.30=1|GBP 0.60=2|GBP 0.90=3|GBP 1.00=4,1/0.30 2/0.60 3/0.90 4/1.00,,observed
55,UK 5,0x31e28,0x31d5c,0,10,GBP %d.%02d,1,5,10,2,20,GBP 0.10|GBP 0.50|GBP 1.00|GBP 0.20|GBP 2.00,0 0 0 0 0 0 0 0 0 1 0 0 0 0 0 0 0 0 0 2,20,GBP 1.00,GBP 1.00=1|GBP 2.00=3,1/1.00 3/2.00,U.K.,observed
56,UK 6,0x31e54,0x31d5c,0,10,GBP %d.%02d,1,5,10,2,20,GBP 0.10|GBP 0.50|GBP 1.00|GBP 0.20|GBP 2.00,0 0 0 0 0 0 0 0 0 0 0 0 0 0 0 0 0 0 0 3,20,GBP 2.00,GBP 2.00=3,3/2.00,,observed
57,USA 1,0x3170c,0x316c0,1,25,"USD %,d.%02d",1,4,1,1,0,$0.25|$1.00|$0.25|$0.25|$0.00,1,1,$0.25,$0.25=1,1/0.25,CHUCK-E-CHEESE,observed
58,USA 2,0x31728,0x316c0,1,25,"USD %,d.%02d",1,4,1,1,0,$0.25|$1.00|$0.25|$0.25|$0.00,0 1 1 1,4,$0.50,$0.50=1|$0.75=2|$1.00=3,1/0.50 2/0.75 3/1.00,,observed
59,USA 3,0x31744,0x316c0,1,25,"USD %,d.%02d",1,4,1,1,0,$0.25|$1.00|$0.25|$0.25|$0.00,0 1,2,$0.50,$0.50=1,1/0.50,,observed
60,USA 4,0x31760,0x3169c,1,25,"USD %,d.%02d",1,1,1,1,0,$0.25|$0.25|$0.25|$0.25|$0.00,0 1,2,$0.50,$0.50=1,1/0.50,,observed
61,USA 5,0x31780,0x316c0,1,25,"USD %,d.%02d",1,4,1,1,0,$0.25|$1.00|$0.25|$0.25|$0.00,0 1 0 1 0 1 0 2,8,$0.50,$0.50=1|$1.00=2|$1.50=3|$2.00=5,1/0.50 2/1.00 3/1.50 5/2.00,,observed
62,USA 6,0x3179c,0x316e4,1,25,"USD %,d.%02d",1,6,1,1,0,$0.25|$1.50|$0.25|$0.25|$0.00,0 1,2,$0.50,$0.50=1,1/0.50,,observed
63,USA 7,0x317bc,0x316c0,1,25,"USD %,d.%02d",1,4,1,1,0,$0.25|$1.00|$0.25|$0.25|$0.00,0 1 0 1 0 2 0 2,8,$0.50,$0.50=1|$1.00=2|$1.50=4|$2.00=6,1/0.50 2/1.00 4/1.50 6/2.00,,observed
64,USA 8,0x317d8,0x316c0,1,25,"USD %,d.%02d",1,4,1,1,0,$0.25|$1.00|$0.25|$0.25|$0.00,0 1 0 2,4,$0.50,$0.50=1|$1.00=3,1/0.50 3/1.00,,observed
65,USA 9,0x317f4,0x316c0,1,25,"USD %,d.%02d",1,4,1,1,0,$0.25|$1.00|$0.25|$0.25|$0.00,0 0 0 1,4,$1.00,$1.00=1,1/1.00,,observed
66,USA 10,0x31814,0x316c0,1,25,"USD %,d.%02d",1,4,1,1,0,$0.25|$1.00|$0.25|$0.25|$0.00,0 0 1 0 0 1 0 1,8,$0.75,$0.75=1|$1.50=2|$2.00=3,1/0.75 2/1.50 3/2.00,U.S.A. (table default),observed
67,USA 11,0x31834,0x316c0,1,25,"USD %,d.%02d",1,4,1,1,0,$0.25|$1.00|$0.25|$0.25|$0.00,0 0 0 1 0 0 0 2,8,$1.00,$1.00=1|$2.00=3,1/1.00 3/2.00,,observed
68,CUSTOM,"NVRAM 0x2110808 (0x1a bytes + ~checksum16): {coin-door ptr -> 0x2110824 (10 x 12 B unit table), unit index, ladder ptr -> 0x211089c (<= 100 B), ladder length, u16 name msg 0x287, u16 money formats x3, u8 valid}",,,,,,,,,,,,,,,,,code
