priority,entry_ram,state_mask,condition_fn,deff,sound,chooser_fn,meaning
0,0x34cd4,0x20,0x10068b4,0,0x000,0x10068e4,"no game flag 0x10 and nothing queued: deff 40 + 0x1a/0x1b while the side choice runs (task 200), else deff 19 + 0x1c/0x1d; 0x31/0x34 when the battle can progress"
1,0x34d64,0x20,0x100cee0,70,0x038,0x0,
2,0x34dd8,0x20,0x100ee0c,76,0x03b,0x0,
3,0x34e6c,0x20,0x1010958,82,0x03c,0x0,
4,0x352b4,0x20,0x10285a0,58,0x032,0x0,
5,0x35328,0x20,0x102a6e4,64,0x035,0x0,
6,0x35a64,0x20,0x1037018,87,0x03d,0x0,
7,0x34bb4,0x20,0x1003ec8,0,0x000,0x1003ed8,task 0xc3 running: deff 130 + music 0x26
8,0x34bf4,0x0,0x10049fc,133,0x027,0x0,
9,0x34ed8,0x20,0x10138d0,121,0x02f,0x0,
10,0x34f28,0x20,0x10153c0,109,0x02c,0x0,
11,0x34f90,0x20,0x1016f4c,105,0x02b,0x0,
12,0x34fe0,0x20,0x1018884,93,0x028,0x0,
13,0x3502c,0x20,0x101a414,117,0x02e,0x0,
14,0x35074,0x20,0x101c0e4,113,0x02d,0x0,
15,0x350c4,0x20,0x101da18,101,0x02a,0x0,
16,0x35118,0x20,0x101f5a4,97,0x029,0x0,
17,0x34cec,0x20,0x1006968,0,0x000,0x1006970,"fallback, always true: deff 19 + 0x1e (Autobot) / 0x1f (Decepticon); 0x31/0x34 when the battle can progress"
