sample,kind,mask,streams,rate,samples,duration_s,rom_len32,rom_duration_s,length_check,loop_start_s,file,script_file_offset,stream_file_offsets
0x000,stub,0x00,0,,,,,,,,,,
0x001,stub,0x01,0,,,,,,,,,,
0x002,stub,0x02,0,,,,,,,,,,
0x003,stub,0x04,0,,,,,,,,,,
0x004,stub,0x08,0,,,,,,,,,,
0x005,stub,0x10,0,,,,,,,,,,
0x006,stub,0x20,0,,,,,,,,,,
0x007,stub,0x40,0,,,,,,,,,,
0x008,stub,0x80,0,,,,,,,,,,
0x009,sfx,0x04,1,24000,9962,0.4151,1662,0.4155,ok,,media/sounds/sfx/0009.wav,0x1d1a6cc,0xbdca4c
0x00a,sfx,0x04,1,24000,15291,0.6371,2550,0.6375,ok,,media/sounds/sfx/000a.wav,0x1d1a6e0,0xbdddcc
0x00b,sfx,0x04,1,24000,14350,0.5979,2393,0.5982,ok,,media/sounds/sfx/000b.wav,0x1d1a6f4,0xbdfbb4
0x00c,sfx,0x04,1,24000,31997,1.3332,5334,1.3335,ok,,media/sounds/sfx/000c.wav,0x1d1a708,0xbe17c4
0x00d,sfx,0x04,1,24000,17998,0.7499,3001,0.7502,ok,,media/sounds/sfx/000d.wav,0x1d1a71c,0xbe564c
0x00e,sfx,0x04,1,24000,17998,0.7499,3001,0.7502,ok,,media/sounds/sfx/000e.wav,0x1d1a730,0xbe797c
0x00f,sfx,0x04,1,24000,25984,1.0827,4332,1.083,ok,,media/sounds/sfx/000f.wav,0x1d1a744,0xbe9cac
0x010,sfx,0x08,1,24000,25984,1.0827,4332,1.083,ok,,media/sounds/sfx/0010.wav,0x1d1a758,0xbe9cac
0x011,sfx,0x04,1,24000,3040,0.1267,508,0.127,ok,,media/sounds/sfx/0011.wav,0x1d1a76c,0xbecf74
0x012,sfx,0x04,1,24000,26870,1.1196,4480,1.12,ok,,media/sounds/sfx/0012.wav,0x1d1a780,0xbed56c
0x013,sfx,0x04,1,24000,153153,6.3814,25527,6.3818,ok,,media/sounds/sfx/0013.wav,0x1d1a794,0xbf09f0
0x014,sfx,0x04,1,24000,60416,2.5173,10071,2.5177,ok,,media/sounds/sfx/0014.wav,0x1d1a7a8,0xc0351c
0x015,sfx,0x80,1,24000,2599,0.1083,435,0.1087,ok,,media/sounds/sfx/0015.wav,0x1d1a7bc,0xc0ab24
0x016,sfx,0x10,1,24000,16559,0.69,2761,0.6903,ok,,media/sounds/sfx/0016.wav,0x1d1a808,0xc0b040
0x017,sfx,0x10,1,24000,16498,0.6874,2751,0.6877,ok,,media/sounds/sfx/0017.wav,0x1d1a81c,0xc0d0a0
0x018,sfx,0x10,1,24000,14352,0.598,2394,0.5985,ok,,media/sounds/sfx/0018.wav,0x1d1a830,0xc0f0e4
0x019,sfx,0x10,1,24000,29280,1.22,4882,1.2205,ok,,media/sounds/sfx/0019.wav,0x1d1a844,0xc10cf4
0x01a,sfx,0x10,1,24000,79565,3.3152,13262,3.3155,ok,,media/sounds/sfx/001a.wav,0x1d1a858,0xc1462c
0x01b,sfx,0x0c,1,24000,20254,0.8439,3377,0.8442,ok,,media/sounds/sfx/001b.wav,0x1d1a890,0xc1e19c
0x01c,sfx,0x0c,1,24000,20365,0.8485,3396,0.849,ok,,media/sounds/sfx/001c.wav,0x1d1a8a8,0xc20934
0x01d,sfx,0x0c,1,24000,20359,0.8483,3395,0.8488,ok,,media/sounds/sfx/001d.wav,0x1d1a8c0,0xc23104
0x01e,sfx,0x0c,1,24000,43314,1.8048,7221,1.8053,ok,,media/sounds/sfx/001e.wav,0x1d1a8d8,0xc258d0
0x01f,sfx,0x0c,1,24000,52367,2.182,8729,2.1822,ok,,media/sounds/sfx/001f.wav,0x1d1a8f0,0xc2ad74
0x020,sfx,0x0c,1,24000,84113,3.5047,14020,3.505,ok,,media/sounds/sfx/0020.wav,0x1d1a908,0xc313c4
0x021,sfx,0x0c,1,24000,103528,4.3137,17256,4.314,ok,,media/sounds/sfx/0021.wav,0x1d1a920,0xc3b818
0x022,sfx,0x10,1,24000,87944,3.6643,14659,3.6648,ok,,media/sounds/sfx/0022.wav,0x1d1a938,0xc48254
0x023,sfx,0x10,1,24000,60515,2.5215,10087,2.5217,ok,,media/sounds/sfx/0023.wav,0x1d1a970,0xc52e20
0x024,sfx,0x10,1,24000,96016,4.0007,16004,4.001,ok,,media/sounds/sfx/0024.wav,0x1d1a9a8,0xc5a45c
0x025,sfx,0x0c,1,24000,44384,1.8493,7399,1.8498,ok,,media/sounds/sfx/0025.wav,0x1d1a9e0,0xc65fec
0x026,sfx,0x10,1,24000,88588,3.6912,14766,3.6915,ok,,media/sounds/sfx/0026.wav,0x1d1a9fc,0xc6b6a4
0x027,sfx,0x10,1,24000,70888,2.9537,11816,2.954,ok,,media/sounds/sfx/0027.wav,0x1d1aa34,0xc763b4
0x028,sfx,0x10,1,24000,101215,4.2173,16871,4.2177,ok,,media/sounds/sfx/0028.wav,0x1d1aa6c,0xc7ee30
0x029,sfx,0x0c,1,24000,42616,1.7757,7104,1.776,ok,,media/sounds/sfx/0029.wav,0x1d1aaa4,0xc8b3e8
0x02a,sfx,0x0c,1,24000,24373,1.0155,4064,1.016,ok,,media/sounds/sfx/002a.wav,0x1d1aac0,0xc9072c
0x02b,sfx,0x0c,1,24000,21103,0.8793,3519,0.8798,ok,,media/sounds/sfx/002b.wav,0x1d1aad8,0xc936d0
0x02c,sfx,0x10,1,24000,70532,2.9388,11757,2.9392,ok,,media/sounds/sfx/002c.wav,0x1d1aaf0,0xc96010
0x02d,sfx,0x10,1,24000,70684,2.9452,11782,2.9455,ok,,media/sounds/sfx/002d.wav,0x1d1ab28,0xc9e9dc
0x02e,sfx,0x10,1,24000,53463,2.2276,10291,2.5728,MISMATCH,,media/sounds/sfx/002e.wav,0x1d1ab80,0xca73f4
0x02f,sfx,0x10,1,24000,45858,1.9107,7645,1.9112,ok,,media/sounds/sfx/002f.wav,0x1d1abd8,0xcadc68
0x030,sfx,0x10,1,24000,48936,2.039,8158,2.0395,ok,,media/sounds/sfx/0030.wav,0x1d1ac10,0xcb3604
0x031,sfx,0x10,1,24000,63997,2.6665,10668,2.667,ok,,media/sounds/sfx/0031.wav,0x1d1ac48,0xcb95a0
0x032,sfx,0x10,1,24000,70201,2.925,11702,2.9255,ok,,media/sounds/sfx/0032.wav,0x1d1ac80,0xcc12a8
0x033,sfx,0x10,1,24000,88739,3.6975,14791,3.6978,ok,,media/sounds/sfx/0033.wav,0x1d1acb8,0xcc9bd0
0x034,sfx,0x10,1,24000,32041,1.335,5342,1.3355,ok,,media/sounds/sfx/0034.wav,0x1d1acf0,0xcd492c
0x035,sfx,0x10,1,24000,32041,1.335,5342,1.3355,ok,,media/sounds/sfx/0035.wav,0x1d1ad28,0xcd87cc
0x036,sfx,0x10,1,24000,30387,1.2661,5066,1.2665,ok,,media/sounds/sfx/0036.wav,0x1d1ad60,0xcdc66c
0x037,sfx,0x0c,1,24000,30239,1.26,5041,1.2603,ok,,media/sounds/sfx/0037.wav,0x1d1ad78,0xce01d0
0x038,sfx,0x0c,1,24000,24222,1.0092,4039,1.0097,ok,,media/sounds/sfx/0038.wav,0x1d1ad90,0xce3ce8
0x039,sfx,0x0c,1,24000,35290,1.4704,5883,1.4708,ok,,media/sounds/sfx/0039.wav,0x1d1ada8,0xce6c40
0x03a,sfx,0x0c,1,24000,33256,1.3857,5544,1.386,ok,,media/sounds/sfx/003a.wav,0x1d1adc0,0xceb138
0x03b,sfx,0x0c,1,24000,33315,1.3881,5554,1.3885,ok,,media/sounds/sfx/003b.wav,0x1d1add8,0xcef234
0x03c,sfx,0x0c,1,24000,33271,1.3863,5547,1.3867,ok,,media/sounds/sfx/003c.wav,0x1d1adf0,0xcf3350
0x03d,sfx,0x0c,1,24000,32030,1.3346,5340,1.335,ok,,media/sounds/sfx/003d.wav,0x1d1ae08,0xcf7454
0x03e,sfx,0x0c,1,24000,31739,1.3225,5291,1.3228,ok,,media/sounds/sfx/003e.wav,0x1d1ae20,0xcfb2ec
0x03f,sfx,0x0c,1,24000,31739,1.3225,5291,1.3228,ok,,media/sounds/sfx/003f.wav,0x1d1ae38,0xcff0f4
0x040,sfx,0x0c,1,24000,31739,1.3225,5291,1.3228,ok,,media/sounds/sfx/0040.wav,0x1d1ae50,0xd02efc
0x041,sfx,0x0c,1,24000,31715,1.3215,5287,1.3217,ok,,media/sounds/sfx/0041.wav,0x1d1ae68,0xd06d04
0x042,sfx,0x10,1,24000,18190,0.7579,3033,0.7582,ok,,media/sounds/sfx/0042.wav,0x1d1ae80,0xd0ab00
0x043,sfx,0x10,1,24000,77335,3.2223,12891,3.2228,ok,,media/sounds/sfx/0043.wav,0x1d1aeb8,0xd0ce90
0x044,sfx,0x0c,1,24000,64415,2.684,10737,2.6843,ok,,media/sounds/sfx/0044.wav,0x1d1aef0,0xd165a4
0x045,sfx,0x10,1,24000,101673,4.2364,16947,4.2367,ok,,media/sounds/sfx/0045.wav,0x1d1af08,0xd1e37c
0x046,sfx,0x10,1,24000,50700,2.1125,8452,2.113,ok,,media/sounds/sfx/0046.wav,0x1d1af40,0xd2aa1c
0x047,sfx,0x10,1,24000,79926,3.3302,13323,3.3308,ok,,media/sounds/sfx/0047.wav,0x1d1af78,0xd30d2c
0x048,sfx,0x0c,1,24000,60701,2.5292,10118,2.5295,ok,,media/sounds/sfx/0048.wav,0x1d1afb0,0xd3a950
0x049,sfx,0x10,1,24000,59008,2.4587,9836,2.459,ok,,media/sounds/sfx/0049.wav,0x1d1afc8,0xd41fe8
0x04a,sfx,0x10,1,24000,34726,1.4469,5789,1.4472,ok,,media/sounds/sfx/004a.wav,0x1d1b000,0xd49330
0x04b,sfx,0x10,1,24000,34726,1.4469,5789,1.4472,ok,,media/sounds/sfx/004b.wav,0x1d1b038,0xd4d70c
0x04c,sfx,0x10,1,24000,34726,1.4469,5789,1.4472,ok,,media/sounds/sfx/004c.wav,0x1d1b070,0xd51ae8
0x04d,sfx,0x10,1,24000,34726,1.4469,5789,1.4472,ok,,media/sounds/sfx/004d.wav,0x1d1b0a8,0xd55ec4
0x04e,sfx,0x0c,1,24000,42435,1.7681,7074,1.7685,ok,,media/sounds/sfx/004e.wav,0x1d1b0e0,0xd5a2a0
0x04f,sfx,0x0c,1,24000,43777,1.824,7298,1.8245,ok,,media/sounds/sfx/004f.wav,0x1d1b0f8,0xd5f58c
0x050,sfx,0x0c,1,24000,103848,4.327,17310,4.3275,ok,,media/sounds/sfx/0050.wav,0x1d1b110,0xd64b18
0x051,sfx,0x0c,1,24000,19749,0.8229,3293,0.8233,ok,,media/sounds/sfx/0051.wav,0x1d1b128,0xd715f4
0x052,sfx,0x0c,1,24000,19554,0.8147,3261,0.8153,ok,,media/sounds/sfx/0052.wav,0x1d1b140,0xd73c90
0x053,sfx,0x0c,1,24000,19554,0.8147,3261,0.8153,ok,,media/sounds/sfx/0053.wav,0x1d1b158,0xd762cc
0x054,sfx,0x0c,1,24000,19554,0.8147,3261,0.8153,ok,,media/sounds/sfx/0054.wav,0x1d1b170,0xd78908
0x055,sfx,0x10,1,24000,45188,1.8828,7533,1.8833,ok,,media/sounds/sfx/0055.wav,0x1d1b188,0xd7af44
0x056,sfx,0x0c,1,24000,21821,0.9092,3638,0.9095,ok,,media/sounds/sfx/0056.wav,0x1d1b1c0,0xd80790
0x057,sfx,0x0c,1,24000,21821,0.9092,3638,0.9095,ok,,media/sounds/sfx/0057.wav,0x1d1b1d8,0xd83238
0x058,sfx,0x0c,1,24000,21821,0.9092,3638,0.9095,ok,,media/sounds/sfx/0058.wav,0x1d1b1f0,0xd85ce0
0x059,sfx,0x0c,1,24000,25366,1.0569,4229,1.0573,ok,,media/sounds/sfx/0059.wav,0x1d1b208,0xd88788
0x05a,sfx,0x0c,1,24000,29770,1.2404,4963,1.2408,ok,,media/sounds/sfx/005a.wav,0x1d1b220,0xd8b91c
0x05b,sfx,0x0c,1,24000,29234,1.2181,4874,1.2185,ok,,media/sounds/sfx/005b.wav,0x1d1b238,0xd8f34c
0x05c,sfx,0x0c,1,24000,29238,1.2183,4875,1.2188,ok,,media/sounds/sfx/005c.wav,0x1d1b250,0xd92c70
0x05d,sfx,0x0c,1,24000,29238,1.2183,4875,1.2188,ok,,media/sounds/sfx/005d.wav,0x1d1b268,0xd96594
0x05e,sfx,0x10,1,24000,84306,3.5128,14053,3.5133,ok,,media/sounds/sfx/005e.wav,0x1d1b280,0xd99eb8
0x05f,sfx,0x10,1,24000,84306,3.5128,14053,3.5133,ok,,media/sounds/sfx/005f.wav,0x1d1b2b8,0xda436c
0x060,sfx,0x0c,1,24000,44082,1.8368,7349,1.8373,ok,,media/sounds/sfx/0060.wav,0x1d1b2f0,0xdae820
0x061,sfx,0x0c,1,24000,51107,2.1295,8519,2.1298,ok,,media/sounds/sfx/0061.wav,0x1d1b308,0xdb3e44
0x062,sfx,0x0c,1,24000,44035,1.8348,7341,1.8353,ok,,media/sounds/sfx/0062.wav,0x1d1b320,0xdba220
0x063,sfx,0x0c,1,24000,46610,1.9421,7770,1.9425,ok,,media/sounds/sfx/0063.wav,0x1d1b338,0xdbf82c
0x064,sfx,0x0c,1,24000,44045,1.8352,7342,1.8355,ok,,media/sounds/sfx/0064.wav,0x1d1b350,0xdc5340
0x065,sfx,0x0c,1,24000,49306,2.0544,8219,2.0547,ok,,media/sounds/sfx/0065.wav,0x1d1b368,0xdca950
0x066,sfx,0x0c,1,24000,87183,3.6326,14532,3.633,ok,,media/sounds/sfx/0066.wav,0x1d1b380,0xdd09a8
0x067,sfx,0x0c,1,24000,87194,3.6331,14534,3.6335,ok,,media/sounds/sfx/0067.wav,0x1d1b398,0xddb3f8
0x068,sfx,0x0c,1,24000,86932,3.6222,14490,3.6225,ok,,media/sounds/sfx/0068.wav,0x1d1b3b0,0xde5e50
0x069,sfx,0x0c,1,24000,52481,2.1867,8748,2.187,ok,,media/sounds/sfx/0069.wav,0x1d1b3c8,0xdf0824
0x06a,sfx,0x0c,1,24000,52576,2.1907,8764,2.191,ok,,media/sounds/sfx/006a.wav,0x1d1b3e0,0xdf6eb0
0x06b,sfx,0x0c,1,24000,56081,2.3367,9348,2.337,ok,,media/sounds/sfx/006b.wav,0x1d1b3f8,0xdfd568
0x06c,sfx,0x10,1,24000,75804,3.1585,12636,3.159,ok,,media/sounds/sfx/006c.wav,0x1d1b410,0xe042fc
0x06d,sfx,0x0c,1,24000,45450,1.8938,7577,1.8942,ok,,media/sounds/sfx/006d.wav,0x1d1b448,0xe0d714
0x06e,sfx,0x0c,1,24000,29933,1.2472,4990,1.2475,ok,,media/sounds/sfx/006e.wav,0x1d1b460,0xe12fe4
0x06f,sfx,0x0c,1,24000,18008,0.7503,3003,0.7508,ok,,media/sounds/sfx/006f.wav,0x1d1b478,0xe16a64
0x070,sfx,0x0c,1,24000,48545,2.0227,8092,2.023,ok,,media/sounds/sfx/0070.wav,0x1d1b490,0xe18d98
0x071,sfx,0x0c,1,24000,39041,1.6267,6508,1.627,ok,,media/sounds/sfx/0071.wav,0x1d1b4a8,0xe1ec74
0x072,sfx,0x0c,1,24000,39450,1.6438,6577,1.6442,ok,,media/sounds/sfx/0072.wav,0x1d1b4c0,0xe238c0
0x073,sfx,0x0c,1,24000,38135,1.589,6357,1.5893,ok,,media/sounds/sfx/0073.wav,0x1d1b4d8,0xe285d8
0x074,sfx,0x0c,1,24000,57666,2.4028,9613,2.4032,ok,,media/sounds/sfx/0074.wav,0x1d1b4f0,0xe2d05c
0x075,sfx,0x0c,1,24000,42495,1.7706,7084,1.771,ok,,media/sounds/sfx/0075.wav,0x1d1b508,0xe34108
0x076,sfx,0x0c,1,24000,44248,1.8437,7376,1.844,ok,,media/sounds/sfx/0076.wav,0x1d1b520,0xe39410
0x077,sfx,0x0c,1,24000,85922,3.5801,14322,3.5805,ok,,media/sounds/sfx/0077.wav,0x1d1b538,0xe3ea84
0x078,sfx,0x0c,1,24000,87110,3.6296,14520,3.63,ok,,media/sounds/sfx/0078.wav,0x1d1b550,0xe49260
0x079,sfx,0x0c,1,24000,66871,2.7863,11147,2.7868,ok,,media/sounds/sfx/0079.wav,0x1d1b568,0xe53c8c
0x07a,sfx,0x0c,1,24000,47999,2.0,8001,2.0002,ok,,media/sounds/sfx/007a.wav,0x1d1b580,0xe5bf30
0x07b,sfx,0x0c,1,24000,43238,1.8016,7208,1.802,ok,,media/sounds/sfx/007b.wav,0x1d1b598,0xe61cf8
0x07c,sfx,0x0c,1,24000,16734,0.6973,2791,0.6977,ok,,media/sounds/sfx/007c.wav,0x1d1b5b0,0xe67174
0x07d,sfx,0x0c,1,24000,17577,0.7324,2931,0.7328,ok,,media/sounds/sfx/007d.wav,0x1d1b5c8,0xe6922c
0x07e,sfx,0x0c,1,24000,14038,0.5849,2341,0.5853,ok,,media/sounds/sfx/007e.wav,0x1d1b5e0,0xe6b48c
0x07f,sfx,0x0c,1,24000,64379,2.6825,10731,2.6827,ok,,media/sounds/sfx/007f.wav,0x1d1b5f8,0xe6d000
0x080,sfx,0x0c,1,24000,37056,1.544,6178,1.5445,ok,,media/sounds/sfx/0080.wav,0x1d1b610,0xe74dc8
0x081,sfx,0x0c,1,24000,69185,2.8827,11532,2.883,ok,,media/sounds/sfx/0081.wav,0x1d1b628,0xe79630
0x082,sfx,0x0c,1,24000,66181,2.7575,11032,2.758,ok,,media/sounds/sfx/0082.wav,0x1d1b640,0xe81d5c
0x083,sfx,0x0c,1,24000,60583,2.5243,10099,2.5248,ok,,media/sounds/sfx/0083.wav,0x1d1b658,0xe89ea8
0x084,sfx,0x0c,1,24000,41706,1.7377,6953,1.7383,ok,,media/sounds/sfx/0084.wav,0x1d1b670,0xe91504
0x085,sfx,0x0c,1,24000,56017,2.334,9338,2.3345,ok,,media/sounds/sfx/0085.wav,0x1d1b688,0xe96684
0x086,sfx,0x0c,1,24000,56052,2.3355,9344,2.336,ok,,media/sounds/sfx/0086.wav,0x1d1b6a0,0xe9d3f8
0x087,sfx,0x0c,1,24000,69189,2.8829,11533,2.8832,ok,,media/sounds/sfx/0087.wav,0x1d1b6b8,0xea417c
0x088,sfx,0x0c,1,24000,13717,0.5715,2288,0.572,ok,,media/sounds/sfx/0088.wav,0x1d1b6d0,0xeac8a8
0x089,sfx,0x0c,1,24000,13746,0.5727,2293,0.5733,ok,,media/sounds/sfx/0089.wav,0x1d1b6e8,0xeae37c
0x08a,sfx,0x0c,1,24000,16626,0.6927,2773,0.6933,ok,,media/sounds/sfx/008a.wav,0x1d1b700,0xeafe60
0x08b,sfx,0x0c,1,24000,27533,1.1472,4590,1.1475,ok,,media/sounds/sfx/008b.wav,0x1d1b718,0xeb1ee4
0x08c,sfx,0x0c,1,24000,25058,1.0441,4178,1.0445,ok,,media/sounds/sfx/008c.wav,0x1d1b730,0xeb54b4
0x08d,sfx,0x0c,1,24000,94303,3.9293,15719,3.9297,ok,,media/sounds/sfx/008d.wav,0x1d1b748,0xeb85b0
0x08e,sfx,0x0c,1,24000,73978,3.0824,12331,3.0827,ok,,media/sounds/sfx/008e.wav,0x1d1b760,0xec3de8
0x08f,sfx,0x0c,1,24000,77948,3.2478,12993,3.2483,ok,,media/sounds/sfx/008f.wav,0x1d1b778,0xecce70
0x090,sfx,0x10,1,24000,82380,3.4325,13732,3.433,ok,,media/sounds/sfx/0090.wav,0x1d1b790,0xed66b8
0x091,sfx,0x10,1,24000,81847,3.4103,13643,3.4108,ok,,media/sounds/sfx/0091.wav,0x1d1b7c8,0xee07a8
0x092,sfx,0x0c,1,24000,14299,0.5958,2385,0.5962,ok,,media/sounds/sfx/0092.wav,0x1d1b820,0xeea78c
0x093,sfx,0x0c,1,24000,17246,0.7186,2876,0.719,ok,,media/sounds/sfx/0093.wav,0x1d1b838,0xeec384
0x094,sfx,0x0c,1,24000,16665,0.6944,2779,0.6947,ok,,media/sounds/sfx/0094.wav,0x1d1b850,0xeee53c
0x095,sfx,0x0c,1,24000,19330,0.8054,3223,0.8057,ok,,media/sounds/sfx/0095.wav,0x1d1b868,0xef05d4
0x096,sfx,0x0c,1,24000,17539,0.7308,2925,0.7312,ok,,media/sounds/sfx/0096.wav,0x1d1b880,0xef2ba0
0x097,sfx,0x1c,1,24000,70465,2.936,11746,2.9365,ok,,media/sounds/sfx/0097.wav,0x1d1b898,0xef4dec
0x098,sfx,0x1c,1,24000,70465,2.936,11746,2.9365,ok,,media/sounds/sfx/0098.wav,0x1d1b8d0,0xefd798
0x099,sfx,0x1c,1,24000,70465,2.936,11746,2.9365,ok,,media/sounds/sfx/0099.wav,0x1d1b908,0xf06144
0x09a,sfx,0x0c,1,24000,38779,1.6158,6465,1.6162,ok,,media/sounds/sfx/009a.wav,0x1d1b940,0xf0eaf0
0x09b,sfx,0x04,1,24000,42267,1.7611,7046,1.7615,ok,,media/sounds/sfx/009b.wav,0x1d1b958,0xf136b8
0x09c,sfx,0x04,1,24000,31174,1.2989,5197,1.2993,ok,,media/sounds/sfx/009c.wav,0x1d1b970,0xf18950
0x09d,sfx,0x10,1,24000,81086,3.3786,13516,3.379,ok,,media/sounds/sfx/009d.wav,0x1d1b988,0xf1c63c
0x09e,sfx,0x10,1,24000,66095,2.754,11017,2.7542,ok,,media/sounds/sfx/009e.wav,0x1d1b9c0,0xf264a4
0x09f,sfx,0x10,1,24000,99290,4.1371,16550,4.1375,ok,,media/sounds/sfx/009f.wav,0x1d1b9f8,0xf2e5c4
0x0a0,sfx,0x10,1,24000,99290,4.1371,16550,4.1375,ok,,media/sounds/sfx/00a0.wav,0x1d1ba30,0xf3a7bc
0x0a1,sfx,0x10,1,24000,96317,4.0132,16054,4.0135,ok,,media/sounds/sfx/00a1.wav,0x1d1ba68,0xf469b4
0x0a2,sfx,0x10,1,24000,99580,4.1492,16598,4.1495,ok,,media/sounds/sfx/00a2.wav,0x1d1baa0,0xf525dc
0x0a3,sfx,0x10,1,24000,99580,4.1492,16598,4.1495,ok,,media/sounds/sfx/00a3.wav,0x1d1bad8,0xf5e864
0x0a4,sfx,0x0c,1,24000,83940,3.4975,13992,3.498,ok,,media/sounds/sfx/00a4.wav,0x1d1bb10,0xf6aaec
0x0a5,sfx,0x0c,1,24000,75937,3.164,12658,3.1645,ok,,media/sounds/sfx/00a5.wav,0x1d1bb28,0xf74ee8
0x0a6,sfx,0x0c,1,24000,44564,1.8568,7429,1.8573,ok,,media/sounds/sfx/00a6.wav,0x1d1bb44,0xf7e344
0x0a7,sfx,0x0c,1,24000,75937,3.164,12658,3.1645,ok,,media/sounds/sfx/00a7.wav,0x1d1bb60,0xf74ee8
0x0a8,sfx,0x0c,1,24000,44564,1.8568,7429,1.8573,ok,,media/sounds/sfx/00a8.wav,0x1d1bb78,0xf7e344
0x0a9,sfx,0x0c,1,24000,127448,5.3103,21243,5.3107,ok,,media/sounds/sfx/00a9.wav,0x1d1bb90,0xf83a58
0x0aa,sfx,0x0c,1,24000,84139,3.5058,14025,3.5063,ok,,media/sounds/sfx/00aa.wav,0x1d1bbac,0xf9334c
0x0ab,sfx,0x0c,1,24000,53432,2.2263,8907,2.2268,ok,,media/sounds/sfx/00ab.wav,0x1d1bbc8,0xf9d7ac
0x0ac,sfx,0x0c,1,24000,53432,2.2263,8907,2.2268,ok,,media/sounds/sfx/00ac.wav,0x1d1bbe4,0xf9d7ac
0x0ad,sfx,0x0c,1,24000,80272,3.3447,13380,3.345,ok,,media/sounds/sfx/00ad.wav,0x1d1bbfc,0xfa4010
0x0ae,sfx,0x10,1,24000,71895,2.9956,11984,2.996,ok,,media/sounds/sfx/00ae.wav,0x1d1bc14,0xfadce0
0x0af,sfx,0x0c,1,24000,50812,2.1172,8470,2.1175,ok,,media/sounds/sfx/00af.wav,0x1d1bc4c,0xfb6954
0x0b0,sfx,0x0c,1,24000,48100,2.0042,8018,2.0045,ok,,media/sounds/sfx/00b0.wav,0x1d1bc64,0xfbcc9c
0x0b1,sfx,0x10,1,24000,94617,3.9424,15771,3.9428,ok,,media/sounds/sfx/00b1.wav,0x1d1bc7c,0xfc2a98
0x0b2,sfx,0x0c,1,24000,19671,0.8196,3280,0.82,ok,,media/sounds/sfx/00b2.wav,0x1d1bcb4,0xfce370
0x0b3,sfx,0x0c,1,24000,26067,1.0861,4346,1.0865,ok,,media/sounds/sfx/00b3.wav,0x1d1bccc,0xfd09e4
0x0b4,sfx,0x0c,1,24000,19884,0.8285,3316,0.829,ok,,media/sounds/sfx/00b4.wav,0x1d1bce4,0xfd3cd8
0x0b5,sfx,0x0c,1,24000,13851,0.5771,2310,0.5775,ok,,media/sounds/sfx/00b5.wav,0x1d1bcfc,0xfd63b8
0x0b6,sfx,0x10,1,24000,71468,2.9778,11913,2.9783,ok,,media/sounds/sfx/00b6.wav,0x1d1bd14,0xfd7ed0
0x0b7,sfx,0x0c,1,24000,36560,1.5233,6095,1.5237,ok,,media/sounds/sfx/00b7.wav,0x1d1bd4c,0xfe0a70
0x0b8,sfx,0x0c,1,24000,33453,1.3939,5577,1.3942,ok,,media/sounds/sfx/00b8.wav,0x1d1bd64,0xfe51e0
0x0b9,sfx,0x0c,1,24000,31176,1.299,5198,1.2995,ok,,media/sounds/sfx/00b9.wav,0x1d1bd7c,0xfe9340
0x0ba,sfx,0x0c,1,24000,37357,1.5565,6228,1.557,ok,,media/sounds/sfx/00ba.wav,0x1d1bd94,0xfed02c
0x0bb,sfx,0x0c,1,24000,34246,1.4269,5709,1.4272,ok,,media/sounds/sfx/00bb.wav,0x1d1bdac,0xff192c
0x0bc,sfx,0x0c,1,24000,33056,1.3773,5511,1.3778,ok,,media/sounds/sfx/00bc.wav,0x1d1bdc4,0xff5c18
0x0bd,sfx,0x0c,1,24000,31714,1.3214,5287,1.3217,ok,,media/sounds/sfx/00bd.wav,0x1d1bddc,0xff9cb0
0x0be,sfx,0x10,1,24000,29230,1.2179,4873,1.2183,ok,,media/sounds/sfx/00be.wav,0x1d1bdf4,0x1000000
0x0bf,sfx,0x10,1,24000,59153,2.4647,9860,2.465,ok,,media/sounds/sfx/00bf.wav,0x1d1be0c,0x1003920
0x0c0,sfx,0x10,1,24000,34587,1.4411,5766,1.4415,ok,,media/sounds/sfx/00c0.wav,0x1d1be24,0x100acb4
0x0c1,sfx,0x10,1,24000,34840,1.4517,5808,1.452,ok,,media/sounds/sfx/00c1.wav,0x1d1be5c,0x100f04c
0x0c2,sfx,0x10,1,24000,34738,1.4474,5791,1.4478,ok,,media/sounds/sfx/00c2.wav,0x1d1be94,0x1013460
0x0c3,sfx,0x0c,1,24000,34162,1.4234,5695,1.4238,ok,,media/sounds/sfx/00c3.wav,0x1d1becc,0x1017844
0x0c4,sfx,0x0c,1,24000,60362,2.5151,10062,2.5155,ok,,media/sounds/sfx/00c4.wav,0x1d1bee4,0x101bb08
0x0c5,sfx,0x04,1,24000,57084,2.3785,9516,2.379,ok,,media/sounds/sfx/00c5.wav,0x1d1befc,0x10230f8
0x0c6,sfx,0x04,1,24000,40102,1.6709,6685,1.6712,ok,,media/sounds/sfx/00c6.wav,0x1d1bf14,0x102a080
0x0c7,sfx,0x04,1,24000,71449,2.977,11910,2.9775,ok,,media/sounds/sfx/00c7.wav,0x1d1bf2c,0x102eedc
0x0c8,sfx,0x0c,1,24000,30927,1.2886,5156,1.289,ok,,media/sounds/sfx/00c8.wav,0x1d1bf44,0x1037a74
0x0c9,sfx,0x0c,1,24000,34191,1.4246,5700,1.425,ok,,media/sounds/sfx/00c9.wav,0x1d1bf5c,0x103b6e4
0x0ca,sfx,0x0c,1,24000,23964,0.9985,3996,0.999,ok,,media/sounds/sfx/00ca.wav,0x1d1bf74,0x103f9b4
0x0cb,sfx,0x0c,1,24000,85716,3.5715,14288,3.572,ok,,media/sounds/sfx/00cb.wav,0x1d1bf8c,0x104288c
0x0cc,sfx,0x0c,1,24000,107879,4.495,17981,4.4953,ok,,media/sounds/sfx/00cc.wav,0x1d1bfa4,0x104d000
0x0cd,sfx,0x0c,1,24000,43933,1.8305,7324,1.831,ok,,media/sounds/sfx/00cd.wav,0x1d1bfbc,0x105a2bc
0x0ce,sfx,0x0c,1,24000,46083,1.9201,7682,1.9205,ok,,media/sounds/sfx/00ce.wav,0x1d1bfd4,0x105f894
0x0cf,sfx,0x0c,1,24000,41454,1.7272,6911,1.7277,ok,,media/sounds/sfx/00cf.wav,0x1d1bfec,0x10652a0
0x0d0,sfx,0x0c,1,24000,27130,1.1304,4523,1.1307,ok,,media/sounds/sfx/00d0.wav,0x1d1c004,0x106a3a0
0x0d1,sfx,0x0c,1,24000,21768,0.907,3630,0.9075,ok,,media/sounds/sfx/00d1.wav,0x1d1c01c,0x106d8a8
0x0d2,sfx,0x0c,1,24000,58544,2.4393,9759,2.4398,ok,,media/sounds/sfx/00d2.wav,0x1d1c034,0x1070334
0x0d3,sfx,0x0c,1,24000,30365,1.2652,5062,1.2655,ok,,media/sounds/sfx/00d3.wav,0x1d1c04c,0x1077594
0x0d4,sfx,0x0c,1,24000,28489,1.187,4750,1.1875,ok,,media/sounds/sfx/00d4.wav,0x1d1c064,0x107b0ec
0x0d5,sfx,0x0c,1,24000,28489,1.187,4750,1.1875,ok,,media/sounds/sfx/00d5.wav,0x1d1c07c,0x107b0ec
0x0d6,sfx,0x0c,1,24000,42956,1.7898,7161,1.7902,ok,,media/sounds/sfx/00d6.wav,0x1d1c098,0x107e89c
0x0d7,sfx,0x0c,1,24000,29872,1.2447,4980,1.245,ok,,media/sounds/sfx/00d7.wav,0x1d1c0b0,0x1083c8c
0x0d8,sfx,0x0c,1,24000,17932,0.7472,2990,0.7475,ok,,media/sounds/sfx/00d8.wav,0x1d1c0c8,0x10876ec
0x0d9,sfx,0x0c,1,24000,47737,1.989,7958,1.9895,ok,,media/sounds/sfx/00d9.wav,0x1d1c0e0,0x10899fc
0x0da,sfx,0x0c,1,24000,15887,0.662,2649,0.6623,ok,,media/sounds/sfx/00da.wav,0x1d1c0f8,0x108f744
0x0db,sfx,0x0c,1,24000,15887,0.662,2649,0.6623,ok,,media/sounds/sfx/00db.wav,0x1d1c110,0x108f744
0x0dc,sfx,0x0c,1,24000,23260,0.9692,3878,0.9695,ok,,media/sounds/sfx/00dc.wav,0x1d1c12c,0x1091654
0x0dd,sfx,0x0c,1,24000,8564,0.3568,1429,0.3573,ok,,media/sounds/sfx/00dd.wav,0x1d1c144,0x10943cc
0x0de,sfx,0x0c,1,24000,13377,0.5574,2231,0.5577,ok,,media/sounds/sfx/00de.wav,0x1d1c15c,0x1095490
0x0df,sfx,0x0c,1,24000,11522,0.4801,1922,0.4805,ok,,media/sounds/sfx/00df.wav,0x1d1c174,0x1096ebc
0x0e0,sfx,0x0c,1,24000,18468,0.7695,3080,0.77,ok,,media/sounds/sfx/00e0.wav,0x1d1c18c,0x1098548
0x0e1,sfx,0x0c,1,24000,13923,0.5801,2322,0.5805,ok,,media/sounds/sfx/00e1.wav,0x1d1c1a4,0x109a964
0x0e2,sfx,0x0c,1,24000,56628,2.3595,9440,2.36,ok,,media/sounds/sfx/00e2.wav,0x1d1c1bc,0x109c4a0
0x0e3,sfx,0x0c,1,24000,38866,1.6194,6479,1.6198,ok,,media/sounds/sfx/00e3.wav,0x1d1c1d4,0x10a3344
0x0e4,sfx,0x0c,1,24000,128963,5.3735,21495,5.3738,ok,,media/sounds/sfx/00e4.wav,0x1d1c1f0,0x10a7f38
0x0e5,sfx,0x0c,1,24000,33392,1.3913,5567,1.3918,ok,,media/sounds/sfx/00e5.wav,0x1d1c20c,0x10b7b24
0x0e6,sfx,0x0c,1,24000,23891,0.9955,3983,0.9958,ok,,media/sounds/sfx/00e6.wav,0x1d1c228,0x10bbc64
0x0e7,sfx,0x0c,1,24000,72606,3.0253,12103,3.0257,ok,,media/sounds/sfx/00e7.wav,0x1d1c244,0x10beb18
0x0e8,sfx,0x0c,1,24000,26819,1.1175,4471,1.1178,ok,,media/sounds/sfx/00e8.wav,0x1d1c260,0x10c78f0
0x0e9,sfx,0x0c,1,24000,25907,1.0795,4319,1.0797,ok,,media/sounds/sfx/00e9.wav,0x1d1c27c,0x10cad5c
0x0ea,sfx,0x0c,1,24000,60478,2.5199,10081,2.5202,ok,,media/sounds/sfx/00ea.wav,0x1d1c298,0x10ce000
0x0eb,sfx,0x0c,1,24000,71311,2.9713,11887,2.9718,ok,,media/sounds/sfx/00eb.wav,0x1d1c2b4,0x10d5628
0x0ec,sfx,0x0c,1,24000,39417,1.6424,6571,1.6427,ok,,media/sounds/sfx/00ec.wav,0x1d1c2d0,0x10de178
0x0ed,sfx,0x0c,1,24000,118204,4.9252,19702,4.9255,ok,,media/sounds/sfx/00ed.wav,0x1d1c2ec,0x10e2e80
0x0ee,sfx,0x0c,1,24000,96139,4.0058,16025,4.0062,ok,,media/sounds/sfx/00ee.wav,0x1d1c308,0x10f1568
0x0ef,sfx,0x0c,1,24000,35840,1.4933,5975,1.4937,ok,,media/sounds/sfx/00ef.wav,0x1d1c324,0x10fd138
0x0f0,sfx,0x0c,1,24000,35758,1.4899,5961,1.4903,ok,,media/sounds/sfx/00f0.wav,0x1d1c340,0x1101740
0x0f1,sfx,0x0c,1,24000,35840,1.4933,5975,1.4937,ok,,media/sounds/sfx/00f1.wav,0x1d1c35c,0x10fd138
0x0f2,sfx,0x0c,1,24000,35758,1.4899,5961,1.4903,ok,,media/sounds/sfx/00f2.wav,0x1d1c374,0x1101740
0x0f3,sfx,0x0c,1,24000,41854,1.7439,6977,1.7443,ok,,media/sounds/sfx/00f3.wav,0x1d1c38c,0x1105d20
0x0f4,sfx,0x0c,1,24000,41854,1.7439,6977,1.7443,ok,,media/sounds/sfx/00f4.wav,0x1d1c3a4,0x1105d20
0x0f5,sfx,0x0c,1,24000,42752,1.7813,7127,1.7817,ok,,media/sounds/sfx/00f5.wav,0x1d1c3c0,0x110aee8
0x0f6,speech,0x02,1,24000,83066,3.4611,13846,3.4615,ok,,media/sounds/speech/00f6.wav,0x1d1c3dc,0x1110270
0x0f7,speech,0x02,1,24000,121358,5.0566,20228,5.057,ok,,media/sounds/speech/00f7.wav,0x1d1c434,0x111a4b8
0x0f8,speech,0x02,1,24000,52220,2.1758,8705,2.1763,ok,,media/sounds/speech/00f8.wav,0x1d1c48c,0x11291c8
0x0f9,speech,0x02,1,24000,45105,1.8794,7519,1.8798,ok,,media/sounds/speech/00f9.wav,0x1d1c4e4,0x112f7d0
0x0fa,speech,0x02,1,24000,48625,2.026,8106,2.0265,ok,,media/sounds/speech/00fa.wav,0x1d1c53c,0x1134ff4
0x0fb,speech,0x02,1,24000,59680,2.4867,9948,2.487,ok,,media/sounds/speech/00fb.wav,0x1d1c594,0x113aef8
0x0fc,speech,0x02,1,12000,12109,1.0091,4037,1.0092,ok,,media/sounds/speech/00fc.wav,0x1d1c5ec,0x1142390
0x0fd,speech,0x02,1,12000,11719,0.9766,3907,0.9768,ok,,media/sounds/speech/00fd.wav,0x1d1c644,0x1143b40
0x0fe,speech,0x02,1,12000,14202,1.1835,4735,1.1838,ok,,media/sounds/speech/00fe.wav,0x1d1c69c,0x114522c
0x0ff,speech,0x02,1,12000,16662,1.3885,5555,1.3887,ok,,media/sounds/speech/00ff.wav,0x1d1c6f4,0x1146df4
0x100,speech,0x02,1,12000,20102,1.6752,6702,1.6755,ok,,media/sounds/speech/0100.wav,0x1d1c74c,0x1148e88
0x101,speech,0x02,1,12000,22642,1.8868,7548,1.887,ok,,media/sounds/speech/0101.wav,0x1d1c7a4,0x114b5d4
0x102,speech,0x02,1,12000,23541,1.9618,7848,1.962,ok,,media/sounds/speech/0102.wav,0x1d1c7fc,0x114e218
0x103,speech,0x02,1,12000,19431,1.6193,6478,1.6195,ok,,media/sounds/speech/0103.wav,0x1d1c854,0x115101c
0x104,speech,0x02,1,12000,9828,0.819,3277,0.8193,ok,,media/sounds/speech/0104.wav,0x1d1c8ac,0x1153618
0x105,speech,0x02,1,12000,11084,0.9237,3696,0.924,ok,,media/sounds/speech/0105.wav,0x1d1c904,0x1154954
0x106,speech,0x02,1,12000,29023,2.4186,9675,2.4188,ok,,media/sounds/speech/0106.wav,0x1d1c95c,0x1155f04
0x107,speech,0x02,1,12000,27063,2.2553,9022,2.2555,ok,,media/sounds/speech/0107.wav,0x1d1c9b4,0x11597bc
0x108,speech,0x02,1,12000,34944,2.912,11649,2.9122,ok,,media/sounds/speech/0108.wav,0x1d1ca0c,0x115cca0
0x109,speech,0x02,1,12000,34316,2.8597,11440,2.86,ok,,media/sounds/speech/0109.wav,0x1d1ca64,0x11610e8
0x10a,speech,0x02,1,12000,17742,1.4785,5915,1.4788,ok,,media/sounds/speech/010a.wav,0x1d1cabc,0x11653f8
0x10b,speech,0x02,1,12000,39312,3.276,13105,3.2763,ok,,media/sounds/speech/010b.wav,0x1d1cb14,0x11676a8
0x10c,speech,0x02,1,12000,25018,2.0848,8340,2.085,ok,,media/sounds/speech/010c.wav,0x1d1cb6c,0x116c378
0x10d,speech,0x02,1,12000,40260,3.355,13421,3.3552,ok,,media/sounds/speech/010d.wav,0x1d1cbc4,0x116f460
0x10e,speech,0x02,1,12000,38274,3.1895,12759,3.1898,ok,,media/sounds/speech/010e.wav,0x1d1cc1c,0x117430c
0x10f,speech,0x02,1,12000,23461,1.9551,7821,1.9552,ok,,media/sounds/speech/010f.wav,0x1d1cc74,0x1178dd8
0x110,speech,0x02,1,12000,44078,3.6732,14694,3.6735,ok,,media/sounds/speech/0110.wav,0x1d1cccc,0x117bbb4
0x111,speech,0x02,1,12000,16009,1.3341,5337,1.3342,ok,,media/sounds/speech/0111.wav,0x1d1cd24,0x11811d4
0x112,speech,0x02,1,12000,9492,0.791,3165,0.7913,ok,,media/sounds/speech/0112.wav,0x1d1cd7c,0x1183124
0x113,speech,0x02,1,12000,25701,2.1418,8568,2.142,ok,,media/sounds/speech/0113.wav,0x1d1cdd4,0x11843b8
0x114,speech,0x02,1,12000,22551,1.8793,7518,1.8795,ok,,media/sounds/speech/0114.wav,0x1d1ce2c,0x11875f4
0x115,speech,0x02,1,12000,24312,2.026,8105,2.0263,ok,,media/sounds/speech/0115.wav,0x1d1ce84,0x118a208
0x116,speech,0x02,1,12000,18462,1.5385,6155,1.5388,ok,,media/sounds/speech/0116.wav,0x1d1cedc,0x118d18c
0x117,speech,0x02,1,12000,30068,2.5057,10024,2.506,ok,,media/sounds/speech/0117.wav,0x1d1cf34,0x118f5a4
0x118,speech,0x02,1,12000,47755,3.9796,15919,3.9798,ok,,media/sounds/speech/0118.wav,0x1d1cf8c,0x1193068
0x119,speech,0x02,1,12000,29603,2.4669,9869,2.4672,ok,,media/sounds/speech/0119.wav,0x1d1cfe4,0x1198db8
0x11a,speech,0x02,1,12000,26339,2.1949,8781,2.1953,ok,,media/sounds/speech/011a.wav,0x1d1d03c,0x119c794
0x11b,speech,0x02,1,12000,23238,1.9365,7747,1.9367,ok,,media/sounds/speech/011b.wav,0x1d1d094,0x119fb10
0x11c,speech,0x02,1,12000,71829,5.9858,23944,5.986,ok,,media/sounds/speech/011c.wav,0x1d1d0ec,0x11a287c
0x11d,speech,0x02,1,12000,35423,2.9519,11809,2.9522,ok,,media/sounds/speech/011d.wav,0x1d1d144,0x11ab4d0
0x11e,speech,0x02,1,12000,17773,1.4811,5925,1.4812,ok,,media/sounds/speech/011e.wav,0x1d1d19c,0x11afa08
0x11f,speech,0x02,1,12000,21921,1.8268,7308,1.827,ok,,media/sounds/speech/011f.wav,0x1d1d1f4,0x11b1cc8
0x120,speech,0x02,1,12000,41625,3.4688,13876,3.469,ok,,media/sounds/speech/0120.wav,0x1d1d24c,0x11b47a4
0x121,speech,0x02,1,12000,19188,1.599,6397,1.5993,ok,,media/sounds/speech/0121.wav,0x1d1d2a4,0x11b98fc
0x122,speech,0x02,1,12000,14607,1.2172,4870,1.2175,ok,,media/sounds/speech/0122.wav,0x1d1d2fc,0x11bbe80
0x123,speech,0x02,1,12000,76727,6.3939,25577,6.3943,ok,,media/sounds/speech/0123.wav,0x1d1d354,0x11bdb10
0x124,speech,0x02,1,12000,35188,2.9323,11730,2.9325,ok,,media/sounds/speech/0124.wav,0x1d1d3ac,0x11c70f4
0x125,speech,0x02,1,12000,25605,2.1338,8536,2.134,ok,,media/sounds/speech/0125.wav,0x1d1d404,0x11cb5b8
0x126,speech,0x02,1,12000,28411,2.3676,9471,2.3678,ok,,media/sounds/speech/0126.wav,0x1d1d45c,0x11ce7c4
0x127,speech,0x02,1,12000,36629,3.0524,12211,3.0528,ok,,media/sounds/speech/0127.wav,0x1d1d4b4,0x11d1f4c
0x128,speech,0x02,1,12000,35775,2.9813,11926,2.9815,ok,,media/sounds/speech/0128.wav,0x1d1d50c,0x11d66e0
0x129,speech,0x02,1,12000,77103,6.4253,25702,6.4255,ok,,media/sounds/speech/0129.wav,0x1d1d564,0x11dacc8
0x12a,speech,0x02,1,12000,17416,1.4513,5806,1.4515,ok,,media/sounds/speech/012a.wav,0x1d1d5bc,0x11e4368
0x12b,speech,0x02,1,12000,8767,0.7306,2923,0.7308,ok,,media/sounds/speech/012b.wav,0x1d1d614,0x11e6574
0x12c,speech,0x02,1,12000,18717,1.5597,6240,1.56,ok,,media/sounds/speech/012c.wav,0x1d1d66c,0x11e769c
0x12d,speech,0x02,1,12000,18417,1.5348,6140,1.535,ok,,media/sounds/speech/012d.wav,0x1d1d6c4,0x11e9b34
0x12e,speech,0x02,1,12000,8480,0.7067,2828,0.707,ok,,media/sounds/speech/012e.wav,0x1d1d71c,0x11ebf38
0x12f,speech,0x02,1,12000,7784,0.6487,2596,0.649,ok,,media/sounds/speech/012f.wav,0x1d1d774,0x11ecfd0
0x130,speech,0x02,1,12000,9120,0.76,3041,0.7602,ok,,media/sounds/speech/0130.wav,0x1d1d7cc,0x11edf0c
0x131,speech,0x02,1,12000,34577,2.8814,11527,2.8817,ok,,media/sounds/speech/0131.wav,0x1d1d824,0x11ef0e4
0x132,speech,0x02,1,12000,13306,1.1088,4436,1.109,ok,,media/sounds/speech/0132.wav,0x1d1d87c,0x11f3478
0x133,speech,0x02,1,12000,31979,2.6649,10661,2.6652,ok,,media/sounds/speech/0133.wav,0x1d1d8d4,0x11f4e80
0x134,speech,0x02,1,12000,12165,1.0137,4056,1.014,ok,,media/sounds/speech/0134.wav,0x1d1d92c,0x11f8d00
0x135,speech,0x02,1,12000,11503,0.9586,3835,0.9587,ok,,media/sounds/speech/0135.wav,0x1d1d984,0x11fa4cc
0x136,speech,0x02,1,12000,7605,0.6338,2536,0.634,ok,,media/sounds/speech/0136.wav,0x1d1d9dc,0x11fbb4c
0x137,speech,0x02,1,12000,33973,2.8311,11325,2.8312,ok,,media/sounds/speech/0137.wav,0x1d1da34,0x11fca30
0x138,speech,0x02,1,12000,20759,1.7299,6921,1.7303,ok,,media/sounds/speech/0138.wav,0x1d1da8c,0x1200c94
0x139,speech,0x02,1,12000,28666,2.3888,9556,2.389,ok,,media/sounds/speech/0139.wav,0x1d1dae4,0x1203528
0x13a,speech,0x02,1,12000,12522,1.0435,4175,1.0437,ok,,media/sounds/speech/013a.wav,0x1d1db3c,0x1206d30
0x13b,speech,0x02,1,12000,20407,1.7006,6803,1.7007,ok,,media/sounds/speech/013b.wav,0x1d1db94,0x12085b0
0x13c,speech,0x02,1,12000,35623,2.9686,11875,2.9688,ok,,media/sounds/speech/013c.wav,0x1d1dbec,0x120ad94
0x13d,speech,0x02,1,12000,59360,4.9467,19788,4.947,ok,,media/sounds/speech/013d.wav,0x1d1dc44,0x120f330
0x13e,speech,0x02,1,12000,36258,3.0215,12087,3.0217,ok,,media/sounds/speech/013e.wav,0x1d1dc9c,0x1216728
0x13f,speech,0x02,1,12000,19453,1.6211,6485,1.6213,ok,,media/sounds/speech/013f.wav,0x1d1dcf4,0x121ae04
0x140,speech,0x02,1,12000,39150,3.2625,13051,3.2628,ok,,media/sounds/speech/0140.wav,0x1d1dd4c,0x121d40c
0x141,speech,0x02,1,12000,14595,1.2163,4866,1.2165,ok,,media/sounds/speech/0141.wav,0x1d1dda4,0x122208c
0x142,speech,0x02,1,12000,64088,5.3407,21364,5.341,ok,,media/sounds/speech/0142.wav,0x1d1ddfc,0x1223d18
0x143,speech,0x02,1,12000,43543,3.6286,14515,3.6288,ok,,media/sounds/speech/0143.wav,0x1d1de54,0x122ba4c
0x144,speech,0x02,1,12000,20829,1.7357,6944,1.736,ok,,media/sounds/speech/0144.wav,0x1d1deac,0x1230f60
0x145,speech,0x02,1,12000,10659,0.8882,3554,0.8885,ok,,media/sounds/speech/0145.wav,0x1d1df04,0x1233818
0x146,speech,0x02,1,12000,29955,2.4962,9986,2.4965,ok,,media/sounds/speech/0146.wav,0x1d1df5c,0x1234cf4
0x147,speech,0x02,1,12000,25340,2.1117,8448,2.112,ok,,media/sounds/speech/0147.wav,0x1d1dfb4,0x1238780
0x148,speech,0x02,1,12000,8969,0.7474,2991,0.7478,ok,,media/sounds/speech/0148.wav,0x1d1e00c,0x123b908
0x149,speech,0x02,1,12000,25183,2.0986,8395,2.0987,ok,,media/sounds/speech/0149.wav,0x1d1e064,0x123ca98
0x14a,speech,0x02,1,12000,67153,5.5961,22385,5.5963,ok,,media/sounds/speech/014a.wav,0x1d1e0bc,0x123fbd0
0x14b,speech,0x02,1,12000,31487,2.6239,10497,2.6242,ok,,media/sounds/speech/014b.wav,0x1d1e114,0x1247f04
0x14c,speech,0x02,1,12000,41239,3.4366,13747,3.4367,ok,,media/sounds/speech/014c.wav,0x1d1e16c,0x124bc8c
0x14d,speech,0x02,1,12000,31409,2.6174,10471,2.6178,ok,,media/sounds/speech/014d.wav,0x1d1e1c4,0x1250d20
0x14e,speech,0x02,1,12000,40517,3.3764,13507,3.3767,ok,,media/sounds/speech/014e.wav,0x1d1e21c,0x1254a84
0x14f,speech,0x02,1,12000,18809,1.5674,6271,1.5677,ok,,media/sounds/speech/014f.wav,0x1d1e274,0x12599b0
0x150,speech,0x02,1,12000,9788,0.8157,3264,0.816,ok,,media/sounds/speech/0150.wav,0x1d1e2cc,0x125be78
0x151,speech,0x02,1,12000,44148,3.679,14717,3.6793,ok,,media/sounds/speech/0151.wav,0x1d1e324,0x125d1a0
0x152,speech,0x02,1,12000,29554,2.4628,9852,2.463,ok,,media/sounds/speech/0152.wav,0x1d1e37c,0x12627e4
0x153,speech,0x02,1,12000,10310,0.8592,3438,0.8595,ok,,media/sounds/speech/0153.wav,0x1d1e3d4,0x12661a8
0x154,speech,0x02,1,12000,26785,2.2321,8929,2.2323,ok,,media/sounds/speech/0154.wav,0x1d1e42c,0x12675d4
0x155,speech,0x02,1,12000,64149,5.3457,21384,5.346,ok,,media/sounds/speech/0155.wav,0x1d1e484,0x126aa30
0x156,speech,0x02,1,12000,30024,2.502,10009,2.5023,ok,,media/sounds/speech/0156.wav,0x1d1e4dc,0x1272784
0x157,speech,0x02,1,12000,18670,1.5558,6224,1.556,ok,,media/sounds/speech/0157.wav,0x1d1e534,0x1276230
0x158,speech,0x02,1,12000,28352,2.3627,9452,2.363,ok,,media/sounds/speech/0158.wav,0x1d1e58c,0x12786b0
0x159,speech,0x02,1,12000,32044,2.6703,10682,2.6705,ok,,media/sounds/speech/0159.wav,0x1d1e5e4,0x127be18
0x15a,speech,0x02,1,12000,37896,3.158,12633,3.1582,ok,,media/sounds/speech/015a.wav,0x1d1e63c,0x127fcb8
0x15b,speech,0x02,1,12000,50295,4.1913,16766,4.1915,ok,,media/sounds/speech/015b.wav,0x1d1e694,0x12846c4
0x15c,speech,0x02,1,12000,9753,0.8127,3252,0.813,ok,,media/sounds/speech/015c.wav,0x1d1e6ec,0x128a908
0x15d,speech,0x02,1,12000,45419,3.7849,15141,3.7853,ok,,media/sounds/speech/015d.wav,0x1d1e744,0x128bc20
0x15e,speech,0x02,1,12000,20202,1.6835,6735,1.6838,ok,,media/sounds/speech/015e.wav,0x1d1e79c,0x12914e0
0x15f,speech,0x02,1,12000,24242,2.0202,8082,2.0205,ok,,media/sounds/speech/015f.wav,0x1d1e7f4,0x1293c60
0x160,speech,0x02,1,12000,13410,1.1175,4471,1.1178,ok,,media/sounds/speech/0160.wav,0x1d1e84c,0x1296bc4
0x161,speech,0x02,1,12000,22814,1.9012,7606,1.9015,ok,,media/sounds/speech/0161.wav,0x1d1e8a4,0x1298600
0x162,speech,0x02,1,12000,20985,1.7488,6996,1.749,ok,,media/sounds/speech/0162.wav,0x1d1e8fc,0x129b298
0x163,speech,0x02,1,12000,24312,2.026,8105,2.0263,ok,,media/sounds/speech/0163.wav,0x1d1e954,0x129dba0
0x164,speech,0x02,1,12000,24521,2.0434,8175,2.0438,ok,,media/sounds/speech/0164.wav,0x1d1e9ac,0x12a0b24
0x165,speech,0x02,1,12000,14803,1.2336,4935,1.2337,ok,,media/sounds/speech/0165.wav,0x1d1ea04,0x12a3b14
0x166,speech,0x02,1,12000,37338,3.1115,12447,3.1117,ok,,media/sounds/speech/0166.wav,0x1d1ea5c,0x12a5808
0x167,speech,0x02,1,12000,29188,2.4323,9730,2.4325,ok,,media/sounds/speech/0167.wav,0x1d1eab4,0x12aa100
0x168,speech,0x02,1,12000,13515,1.1262,4506,1.1265,ok,,media/sounds/speech/0168.wav,0x1d1eb0c,0x12ada0c
0x169,speech,0x02,1,12000,17137,1.4281,5713,1.4283,ok,,media/sounds/speech/0169.wav,0x1d1eb64,0x12af47c
0x16a,speech,0x02,1,12000,29206,2.4338,9736,2.434,ok,,media/sounds/speech/016a.wav,0x1d1ebbc,0x12b1600
0x16b,speech,0x02,1,12000,36781,3.0651,12261,3.0652,ok,,media/sounds/speech/016b.wav,0x1d1ec14,0x12b4f14
0x16c,speech,0x02,1,12000,48345,4.0287,16116,4.029,ok,,media/sounds/speech/016c.wav,0x1d1ec6c,0x12b96f4
0x16d,speech,0x02,1,12000,41170,3.4308,13724,3.431,ok,,media/sounds/speech/016d.wav,0x1d1ecc4,0x12bf56c
0x16e,speech,0x02,1,12000,52106,4.3422,17370,4.3425,ok,,media/sounds/speech/016e.wav,0x1d1ed1c,0x12c45e0
0x16f,speech,0x02,1,12000,97943,8.1619,32649,8.1623,ok,,media/sounds/speech/016f.wav,0x1d1ed74,0x12cabb0
0x170,speech,0x02,1,12000,14803,1.2336,4935,1.2337,ok,,media/sounds/speech/0170.wav,0x1d1edcc,0x12d6b04
0x171,speech,0x02,1,12000,24382,2.0318,8128,2.032,ok,,media/sounds/speech/0171.wav,0x1d1ee24,0x12d87f8
0x172,speech,0x02,1,12000,39811,3.3176,13271,3.3178,ok,,media/sounds/speech/0172.wav,0x1d1ee7c,0x12db7a0
0x173,speech,0x02,1,12000,43991,3.6659,14665,3.6662,ok,,media/sounds/speech/0173.wav,0x1d1eed4,0x12e056c
0x174,speech,0x02,1,12000,25322,2.1102,8442,2.1105,ok,,media/sounds/speech/0174.wav,0x1d1ef2c,0x12e5b60
0x175,speech,0x02,1,12000,40578,3.3815,13527,3.3817,ok,,media/sounds/speech/0175.wav,0x1d1ef84,0x12e8ce0
0x176,speech,0x02,1,12000,21804,1.817,7269,1.8173,ok,,media/sounds/speech/0176.wav,0x1d1efdc,0x12edc2c
0x177,speech,0x02,1,12000,21352,1.7793,7118,1.7795,ok,,media/sounds/speech/0177.wav,0x1d1f034,0x12f06cc
0x178,speech,0x02,1,12000,22118,1.8432,7374,1.8435,ok,,media/sounds/speech/0178.wav,0x1d1f08c,0x12f3088
0x179,speech,0x02,1,12000,47039,3.9199,15681,3.9202,ok,,media/sounds/speech/0179.wav,0x1d1f0e4,0x12f5bc4
0x17a,speech,0x02,1,12000,94599,7.8833,31534,7.8835,ok,,media/sounds/speech/017a.wav,0x1d1f13c,0x12fb7ac
0x17b,speech,0x02,1,24000,35180,1.4658,5865,1.4663,ok,,media/sounds/speech/017b.wav,0x1d1f194,0x1307078
0x17c,speech,0x02,1,24000,50258,2.0941,8378,2.0945,ok,,media/sounds/speech/017c.wav,0x1d1f1cc,0x130b538
0x17d,speech,0x02,1,24000,41998,1.7499,7001,1.7503,ok,,media/sounds/speech/017d.wav,0x1d1f204,0x131176c
0x17e,speech,0x02,1,24000,70628,2.9428,11773,2.9432,ok,,media/sounds/speech/017e.wav,0x1d1f23c,0x131697c
0x17f,speech,0x02,1,24000,39224,1.6343,6539,1.6347,ok,,media/sounds/speech/017f.wav,0x1d1f294,0x131f378
0x180,speech,0x02,1,24000,37973,1.5822,6330,1.5825,ok,,media/sounds/speech/0180.wav,0x1d1f2ec,0x132401c
0x181,speech,0x02,1,24000,37798,1.5749,6301,1.5753,ok,,media/sounds/speech/0181.wav,0x1d1f344,0x1328a50
0x182,speech,0x02,1,24000,37833,1.5764,6307,1.5768,ok,,media/sounds/speech/0182.wav,0x1d1f39c,0x132d42c
0x183,speech,0x02,1,24000,42519,1.7716,7088,1.772,ok,,media/sounds/speech/0183.wav,0x1d1f3f4,0x1331e1c
0x184,speech,0x02,1,12000,51827,4.3189,17277,4.3193,ok,,media/sounds/speech/0184.wav,0x1d1f42c,0x1337130
0x185,speech,0x02,1,12000,47509,3.9591,15837,3.9592,ok,,media/sounds/speech/0185.wav,0x1d1f484,0x133d674
0x186,speech,0x02,1,12000,54475,4.5396,18159,4.5397,ok,,media/sounds/speech/0186.wav,0x1d1f4dc,0x1343348
0x187,speech,0x02,1,12000,33786,2.8155,11263,2.8157,ok,,media/sounds/speech/0187.wav,0x1d1f534,0x1349db8
0x188,speech,0x02,1,12000,43399,3.6166,14467,3.6168,ok,,media/sounds/speech/0188.wav,0x1d1f58c,0x134dfc0
0x189,speech,0x02,1,12000,28909,2.4091,9637,2.4093,ok,,media/sounds/speech/0189.wav,0x1d1f5e4,0x135348c
0x18a,speech,0x02,1,12000,52942,4.4118,17648,4.412,ok,,media/sounds/speech/018a.wav,0x1d1f63c,0x1356d0c
0x18b,speech,0x02,1,12000,38836,3.2363,12946,3.2365,ok,,media/sounds/speech/018b.wav,0x1d1f694,0x135d47c
0x18c,speech,0x02,1,12000,8220,0.685,2741,0.6853,ok,,media/sounds/speech/018c.wav,0x1d1f6ec,0x1362060
0x18d,speech,0x02,1,12000,12748,1.0623,4250,1.0625,ok,,media/sounds/speech/018d.wav,0x1d1f744,0x1363078
0x18e,speech,0x02,1,12000,38871,3.2393,12958,3.2395,ok,,media/sounds/speech/018e.wav,0x1d1f79c,0x1364968
0x18f,speech,0x02,1,12000,13724,1.1437,4576,1.144,ok,,media/sounds/speech/018f.wav,0x1d1f7f4,0x136955c
0x190,speech,0x02,1,12000,14385,1.1987,4796,1.199,ok,,media/sounds/speech/0190.wav,0x1d1f84c,0x136b034
0x191,speech,0x02,1,12000,5678,0.4732,1894,0.4735,ok,,media/sounds/speech/0191.wav,0x1d1f8a4,0x136cc58
0x192,speech,0x02,1,12000,11320,0.9433,3774,0.9435,ok,,media/sounds/speech/0192.wav,0x1d1f8fc,0x136d778
0x193,speech,0x02,1,12000,41170,3.4308,13724,3.431,ok,,media/sounds/speech/0193.wav,0x1d1f954,0x136ed9c
0x194,speech,0x02,1,12000,34552,2.8793,11518,2.8795,ok,,media/sounds/speech/0194.wav,0x1d1f9ac,0x1373e10
0x195,speech,0x02,1,12000,30930,2.5775,10311,2.5777,ok,,media/sounds/speech/0195.wav,0x1d1fa04,0x1378194
0x196,speech,0x02,1,12000,23197,1.9331,7733,1.9332,ok,,media/sounds/speech/0196.wav,0x1d1fa5c,0x137be08
0x197,speech,0x02,1,12000,37617,3.1347,12540,3.135,ok,,media/sounds/speech/0197.wav,0x1d1fab4,0x137eb60
0x198,speech,0x02,1,12000,19993,1.6661,6665,1.6663,ok,,media/sounds/speech/0198.wav,0x1d1fb0c,0x13834e4
0x199,speech,0x02,1,12000,15465,1.2888,5156,1.289,ok,,media/sounds/speech/0199.wav,0x1d1fb64,0x1385bfc
0x19a,speech,0x02,1,12000,23546,1.9622,7850,1.9625,ok,,media/sounds/speech/019a.wav,0x1d1fbbc,0x1387a3c
0x19b,speech,0x02,1,12000,36885,3.0737,12296,3.074,ok,,media/sounds/speech/019b.wav,0x1d1fc14,0x138a844
0x19c,speech,0x02,1,12000,28143,2.3453,9382,2.3455,ok,,media/sounds/speech/019c.wav,0x1d1fc6c,0x138f058
0x19d,speech,0x02,1,12000,31696,2.6413,10566,2.6415,ok,,media/sounds/speech/019d.wav,0x1d1fcc4,0x1392758
0x19e,speech,0x02,1,12000,47685,3.9737,15896,3.974,ok,,media/sounds/speech/019e.wav,0x1d1fd1c,0x1396548
0x19f,speech,0x02,1,12000,30779,2.5649,10261,2.5652,ok,,media/sounds/speech/019f.wav,0x1d1fd74,0x139c274
0x1a0,speech,0x02,1,12000,30738,2.5615,10247,2.5617,ok,,media/sounds/speech/01a0.wav,0x1d1fdcc,0x139fe9c
0x1a1,speech,0x02,1,12000,32532,2.711,10845,2.7113,ok,,media/sounds/speech/01a1.wav,0x1d1fe24,0x13a3ab0
0x1a2,speech,0x02,1,12000,44583,3.7153,14862,3.7155,ok,,media/sounds/speech/01a2.wav,0x1d1fe7c,0x13a7a44
0x1a3,speech,0x02,1,12000,107277,8.9398,35760,8.94,ok,,media/sounds/speech/01a3.wav,0x1d1fed4,0x13ad160
0x1a4,speech,0x02,1,12000,32114,2.6762,10706,2.6765,ok,,media/sounds/speech/01a4.wav,0x1d1ff2c,0x13ba2f0
0x1a5,speech,0x02,1,12000,58863,4.9052,19622,4.9055,ok,,media/sounds/speech/01a5.wav,0x1d1ff84,0x13be1b4
0x1a6,speech,0x02,1,12000,12365,1.0304,4123,1.0308,ok,,media/sounds/speech/01a6.wav,0x1d1ffdc,0x13c54b4
0x1a7,speech,0x02,1,12000,42563,3.5469,14189,3.5473,ok,,media/sounds/speech/01a7.wav,0x1d20034,0x13c6ce4
0x1a8,speech,0x02,1,12000,37138,3.0948,12380,3.095,ok,,media/sounds/speech/01a8.wav,0x1d2008c,0x13cc010
0x1a9,speech,0x02,1,12000,19436,1.6197,6480,1.62,ok,,media/sounds/speech/01a9.wav,0x1d200e4,0x13d08a4
0x1aa,speech,0x02,1,12000,22605,1.8838,7536,1.884,ok,,media/sounds/speech/01aa.wav,0x1d2013c,0x13d2ea4
0x1ab,speech,0x02,1,12000,33507,2.7923,11170,2.7925,ok,,media/sounds/speech/01ab.wav,0x1d20194,0x13d5ad4
0x1ac,speech,0x02,1,12000,137100,11.425,45701,11.4253,ok,,media/sounds/speech/01ac.wav,0x1d201ec,0x13d9c50
0x1ad,speech,0x02,1,12000,44235,3.6862,14746,3.6865,ok,,media/sounds/speech/01ad.wav,0x1d20244,0x13ea820
0x1ae,speech,0x02,1,12000,42354,3.5295,14119,3.5297,ok,,media/sounds/speech/01ae.wav,0x1d2029c,0x13efe90
0x1af,speech,0x02,1,12000,128453,10.7044,42819,10.7048,ok,,media/sounds/speech/01af.wav,0x1d202f4,0x13f5154
0x1b0,speech,0x02,1,12000,53778,4.4815,17927,4.4817,ok,,media/sounds/speech/01b0.wav,0x1d2034c,0x1404c40
0x1b1,speech,0x02,1,12000,43747,3.6456,14583,3.6458,ok,,media/sounds/speech/01b1.wav,0x1d203a4,0x140b554
0x1b2,speech,0x02,1,12000,37895,3.1579,12633,3.1582,ok,,media/sounds/speech/01b2.wav,0x1d203fc,0x1410ad0
0x1b3,speech,0x02,1,12000,21177,1.7648,7060,1.765,ok,,media/sounds/speech/01b3.wav,0x1d20454,0x14154dc
0x1b4,speech,0x02,1,12000,22535,1.8779,7513,1.8782,ok,,media/sounds/speech/01b4.wav,0x1d204ac,0x1417e44
0x1b5,speech,0x02,1,12000,25566,2.1305,8523,2.1307,ok,,media/sounds/speech/01b5.wav,0x1d20504,0x141aa50
0x1b6,speech,0x02,1,12000,29084,2.4237,9696,2.424,ok,,media/sounds/speech/01b6.wav,0x1d2055c,0x141dc48
0x1b7,speech,0x02,1,12000,23894,1.9912,7966,1.9915,ok,,media/sounds/speech/01b7.wav,0x1d205b4,0x1421520
0x1b8,speech,0x02,1,12000,7583,0.6319,2529,0.6322,ok,,media/sounds/speech/01b8.wav,0x1d2060c,0x14243d4
0x1b9,speech,0x02,1,12000,14664,1.222,4889,1.2223,ok,,media/sounds/speech/01b9.wav,0x1d20664,0x14252ac
0x1ba,speech,0x02,1,12000,28700,2.3917,9568,2.392,ok,,media/sounds/speech/01ba.wav,0x1d206bc,0x1426f58
0x1bb,speech,0x02,1,12000,18669,1.5557,6224,1.556,ok,,media/sounds/speech/01bb.wav,0x1d20714,0x142a770
0x1bc,speech,0x02,1,12000,34343,2.8619,11449,2.8622,ok,,media/sounds/speech/01bc.wav,0x1d2076c,0x142cbf0
0x1bd,speech,0x02,1,12000,79691,6.6409,26565,6.6413,ok,,media/sounds/speech/01bd.wav,0x1d207c4,0x1430f0c
0x1be,speech,0x02,1,12000,31765,2.6471,10589,2.6473,ok,,media/sounds/speech/01be.wav,0x1d2081c,0x143aabc
0x1bf,speech,0x02,1,12000,16371,1.3642,5458,1.3645,ok,,media/sounds/speech/01bf.wav,0x1d20874,0x143e8d0
0x1c0,speech,0x02,1,12000,49253,4.1044,16419,4.1048,ok,,media/sounds/speech/01c0.wav,0x1d208cc,0x14408d4
0x1c1,speech,0x02,1,12000,33855,2.8213,11286,2.8215,ok,,media/sounds/speech/01c1.wav,0x1d20924,0x1446910
0x1c2,speech,0x02,1,12000,17764,1.4803,5922,1.4805,ok,,media/sounds/speech/01c2.wav,0x1d2097c,0x144ab38
0x1c3,speech,0x02,1,12000,40657,3.3881,13553,3.3883,ok,,media/sounds/speech/01c3.wav,0x1d209d4,0x144cdf4
0x1c4,speech,0x02,1,12000,37805,3.1504,12603,3.1507,ok,,media/sounds/speech/01c4.wav,0x1d20a2c,0x1451d68
0x1c5,speech,0x02,1,12000,61162,5.0968,20388,5.097,ok,,media/sounds/speech/01c5.wav,0x1d20a84,0x1456748
0x1c6,speech,0x02,1,12000,57818,4.8182,19274,4.8185,ok,,media/sounds/speech/01c6.wav,0x1d20adc,0x145dec8
0x1c7,speech,0x02,1,12000,34412,2.8677,11472,2.868,ok,,media/sounds/speech/01c7.wav,0x1d20b34,0x1464fc0
0x1c8,speech,0x02,1,12000,55485,4.6238,18496,4.624,ok,,media/sounds/speech/01c8.wav,0x1d20b8c,0x1469300
0x1c9,speech,0x02,1,12000,59902,4.9918,19968,4.992,ok,,media/sounds/speech/01c9.wav,0x1d20be4,0x146ff68
0x1ca,speech,0x02,1,12000,29954,2.4962,9986,2.4965,ok,,media/sounds/speech/01ca.wav,0x1d20c3c,0x1477470
0x1cb,speech,0x02,1,12000,12767,1.0639,4257,1.0642,ok,,media/sounds/speech/01cb.wav,0x1d20c94,0x147aefc
0x1cc,speech,0x02,1,12000,9498,0.7915,3167,0.7917,ok,,media/sounds/speech/01cc.wav,0x1d20cec,0x147c7f4
0x1cd,speech,0x02,1,12000,10942,0.9118,3648,0.912,ok,,media/sounds/speech/01cd.wav,0x1d20d44,0x147da8c
0x1ce,speech,0x02,1,12000,14284,1.1903,4762,1.1905,ok,,media/sounds/speech/01ce.wav,0x1d20d9c,0x147eff4
0x1cf,speech,0x02,1,12000,12984,1.082,4329,1.0822,ok,,media/sounds/speech/01cf.wav,0x1d20df4,0x1480be4
0x1d0,speech,0x02,1,12000,10868,0.9057,3624,0.906,ok,,media/sounds/speech/01d0.wav,0x1d20e4c,0x1482548
0x1d1,speech,0x02,1,12000,16667,1.3889,5557,1.3893,ok,,media/sounds/speech/01d1.wav,0x1d20ea4,0x1483a8c
0x1d2,speech,0x02,1,12000,11676,0.973,3893,0.9732,ok,,media/sounds/speech/01d2.wav,0x1d20efc,0x1485b24
0x1d3,speech,0x02,1,12000,10634,0.8862,3546,0.8865,ok,,media/sounds/speech/01d3.wav,0x1d20f54,0x14871fc
0x1d4,speech,0x02,1,12000,12614,1.0512,4206,1.0515,ok,,media/sounds/speech/01d4.wav,0x1d20fac,0x14886cc
0x1d5,speech,0x02,1,12000,11675,0.9729,3893,0.9732,ok,,media/sounds/speech/01d5.wav,0x1d21004,0x1489f78
0x1d6,speech,0x02,1,12000,7788,0.649,2597,0.6492,ok,,media/sounds/speech/01d6.wav,0x1d2105c,0x148b650
0x1d7,speech,0x02,1,12000,15338,1.2782,5114,1.2785,ok,,media/sounds/speech/01d7.wav,0x1d210b4,0x148c590
0x1d8,speech,0x02,1,12000,17160,1.43,5721,1.4303,ok,,media/sounds/speech/01d8.wav,0x1d2110c,0x148e390
0x1d9,speech,0x02,1,12000,7171,0.5976,2391,0.5978,ok,,media/sounds/speech/01d9.wav,0x1d21164,0x149051c
0x1da,speech,0x02,1,12000,13068,1.089,4357,1.0893,ok,,media/sounds/speech/01da.wav,0x1d211bc,0x1491328
0x1db,speech,0x02,1,12000,17695,1.4746,5899,1.4748,ok,,media/sounds/speech/01db.wav,0x1d21214,0x1492cb8
0x1dc,speech,0x02,1,12000,25451,2.1209,8485,2.1212,ok,,media/sounds/speech/01dc.wav,0x1d2126c,0x1494f50
0x1dd,speech,0x02,1,12000,33009,2.7508,11004,2.751,ok,,media/sounds/speech/01dd.wav,0x1d212c4,0x1498110
0x1de,speech,0x02,1,12000,60790,5.0658,20264,5.066,ok,,media/sounds/speech/01de.wav,0x1d2131c,0x149c194
0x1df,speech,0x02,1,12000,49116,4.093,16373,4.0933,ok,,media/sounds/speech/01df.wav,0x1d21374,0x14a3858
0x1e0,speech,0x02,1,12000,20038,1.6698,6680,1.67,ok,,media/sounds/speech/01e0.wav,0x1d213cc,0x14a9850
0x1e1,speech,0x02,1,12000,15729,1.3108,5244,1.311,ok,,media/sounds/speech/01e1.wav,0x1d21424,0x14abf7c
0x1e2,speech,0x02,1,12000,17815,1.4846,5939,1.4848,ok,,media/sounds/speech/01e2.wav,0x1d2147c,0x14ade40
0x1e3,speech,0x02,1,12000,12745,1.0621,4249,1.0622,ok,,media/sounds/speech/01e3.wav,0x1d214d4,0x14b0114
0x1e4,speech,0x02,1,12000,9955,0.8296,3319,0.8297,ok,,media/sounds/speech/01e4.wav,0x1d2152c,0x14b1a04
0x1e5,speech,0x02,1,12000,13665,1.1387,4556,1.139,ok,,media/sounds/speech/01e5.wav,0x1d21584,0x14b2d80
0x1e6,speech,0x02,1,12000,49710,4.1425,16571,4.1428,ok,,media/sounds/speech/01e6.wav,0x1d215dc,0x14b483c
0x1e7,speech,0x02,1,12000,32219,2.6849,10741,2.6852,ok,,media/sounds/speech/01e7.wav,0x1d21634,0x14ba95c
0x1e8,speech,0x02,1,12000,29199,2.4333,9734,2.4335,ok,,media/sounds/speech/01e8.wav,0x1d2168c,0x14be854
0x1e9,speech,0x02,1,12000,19053,1.5877,6352,1.588,ok,,media/sounds/speech/01e9.wav,0x1d216e4,0x14c2164
0x1ea,speech,0x02,1,12000,23771,1.9809,7925,1.9812,ok,,media/sounds/speech/01ea.wav,0x1d2173c,0x14c46a4
0x1eb,speech,0x02,1,12000,27247,2.2706,9083,2.2708,ok,,media/sounds/speech/01eb.wav,0x1d21794,0x14c751c
0x1ec,speech,0x02,1,12000,20266,1.6888,6756,1.689,ok,,media/sounds/speech/01ec.wav,0x1d217ec,0x14caa5c
0x1ed,speech,0x02,1,12000,36796,3.0663,12266,3.0665,ok,,media/sounds/speech/01ed.wav,0x1d21844,0x14cd1fc
0x1ee,speech,0x02,1,12000,25297,2.1081,8433,2.1082,ok,,media/sounds/speech/01ee.wav,0x1d2189c,0x14d19e4
0x1ef,speech,0x02,1,12000,34116,2.843,11373,2.8432,ok,,media/sounds/speech/01ef.wav,0x1d218f4,0x14d4b58
0x1f0,speech,0x02,1,12000,25416,2.118,8473,2.1183,ok,,media/sounds/speech/01f0.wav,0x1d2194c,0x14d8e04
0x1f1,speech,0x02,1,12000,17407,1.4506,5803,1.4507,ok,,media/sounds/speech/01f1.wav,0x1d219a4,0x14dbfb0
0x1f2,speech,0x02,1,12000,44868,3.739,14957,3.7393,ok,,media/sounds/speech/01f2.wav,0x1d219fc,0x14de1b8
0x1f3,speech,0x02,1,12000,80404,6.7003,26802,6.7005,ok,,media/sounds/speech/01f3.wav,0x1d21a54,0x14e3964
0x1f4,speech,0x02,1,12000,60841,5.0701,20281,5.0702,ok,,media/sounds/speech/01f4.wav,0x1d21aac,0x14ed678
0x1f5,speech,0x02,1,12000,21429,1.7857,7144,1.786,ok,,media/sounds/speech/01f5.wav,0x1d21b04,0x14f4d58
0x1f6,speech,0x02,1,12000,22377,1.8647,7460,1.865,ok,,media/sounds/speech/01f6.wav,0x1d21b5c,0x14f773c
0x1f7,speech,0x02,1,12000,19211,1.6009,6405,1.6013,ok,,media/sounds/speech/01f7.wav,0x1d21bb4,0x14fa2fc
0x1f8,speech,0x02,1,12000,34511,2.8759,11505,2.8763,ok,,media/sounds/speech/01f8.wav,0x1d21c0c,0x14fc88c
0x1f9,speech,0x02,1,12000,34574,2.8812,11526,2.8815,ok,,media/sounds/speech/01f9.wav,0x1d21c64,0x1500bfc
0x1fa,speech,0x02,1,12000,36178,3.0148,12060,3.015,ok,,media/sounds/speech/01fa.wav,0x1d21cbc,0x1504f8c
0x1fb,speech,0x02,1,12000,37521,3.1267,12508,3.127,ok,,media/sounds/speech/01fb.wav,0x1d21d14,0x1509640
0x1fc,speech,0x02,1,12000,30638,2.5532,10214,2.5535,ok,,media/sounds/speech/01fc.wav,0x1d21d6c,0x150df94
0x1fd,speech,0x02,1,12000,30823,2.5686,10275,2.5688,ok,,media/sounds/speech/01fd.wav,0x1d21dc4,0x1511b74
0x1fe,speech,0x02,1,12000,19028,1.5857,6344,1.586,ok,,media/sounds/speech/01fe.wav,0x1d21e1c,0x15157b0
0x1ff,speech,0x02,1,12000,14751,1.2292,4918,1.2295,ok,,media/sounds/speech/01ff.wav,0x1d21e74,0x1517ce4
0x200,speech,0x02,1,12000,22954,1.9128,7652,1.913,ok,,media/sounds/speech/0200.wav,0x1d21ecc,0x15199bc
0x201,speech,0x02,1,12000,35884,2.9903,11962,2.9905,ok,,media/sounds/speech/0201.wav,0x1d21f24,0x151c69c
0x202,speech,0x02,1,12000,14664,1.222,4889,1.2223,ok,,media/sounds/speech/0202.wav,0x1d21f7c,0x1520cbc
0x203,speech,0x02,1,12000,17606,1.4672,5870,1.4675,ok,,media/sounds/speech/0203.wav,0x1d21fd4,0x1522968
0x204,speech,0x02,1,12000,17697,1.4748,5900,1.475,ok,,media/sounds/speech/0204.wav,0x1d2202c,0x1524bd4
0x205,speech,0x02,1,12000,15870,1.3225,5291,1.3228,ok,,media/sounds/speech/0205.wav,0x1d22084,0x1526e70
0x206,speech,0x02,1,12000,23968,1.9973,7990,1.9975,ok,,media/sounds/speech/0206.wav,0x1d220dc,0x1528d78
0x207,speech,0x02,1,12000,17841,1.4868,5948,1.487,ok,,media/sounds/speech/0207.wav,0x1d22134,0x152bc50
0x208,speech,0x02,1,12000,10868,0.9057,3624,0.906,ok,,media/sounds/speech/0208.wav,0x1d2218c,0x152df34
0x209,speech,0x02,1,12000,25062,2.0885,8355,2.0888,ok,,media/sounds/speech/0209.wav,0x1d221e4,0x152f478
0x20a,speech,0x02,1,12000,14156,1.1797,4720,1.18,ok,,media/sounds/speech/020a.wav,0x1d2223c,0x1532574
0x20b,speech,0x02,1,12000,15143,1.2619,5049,1.2623,ok,,media/sounds/speech/020b.wav,0x1d22294,0x1534124
0x20c,speech,0x02,1,12000,18578,1.5482,6194,1.5485,ok,,media/sounds/speech/020c.wav,0x1d222ec,0x1535ec0
0x20d,speech,0x02,1,12000,15303,1.2752,5102,1.2755,ok,,media/sounds/speech/020d.wav,0x1d22344,0x1538314
0x20e,speech,0x02,1,12000,25248,2.104,8417,2.1042,ok,,media/sounds/speech/020e.wav,0x1d2239c,0x153a100
0x20f,speech,0x02,1,12000,44288,3.6907,14764,3.691,ok,,media/sounds/speech/020f.wav,0x1d223f4,0x153d258
0x210,speech,0x02,1,12000,52352,4.3627,17452,4.363,ok,,media/sounds/speech/0210.wav,0x1d2244c,0x15428e0
0x211,speech,0x02,1,12000,55936,4.6613,18646,4.6615,ok,,media/sounds/speech/0211.wav,0x1d224a4,0x1548f28
0x212,speech,0x02,1,12000,12302,1.0252,4102,1.0255,ok,,media/sounds/speech/0212.wav,0x1d224fc,0x154fc70
0x213,speech,0x02,1,12000,21024,1.752,7009,1.7523,ok,,media/sounds/speech/0213.wav,0x1d22554,0x1551480
0x214,speech,0x02,1,12000,33810,2.8175,11271,2.8178,ok,,media/sounds/speech/0214.wav,0x1d225ac,0x1553d98
0x215,speech,0x02,1,12000,12021,1.0017,4008,1.002,ok,,media/sounds/speech/0215.wav,0x1d22604,0x1557fac
0x216,speech,0x02,1,12000,16415,1.3679,5473,1.3682,ok,,media/sounds/speech/0216.wav,0x1d2265c,0x1559730
0x217,speech,0x02,1,12000,16444,1.3703,5482,1.3705,ok,,media/sounds/speech/0217.wav,0x1d226b4,0x155b748
0x218,speech,0x02,1,12000,20109,1.6758,6704,1.676,ok,,media/sounds/speech/0218.wav,0x1d2270c,0x155d770
0x219,speech,0x02,1,12000,15600,1.3,5201,1.3002,ok,,media/sounds/speech/0219.wav,0x1d22764,0x155fec0
0x21a,speech,0x02,1,12000,13557,1.1298,4520,1.13,ok,,media/sounds/speech/021a.wav,0x1d227bc,0x1561d40
0x21b,speech,0x02,1,12000,16157,1.3464,5387,1.3467,ok,,media/sounds/speech/021b.wav,0x1d22814,0x15637c4
0x21c,speech,0x02,1,12000,16307,1.3589,5437,1.3593,ok,,media/sounds/speech/021c.wav,0x1d2286c,0x156575c
0x21d,speech,0x02,1,12000,43200,3.6,14401,3.6002,ok,,media/sounds/speech/021d.wav,0x1d228c4,0x1567740
0x21e,speech,0x02,1,12000,61200,5.1,20401,5.1002,ok,,media/sounds/speech/021e.wav,0x1d2291c,0x156cba8
0x21f,speech,0x02,1,12000,66000,5.5,22001,5.5003,ok,,media/sounds/speech/021f.wav,0x1d22974,0x1574338
0x220,speech,0x02,1,12000,21600,1.8,7201,1.8002,ok,,media/sounds/speech/0220.wav,0x1d229cc,0x157c428
0x221,speech,0x02,1,12000,19200,1.6,6401,1.6002,ok,,media/sounds/speech/0221.wav,0x1d22a24,0x157ee60
0x222,speech,0x02,1,12000,46800,3.9,15601,3.9003,ok,,media/sounds/speech/0222.wav,0x1d22a7c,0x15813e8
0x223,speech,0x02,1,12000,39600,3.3,13201,3.3003,ok,,media/sounds/speech/0223.wav,0x1d22ad4,0x1586f58
0x224,speech,0x02,1,12000,28800,2.4,9601,2.4003,ok,,media/sounds/speech/0224.wav,0x1d22b2c,0x158bcb8
0x225,speech,0x02,1,12000,70800,5.9,23601,5.9002,ok,,media/sounds/speech/0225.wav,0x1d22b84,0x158f500
0x226,speech,0x02,1,12000,24000,2.0,8001,2.0002,ok,,media/sounds/speech/0226.wav,0x1d22bdc,0x1597f50
0x227,speech,0x02,1,12000,43200,3.6,14401,3.6002,ok,,media/sounds/speech/0227.wav,0x1d22c34,0x159ae38
0x228,speech,0x02,1,12000,69600,5.8,23201,5.8003,ok,,media/sounds/speech/0228.wav,0x1d22c8c,0x15a02a0
0x229,speech,0x02,1,12000,25200,2.1,8401,2.1002,ok,,media/sounds/speech/0229.wav,0x1d22ce4,0x15a8a98
0x22a,speech,0x02,1,12000,30000,2.5,10001,2.5002,ok,,media/sounds/speech/022a.wav,0x1d22d3c,0x15abbd8
0x22b,speech,0x02,1,12000,28800,2.4,9601,2.4003,ok,,media/sounds/speech/022b.wav,0x1d22d94,0x15af678
0x22c,speech,0x02,1,12000,21600,1.8,7201,1.8002,ok,,media/sounds/speech/022c.wav,0x1d22dec,0x15b2ec0
0x22d,speech,0x02,1,12000,37200,3.1,12401,3.1002,ok,,media/sounds/speech/022d.wav,0x1d22e44,0x15b58f8
0x22e,speech,0x02,1,12000,33600,2.8,11201,2.8003,ok,,media/sounds/speech/022e.wav,0x1d22e9c,0x15ba1a8
0x22f,speech,0x02,1,12000,92400,7.7,30801,7.7002,ok,,media/sounds/speech/022f.wav,0x1d22ef4,0x15be350
0x230,speech,0x02,1,12000,45600,3.8,15201,3.8003,ok,,media/sounds/speech/0230.wav,0x1d22f4c,0x15c97d0
0x231,speech,0x02,1,12000,30000,2.5,10001,2.5002,ok,,media/sounds/speech/0231.wav,0x1d22fa4,0x15cf0e8
0x232,speech,0x02,1,12000,10800,0.9,3601,0.9002,ok,,media/sounds/speech/0232.wav,0x1d22ffc,0x15d2b88
0x233,speech,0x02,1,12000,27600,2.3,9201,2.3003,ok,,media/sounds/speech/0233.wav,0x1d23054,0x15d40a8
0x234,speech,0x02,1,12000,25200,2.1,8401,2.1002,ok,,media/sounds/speech/0234.wav,0x1d230ac,0x15d7698
0x235,speech,0x02,1,12000,12000,1.0,4001,1.0003,ok,,media/sounds/speech/0235.wav,0x1d23104,0x15da7d8
0x236,speech,0x02,1,12000,12000,1.0,4001,1.0003,ok,,media/sounds/speech/0236.wav,0x1d2315c,0x15dbf50
0x237,speech,0x02,1,12000,49200,4.1,16401,4.1002,ok,,media/sounds/speech/0237.wav,0x1d231b4,0x15dd6c8
0x238,speech,0x02,1,12000,21600,1.8,7201,1.8002,ok,,media/sounds/speech/0238.wav,0x1d2320c,0x15e36e8
0x239,speech,0x02,1,12000,21600,1.8,7201,1.8002,ok,,media/sounds/speech/0239.wav,0x1d23264,0x15e6120
0x23a,speech,0x02,1,12000,15600,1.3,5201,1.3002,ok,,media/sounds/speech/023a.wav,0x1d232bc,0x15e8b58
0x23b,speech,0x02,1,12000,43200,3.6,14401,3.6002,ok,,media/sounds/speech/023b.wav,0x1d23314,0x15ea9d8
0x23c,speech,0x02,1,12000,44160,3.68,14721,3.6803,ok,,media/sounds/speech/023c.wav,0x1d2336c,0x15efe40
0x23d,speech,0x02,1,12000,24881,2.0734,8295,2.0737,ok,,media/sounds/speech/023d.wav,0x1d233c4,0x15f5488
0x23e,speech,0x02,1,12000,25088,2.0907,8364,2.091,ok,,media/sounds/speech/023e.wav,0x1d2341c,0x15f852c
0x23f,speech,0x02,1,12000,12672,1.056,4225,1.0562,ok,,media/sounds/speech/023f.wav,0x1d23474,0x15fb634
0x240,speech,0x02,1,12000,11160,0.93,3721,0.9303,ok,,media/sounds/speech/0240.wav,0x1d234cc,0x15fcefc
0x241,speech,0x02,1,12000,11584,0.9653,3862,0.9655,ok,,media/sounds/speech/0241.wav,0x1d23524,0x15fe4d0
0x242,speech,0x02,1,12000,19072,1.5893,6358,1.5895,ok,,media/sounds/speech/0242.wav,0x1d2357c,0x15ffb78
0x243,speech,0x02,1,12000,16293,1.3578,5432,1.358,ok,,media/sounds/speech/0243.wav,0x1d235d4,0x16020c0
0x244,speech,0x02,1,12000,24859,2.0716,8287,2.0718,ok,,media/sounds/speech/0244.wav,0x1d2362c,0x160409c
0x245,speech,0x02,1,12000,31168,2.5973,10390,2.5975,ok,,media/sounds/speech/0245.wav,0x1d23684,0x1607134
0x246,speech,0x02,1,12000,41834,3.4862,13946,3.4865,ok,,media/sounds/speech/0246.wav,0x1d236dc,0x160ae1c
0x247,speech,0x02,1,12000,28672,2.3893,9558,2.3895,ok,,media/sounds/speech/0247.wav,0x1d23734,0x160ffdc
0x248,speech,0x02,1,12000,38400,3.2,12801,3.2003,ok,,media/sounds/speech/0248.wav,0x1d2378c,0x16137e4
0x249,speech,0x02,1,24000,24330,1.0137,4057,1.0143,ok,,media/sounds/speech/0249.wav,0x1d237e4,0x16182ec
0x24a,speech,0x02,1,24000,23340,0.9725,3892,0.973,ok,,media/sounds/speech/024a.wav,0x1d2381c,0x161b27c
0x24b,speech,0x02,1,24000,26269,1.0945,4380,1.095,ok,,media/sounds/speech/024b.wav,0x1d23854,0x161e01c
0x24c,speech,0x02,1,12000,20689,1.7241,6897,1.7243,ok,,media/sounds/speech/024c.wav,0x1d2388c,0x1621374
0x24d,speech,0x02,1,12000,24974,2.0812,8326,2.0815,ok,,media/sounds/speech/024d.wav,0x1d238e4,0x1623be8
0x24e,speech,0x02,1,12000,27603,2.3003,9202,2.3005,ok,,media/sounds/speech/024e.wav,0x1d2393c,0x1626cb8
0x24f,speech,0x02,1,12000,21823,1.8186,7275,1.8188,ok,,media/sounds/speech/024f.wav,0x1d23994,0x162a2ac
0x250,speech,0x02,1,12000,18000,1.5,6001,1.5003,ok,,media/sounds/speech/0250.wav,0x1d239ec,0x162cd54
0x251,speech,0x02,1,12000,26400,2.2,8801,2.2003,ok,,media/sounds/speech/0251.wav,0x1d23a44,0x162f084
0x252,speech,0x02,1,12000,12000,1.0,4001,1.0003,ok,,media/sounds/speech/0252.wav,0x1d23a9c,0x163241c
0x253,speech,0x02,1,12000,21600,1.8,7201,1.8002,ok,,media/sounds/speech/0253.wav,0x1d23af4,0x1633b94
0x254,speech,0x02,1,12000,55200,4.6,18401,4.6002,ok,,media/sounds/speech/0254.wav,0x1d23b4c,0x16365cc
0x255,speech,0x02,1,12000,50400,4.2,16801,4.2002,ok,,media/sounds/speech/0255.wav,0x1d23ba4,0x163d1a4
0x256,speech,0x02,1,12000,44400,3.7,14801,3.7003,ok,,media/sounds/speech/0256.wav,0x1d23bfc,0x164341c
0x257,speech,0x02,1,12000,43200,3.6,14401,3.6002,ok,,media/sounds/speech/0257.wav,0x1d23c54,0x1648adc
0x258,speech,0x02,1,12000,14400,1.2,4801,1.2003,ok,,media/sounds/speech/0258.wav,0x1d23cac,0x164df44
0x259,speech,0x02,1,12000,24000,2.0,8001,2.0002,ok,,media/sounds/speech/0259.wav,0x1d23d04,0x164fb6c
0x25a,speech,0x02,1,12000,29440,2.4533,9814,2.4535,ok,,media/sounds/speech/025a.wav,0x1d23d5c,0x1652a54
0x25b,speech,0x02,1,12000,14400,1.2,4801,1.2003,ok,,media/sounds/speech/025b.wav,0x1d23db4,0x16563dc
0x25c,speech,0x02,1,12000,43200,3.6,14401,3.6002,ok,,media/sounds/speech/025c.wav,0x1d23e0c,0x1658004
0x25d,speech,0x02,1,12000,34800,2.9,11601,2.9003,ok,,media/sounds/speech/025d.wav,0x1d23e64,0x165d46c
0x25e,speech,0x02,1,12000,28800,2.4,9601,2.4003,ok,,media/sounds/speech/025e.wav,0x1d23ebc,0x166186c
0x25f,speech,0x02,1,12000,12000,1.0,4001,1.0003,ok,,media/sounds/speech/025f.wav,0x1d23f14,0x16650b4
0x260,speech,0x02,1,12000,24000,2.0,8001,2.0002,ok,,media/sounds/speech/0260.wav,0x1d23f6c,0x166682c
0x261,speech,0x02,1,12000,25200,2.1,8401,2.1002,ok,,media/sounds/speech/0261.wav,0x1d23fc4,0x1669714
0x262,speech,0x02,1,12000,25200,2.1,8401,2.1002,ok,,media/sounds/speech/0262.wav,0x1d2401c,0x166c854
0x263,speech,0x02,1,12000,48688,4.0573,16230,4.0575,ok,,media/sounds/speech/0263.wav,0x1d24074,0x166f994
0x264,speech,0x02,1,12000,73680,6.14,24561,6.1402,ok,,media/sounds/speech/0264.wav,0x1d240cc,0x16758b4
0x265,speech,0x02,1,12000,20400,1.7,6801,1.7003,ok,,media/sounds/speech/0265.wav,0x1d24124,0x167e8a4
0x266,speech,0x02,1,12000,22800,1.9,7601,1.9002,ok,,media/sounds/speech/0266.wav,0x1d2417c,0x1681084
0x267,speech,0x02,1,12000,20256,1.688,6753,1.6883,ok,,media/sounds/speech/0267.wav,0x1d241d4,0x1683d14
0x268,speech,0x02,1,12000,15600,1.3,5201,1.3002,ok,,media/sounds/speech/0268.wav,0x1d2422c,0x16864ac
0x269,speech,0x02,1,12000,16800,1.4,5601,1.4002,ok,,media/sounds/speech/0269.wav,0x1d24284,0x168832c
0x26a,speech,0x02,1,12000,15600,1.3,5201,1.3002,ok,,media/sounds/speech/026a.wav,0x1d242dc,0x168a404
0x26b,speech,0x02,1,12000,21600,1.8,7201,1.8002,ok,,media/sounds/speech/026b.wav,0x1d24334,0x168c284
0x26c,speech,0x02,1,12000,25360,2.1133,8454,2.1135,ok,,media/sounds/speech/026c.wav,0x1d2438c,0x168ecbc
0x26d,speech,0x02,1,12000,31200,2.6,10401,2.6002,ok,,media/sounds/speech/026d.wav,0x1d243e4,0x1691e4c
0x26e,speech,0x02,1,12000,15600,1.3,5201,1.3002,ok,,media/sounds/speech/026e.wav,0x1d2443c,0x1695b44
0x26f,speech,0x02,1,12000,30000,2.5,10001,2.5002,ok,,media/sounds/speech/026f.wav,0x1d24494,0x16979c4
0x270,speech,0x02,1,12000,22800,1.9,7601,1.9002,ok,,media/sounds/speech/0270.wav,0x1d244ec,0x169b464
0x271,speech,0x02,1,12000,28304,2.3587,9436,2.359,ok,,media/sounds/speech/0271.wav,0x1d24544,0x169e0f4
0x272,speech,0x02,1,12000,48656,4.0547,16220,4.055,ok,,media/sounds/speech/0272.wav,0x1d2459c,0x16a1844
0x273,speech,0x02,1,12000,30000,2.5,10001,2.5002,ok,,media/sounds/speech/0273.wav,0x1d245f4,0x16a7754
0x274,speech,0x02,1,12000,44400,3.7,14801,3.7003,ok,,media/sounds/speech/0274.wav,0x1d2464c,0x16ab1f4
0x275,speech,0x02,1,12000,34800,2.9,11601,2.9003,ok,,media/sounds/speech/0275.wav,0x1d246a4,0x16b08b4
0x276,speech,0x02,1,12000,51888,4.324,17297,4.3243,ok,,media/sounds/speech/0276.wav,0x1d246fc,0x16b4cb4
0x277,speech,0x02,1,12000,28800,2.4,9601,2.4003,ok,,media/sounds/speech/0277.wav,0x1d24754,0x16bb214
0x278,speech,0x02,1,12000,15600,1.3,5201,1.3002,ok,,media/sounds/speech/0278.wav,0x1d247ac,0x16bea5c
0x279,speech,0x02,1,12000,36384,3.032,12129,3.0322,ok,,media/sounds/speech/0279.wav,0x1d24804,0x16c08dc
0x27a,speech,0x02,1,12000,64894,5.4078,21632,5.408,ok,,media/sounds/speech/027a.wav,0x1d2485c,0x16c4ff4
0x27b,speech,0x02,1,12000,31200,2.6,10401,2.6002,ok,,media/sounds/speech/027b.wav,0x1d248b4,0x16ccebc
0x27c,speech,0x02,1,12000,16800,1.4,5601,1.4002,ok,,media/sounds/speech/027c.wav,0x1d2490c,0x16d0bb4
0x27d,speech,0x02,1,12000,14400,1.2,4801,1.2003,ok,,media/sounds/speech/027d.wav,0x1d24964,0x16d2c8c
0x27e,speech,0x02,1,12000,30689,2.5574,10231,2.5577,ok,,media/sounds/speech/027e.wav,0x1d249bc,0x16d48b4
0x27f,speech,0x02,1,12000,62400,5.2,20801,5.2002,ok,,media/sounds/speech/027f.wav,0x1d24a14,0x16d84b0
0x280,speech,0x02,1,12000,74095,6.1746,24699,6.1748,ok,,media/sounds/speech/0280.wav,0x1d24a6c,0x16dfe98
0x281,speech,0x02,1,12000,14400,1.2,4801,1.2003,ok,,media/sounds/speech/0281.wav,0x1d24ac4,0x16e8f58
0x282,speech,0x02,1,12000,22206,1.8505,7403,1.8507,ok,,media/sounds/speech/0282.wav,0x1d24b1c,0x16eab80
0x283,music,0x01,2,24000,538802,22.4501,89801,22.4503,ok,3.21,media/sounds/music/0283.wav,0x1d24b74,0x16ed6e8 0x16f6d68
0x284,music,0x01,2,24000,469769,19.5737,78296,19.574,ok,,media/sounds/music/0284.wav,0x1d24b9c,0x172f354 0x17494e8
0x285,music,0x01,2,24000,515859,21.4941,85977,21.4943,ok,3.5759,media/sounds/music/0285.wav,0x1d24bd0,0x17688ec 0x1773094
0x286,music,0x01,2,24000,175528,7.3137,29255,7.3137,ok,5.4236,media/sounds/music/0286.wav,0x1d24bf8,0x17a7888 0x17b76cc
0x287,music,0x01,2,24000,232772,9.6988,38796,9.699,ok,7.0442,media/sounds/music/0287.wav,0x1d24c20,0x17bcf70 0x17d19ac
0x288,music,0x01,1,24000,191881,7.995,31981,7.9953,ok,,media/sounds/music/0288.wav,0x1d24c48,0x17d9624
0x289,music,0x01,2,24000,239975,9.999,39996,9.999,ok,2.0039,media/sounds/music/0289.wav,0x1d24c64,0x17f0cf4 0x17d9624
0x28a,music,0x01,1,24000,177061,7.3775,29511,7.3777,ok,,media/sounds/music/028a.wav,0x1d24c8c,0x1800000
0x28b,music,0x01,2,24000,199378,8.3074,33230,8.3075,ok,0.9299,media/sounds/music/028b.wav,0x1d24ca8,0x18159dc 0x1800000
0x28c,music,0x01,1,24000,433085,18.0452,72182,18.0455,ok,,media/sounds/music/028c.wav,0x1d24cd0,0x181857c
0x28d,music,0x01,1,24000,493713,20.5714,82286,20.5715,ok,,media/sounds/music/028d.wav,0x1d24cf8,0x184d364
0x28e,music,0x01,2,24000,822877,34.2865,137146,34.2865,ok,3.4144,media/sounds/music/028e.wav,0x1d24d14,0x18897b8 0x18937d0
0x28f,music,0x01,2,24000,748454,31.1856,124743,31.1857,ok,,media/sounds/music/028f.wav,0x1d24d3c,0x18edefc 0x18f2b38
0x290,music,0x01,1,24000,740607,30.8586,123435,30.8588,ok,,media/sounds/music/0290.wav,0x1d24d74,0x19494e4
0x291,music,0x01,2,24000,780705,32.5294,130117,32.5292,ok,9.3057,media/sounds/music/0291.wav,0x1d24d90,0x19a3b6c 0x19befac
0x292,music,0x01,2,24000,890494,37.1039,148416,37.104,ok,7.8085,media/sounds/music/0292.wav,0x1d24db8,0x1a03050 0x1a19e60
0x293,music,0x01,2,24000,767947,31.9978,127991,31.9977,ok,3.5762,media/sounds/music/0293.wav,0x1d24de0,0x1a6fba4 0x1a7a350
0x294,music,0x01,2,24000,753267,31.3861,125544,31.386,ok,9.2082,media/sounds/music/0294.wav,0x1d24e08,0x1acd79c 0x1ae8748
0x295,music,0x01,2,24000,707793,29.4914,117966,29.4915,ok,7.9151,media/sounds/music/0295.wav,0x1d24e30,0x1b296e8 0x1b409f8
0x296,music,0x01,2,24000,544179,22.6741,90696,22.674,ok,5.3409,media/sounds/music/0296.wav,0x1d24e58,0x1b7fd64 0x1b8f7c8
0x297,music,0x01,1,24000,531696,22.154,88617,22.1543,ok,,media/sounds/music/0297.wav,0x1d24e80,0x1bc2450
0x298,music,0x01,2,24000,1063453,44.3105,177242,44.3105,ok,22.1519,media/sounds/music/0298.wav,0x1d24e9c,0x1c032d0 0x1c44138
0x299,music,0x01,1,24000,768044,32.0018,128008,32.002,ok,,media/sounds/music/0299.wav,0x1d24ec4,0x1c84ff0
0x29a,music,0x01,2,24000,455812,18.9922,75968,18.992,ok,0.4412,media/sounds/music/029a.wav,0x1d24ee0,0x1ce2c10 0x1ce40c8
0x29b,music,0x01,2,24000,748454,31.1856,124742,31.1855,ok,,media/sounds/music/029b.wav,0x1d24f08,0x18edefc 0x18f2b38
