call,role,role_tag,kinds,samples,durations_s,heard_in_scenarios,in_deffs,code_call_sites,trace_callers
0x000,,,,,,,,,
0x001,,,stub,0x001,-,unmarked:1 ball_search:1 game_over:1,25,0x10014b8 deff_025_bonus,0x10014b8 deff_025_bonus
0x002,,,stub,0x002,-,,,,
0x003,,,stub,0x003,-,,,,
0x004,,,stub,0x004,-,,,,
0x005,,,stub,0x005,-,,,,
0x006,,,stub,0x006,-,,,,
0x007,,,stub,0x007,-,,,,
0x008,,,stub,0x008,-,,,,
0x009,,,sfx,0x009,0.4151,,,,
0x00a,,,sfx,0x00a,0.6371,,4,,
0x00b,,,sfx,0x00b,0.5979,,,,
0x00c,,,sfx,0x00c,1.3332,,3,,
0x00d,,,sfx,0x00d,0.7499,,,,
0x00e,,,sfx,0x00e,0.7499,,,,
0x00f,,,sfx,0x00f,1.0827,,,0x10339d0 FUN_010339d0 | 0x10339ec FUN_010339ec | 0x104817c FUN_0104817c | 0x104cae4 FUN_0104cae4,
0x010,,,sfx,0x010,1.0827,,,0x1025844 FUN_01025844 | 0x103ee10 deff_004_50v_20v_disabled | 0x10402c0 FUN_010402c0 | 0x1046a98 FUN_01046a98 | 0x1046f4c FUN_01046f4c | 0x10476b8 FUN_010476b8 | 0x1048de4 FUN_01048de4 | 0x10492b8 FUN_010492b8,
0x011,,,sfx,0x016,0.69,,,,
0x012,,,sfx,0x017,0.6874,,,,
0x013,,,sfx,0x018,0.598,,,,
0x014,,,sfx,0x019,1.22,,25,,
0x015,,,sfx,0x011,0.1267,,,,
0x016,tilt warning sound,"observed: tilt bob, warning",sfx,0x012,1.1196,tilt_warning:1 tilt_warning_2:1,25,,0x1da8c FUN_0001da8c
0x017,tilt sound,observed: tilt,sfx,0x00c,1.3332,tilt:1,38,,0x1db40 tilt
0x018,,,sfx,0x014,2.5173,,,0x1d534 FUN_0001d534,
0x019,,,sfx,0x015,0.1083,,,0x19420 FUN_00019420,
0x01a,"music: choose your side, Autobot selected",code: music table entry 0x34cd4 (deff 40); observed after a flipper press,music,0x28b,8.3074,press_left:1,,,0x178b0 FUN_000178b0
0x01b,"music: choose your side, Decepticon selected",code: music table entry 0x34cd4 (deff 40); observed at game start,music,0x289,9.999,unmarked:4 start:1,,,0x178b0 FUN_000178b0
0x01c,"music: ball start, Autobot",code: music table entry 0x34cd4 (deff 19),music,0x28a,7.3775,plunge:1,,,0x178b0 FUN_000178b0
0x01d,"music: ball start, Decepticon",code: music table entry 0x34cd4 (deff 19); observed at each ball start,music,0x288,7.995,unmarked:4 ball_search:1 plunge:1 after_tilt:1 game_over:1,,,0x178b0 FUN_000178b0
0x01e,"music: main play, Autobot",code: music table fallback entry 0x34cec (deff 19),music,0x298,44.3105,,,0x1006054 FUN_01006054,
0x01f,"music: main play, Decepticon",code: music table fallback entry 0x34cec; observed after the first award or ball save,music,0x299,32.0018,unmarked:1 pops:1 play:1 drain_ball2:1 sw_2:1 sw_50:1,,,0x178b0 FUN_000178b0
0x020,"music: end of ball bonus, Decepticon",observed in deff 25 (bonus); code: 0x21 when Autobot,music,0x286,7.3137,unmarked:1 ball_search:1 game_over:1,25,,0x1000ffc FUN_01000ffc
0x021,"music: end of ball bonus, Autobot","code: deff 25 plays 0x21 when the side is Autobot, 0x20 otherwise",music,0x287,9.6988,,,,
0x022,,,sfx,0x00c,1.3332,unmarked:1 ball_search:1 game_over:1,25,0x10014b8 deff_025_bonus,0x10014b8 deff_025_bonus
0x023,,,music,0x290,30.8586,,,0x100820c deff_038,
0x024,,,music,0x28f,31.1856,,,0x1006138 FUN_01006138,
0x025,,,music,0x28e,34.2865,,,,
0x026,,,music,0x283,22.4501,,,,
0x027,,,music,0x28d,20.5714,,,,
0x028,,,music,0x295,29.4914,,,,
0x029,,,music,0x285,21.4941,,,,
0x02a,,,music,0x297,22.154,sw_14:1,,,0x178b0 FUN_000178b0
0x02b,,,music,0x291,32.5294,,,,
0x02c,,,music,0x29a,18.9922,,,,
0x02d,,,music,0x296,22.6741,,,,
0x02e,,,music,0x293,31.9978,,,,
0x02f,,,music,0x290,30.8586,,,,
0x030,,,sfx,0x00c,1.3332,,,,
0x031,"music: battle ready, Autobot","code: music table, replaces 0x1c/0x1e when the battle can progress",music,0x28c,18.0452,,,,
0x032,,,music,0x294,31.3861,,,,
0x033,,,sfx,0x00c,1.3332,,,,
0x034,"music: battle ready, Decepticon","code: music table, replaces 0x1d/0x1f when the battle can progress",music,0x284,19.5737,,,,
0x035,,,music,0x294,31.3861,,,,
0x036,,,sfx,0x00c,1.3332,,,,
0x037,,,sfx,0x00c,1.3332,,,,
0x038,,,music,0x292,37.1039,,,,
0x039,,,sfx,0x00c,1.3332,,,,
0x03a,,,sfx,0x00c,1.3332,,41,,
0x03b,,,music,0x292,37.1039,,,,
0x03c,,,music,0x29b,31.1856,,26,,
0x03d,,,music,0x29b,31.1856,,26,,
0x03e,,,sfx,0x0af,2.1172,,,,
0x03f,,,sfx,0x0e9,1.0795,,,,
0x040,,,speech,0x1ca,2.4962,,54,,
0x041,,,speech,0x1c0,4.1044,,,,
0x042,coin inserted,observed: every coin,sfx,0x0e6,0.9955,unmarked:12 coin:1 start:3,55,,0x1005d4c FUN_01005d4c
0x043,credit added,observed: on the coin that completes a credit,sfx,0x0e7,3.0253,unmarked:4 start:1,,,0x1005d4c FUN_01005d4c
0x044,,,sfx,0x0e7,3.0253,,28 29,,
0x045,,,speech,0x15c,0.8127,,,0x1005f00 FUN_01005f00,
0x046,,,sfx,0x00c,1.3332,,30,,
0x047,,,sfx,0x00c,1.3332,,,,
0x048,,,speech,0x202 0x202 0x203 0x204,1.222 1.222 1.4672 1.4748,,,,
0x049,,,sfx,0x00c,1.3332,,38,,
0x04a,,,speech,0x205,1.3225,,,,
0x04b,,,sfx,0x00c,1.3332,,,0x1006138 FUN_01006138,
0x04c,,,sfx,0x00c,1.3332,,,,
0x04d,,,sfx,0x00c,1.3332,,25,,
0x04e,,,sfx,0x00c,1.3332,,25,,
0x04f,,,sfx,0x00c,1.3332,,25,,
0x050,,,sfx,0x00c,1.3332,,,,
0x051,,,sfx,0x00c,1.3332,,,,
0x052,"tilt warning, second sound",observed: 0.5 s after 0x016,sfx,0x00c,1.3332,tilt_warning:1 tilt_warning_2:1,,,0x14f1c FUN_00014f1c
0x053,tilt speech,observed: 1 s after 0x017,speech,0x1c1,2.8213,tilt:1,,,0x14f1c FUN_00014f1c
0x054,,,sfx,0x00c,1.3332,,,,
0x055,,,sfx,0x00c,1.3332,,,,
0x056,ball launched from the shooter lane,observed on every plunge and auto launch,sfx,0x08e 0x08f,3.0824 3.2478,unmarked:6 plunge:2 ball2:1 drain_ball2:1,,0x1032dfc FUN_01032dfc,0x1032dfc FUN_01032dfc
0x057,side confirmed: Autobot,code: deff 41,speech,0x1a6 0x265 0x1ef,1.0304 1.7 2.843,plunge:1,41,,0x1034424 deff_041_decepticon
0x058,side confirmed: Decepticon,code: deff 41; observed,speech,0x138 0x140 0x159 0x15a,1.7299 3.2625 2.6703 3.158,unmarked:3 plunge:1,41,,0x1034424 deff_041_decepticon
0x059,,,sfx,0x06d,1.8938,sw_25:1,44,0x102de6c deff_044,0x102de6c deff_044
0x05a,,,speech,0x1f5,1.7857,sw_25:1,44 61,0x102de6c deff_044,0x102de6c deff_044
0x05b,,,sfx,0x09d,3.3786,sw_51:1,50,0x1023c5c deff_050,0x1023c5c deff_050
0x05c,,,sfx,0x00c,1.3332,sw_51:1,50,0x1023c5c deff_050,0x1023c5c deff_050
0x05d,,,sfx,0x00c,1.3332,,57,0x1023c5c deff_050,
0x05e,"ball saved, first sound",observed in deff 20 (ball saved),sfx,0x00c,1.3332,unmarked:1 drain_ball2:1,20,0x1007fa0 deff_020_ball_saved,0x1007fa0 deff_020_ball_saved
0x05f,ball saved speech,observed in deff 20 (ball saved),speech,0x23b,3.6,unmarked:1 drain_ball2:1,20,0x1007fa0 deff_020_ball_saved,0x1007fa0 deff_020_ball_saved
0x060,,,sfx,0x0b6,2.9778,,,0x1007ef4 deff_026,
0x061,,,speech,0x1d7,1.2782,,,0x1007ef4 deff_026,
0x062,,,sfx,0x048,2.5292,,,,
0x063,,,speech,0x206,1.9973,,,,
0x064,,,sfx,0x047,3.3302,,,0x1007d4c deff_054,
0x065,,,speech,0x207,1.4868,,,,
0x066,,,sfx,0x046,2.1125,,,0x1008578 deff_055_special,
0x067,,,speech,0x1d8,1.43,,,,
0x068,,,sfx,0x045,4.2364,,,0x10086e8 deff_028 | 0x100887c deff_029 | 0x1008894 deff_056,
0x069,,,speech,0x1cf,1.082,,,,
0x06a,,,speech,0x1ce,1.1903,,28,,
0x06b,,,speech,0x1d9,0.5976,,30,,
0x06c,,,speech,0x1d9,0.5976,,,,
0x06d,,,speech,0x20c,1.5482,,29,,
0x06e,,,speech,0x1d0,0.9057,,,,
0x06f,,,sfx,0x00c,1.3332,,,,
0x070,,,sfx,0x045,4.2364,,,0x10088b4 deff_030_tickets,
0x071,,,sfx,0x00c,1.3332,,,,
0x072,,,sfx,0x00c,1.3332,,,0x100820c deff_038,
0x073,,,sfx,0x00c,1.3332,,,0x100820c deff_038,
0x074,,,sfx,0x00c,1.3332,,,0x100820c deff_038,
0x075,,,sfx,0x00c,1.3332,,,,
0x076,bonus: multiplier count finished,code: deff 25,sfx,0x00c,1.3332,,,0x1000ffc FUN_01000ffc,
0x077,bonus: first value shown (1),code + observed: deff 25,sfx,0x00c,1.3332,unmarked:1 ball_search:1 game_over:1,25,0x1000ffc FUN_01000ffc,0x1000ffc FUN_01000ffc
0x078,bonus: first value shown (2),code + observed: deff 25,sfx,0x00c,1.3332,unmarked:1 ball_search:1 game_over:1,25,0x1000ffc FUN_01000ffc,0x1000ffc FUN_01000ffc
0x079,bonus: before total,code + observed: deff 25,sfx,0x00c,1.3332,unmarked:1 ball_search:1 game_over:1,25,0x1000ffc FUN_01000ffc | 0x10014b8 deff_025_bonus,0x1000ffc FUN_01000ffc
0x07a,bonus: total bonus,code + observed: deff 25,sfx,0x00c,1.3332,unmarked:1 ball_search:1 game_over:1,25,0x1000ffc FUN_01000ffc,0x1000ffc FUN_01000ffc
0x07b,,,sfx,0x00c,1.3332,,,,
0x07c,,,sfx,0x00c,1.3332,,,,
0x07d,,,sfx,0x0bf,2.4647,,57,0x10280bc deff_057,
0x07e,,,sfx,0x00c,1.3332,,,,
0x07f,,,sfx,0x064 0x065 0x062 0x063 0x060 0x061,1.8352 2.0544 1.8348 1.9421 1.8368 2.1295,,,,
0x080,,,sfx,0x0d0,1.1304,,84,,
0x081,,,sfx,0x07c,0.6973,,,,
0x082,,,sfx,0x0d4,1.187,,86,,
0x083,,,sfx,0x044,2.684,,,,
0x084,,,sfx,0x06b 0x06a 0x069 0x068 0x067 0x066,2.3367 2.1907 2.1867 3.6222 3.6331 3.6326,,,0x1028da0 deff_060,
0x085,,,sfx,0x078,3.6296,,,,
0x086,,,sfx,0x080,1.544,,,,
0x087,,,sfx,0x071,1.6267,,89,,
0x088,,,sfx,0x07e,0.5849,,,,
0x089,,,sfx,0x07d,0.7324,,89,,
0x08a,,,sfx,0x078,3.6296,,,,
0x08b,,,sfx,0x073,1.589,,89,,
0x08c,,,sfx,0x0e1,0.5801,,52,,
0x08d,,,sfx,0x0d4,1.187,,52,,
0x08e,,,sfx,0x07a,2.0,,,,
0x08f,,,sfx,0x043,3.2223,,61,0x1029014 deff_061_super_jackpot,
0x090,,,sfx,0x0b6,2.9778,,52,0x1029014 deff_061_super_jackpot,
0x091,,,sfx,0x0e3,1.6194,,,0x1029218 deff_062,
0x092,,,sfx,0x00c,1.3332,,,,
0x093,,,speech,0x137,2.8311,,,,
0x094,,,speech,0x1e3,1.0621,,,,
0x095,,,speech,0x1e4,0.8296,,,,
0x096,,,speech,0x1db,1.4746,,,,
0x097,,,speech,0x1e2,1.4846,,,,
0x098,,,speech,0x1e1,1.3108,,,,
0x099,,,speech,0x1da,1.089,,,,
0x09a,,,speech,0x1e3,1.0621,,,,
0x09b,,,speech,0x1e4,0.8296,,,,
0x09c,,,speech,0x1db,1.4746,,,,
0x09d,,,speech,0x1e2,1.4846,,,,
0x09e,,,speech,0x1e1,1.3108,,,,
0x09f,,,speech,0x1da,1.089,,,,
0x0a0,,,speech,0x1cc,0.7915,,,,
0x0a1,,,speech,0x1dc 0x1dd 0x1de,2.1209 2.7508 5.0658,,61 149,0x1029014 deff_061_super_jackpot,
0x0a2,,,sfx,0x00c,1.3332,,149,,
0x0a3,,,sfx,0x00c,1.3332,,,,
0x0a4,,,sfx,0x00c,1.3332,,63 151,0x102a1b8 deff_063,
0x0a5,,,sfx,0x064 0x065 0x062 0x063 0x060 0x061,1.8352 2.0544 1.8348 1.9421 1.8368 2.1295,,42 155,,
0x0a6,,,sfx,0x084,1.7377,,65,,
0x0a7,,,sfx,0x0e1,0.5801,,43,,
0x0a8,,,sfx,0x0d4,1.187,,,,
0x0a9,,,sfx,0x078,3.6296,,,,
0x0aa,,,sfx,0x06b 0x06a 0x069 0x068 0x067 0x066,2.3367 2.1907 2.1867 3.6222 3.6331 3.6326,,91,0x102ad30 deff_066,
0x0ab,,,sfx,0x06c,3.1585,,67,0x102af98 deff_067_super_jackpot,
0x0ac,,,sfx,0x077,3.5801,,67,,
0x0ad,,,sfx,0x078,3.6296,,67,,
0x0ae,,,sfx,0x0e3,1.6194,,,0x102b18c deff_068,
0x0af,,,sfx,0x00c,1.3332,,,,
0x0b0,,,sfx,0x00c,1.3332,,63,0x102a1b8 deff_063,
0x0b1,,,speech,0x1be 0x1c1 0x1b7 0x1b2 0x1ba 0x1c2 0x1c5,2.6471 2.8213 1.9912 3.1579 2.3917 1.4803 5.0968,,65,0x102aa70 deff_065_jackpot,
0x0b2,,,sfx,0x00c,1.3332,,,,
0x0b3,,,sfx,0x00c,1.3332,,,,
0x0b4,,,sfx,0x00c,1.3332,,92,,
0x0b5,,,sfx,0x00c,1.3332,,,,
0x0b6,,,sfx,0x00c,1.3332,,,,
0x0b7,,,sfx,0x00c,1.3332,,,,
0x0b8,,,sfx,0x00c,1.3332,,,,
0x0b9,,,sfx,0x00c,1.3332,,,,
0x0ba,,,sfx,0x00c,1.3332,,,,
0x0bb,,,sfx,0x00c,1.3332,,,,
0x0bc,,,sfx,0x00c,1.3332,,,,
0x0bd,,,sfx,0x00c,1.3332,,,,
0x0be,,,sfx,0x00c,1.3332,,,,
0x0bf,,,sfx,0x00c,1.3332,,95,,
0x0c0,,,sfx,0x00c,1.3332,,95,,
0x0c1,,,sfx,0x00c,1.3332,,,,
0x0c2,,,sfx,0x00c,1.3332,,,,
0x0c3,,,sfx,0x00c,1.3332,,,,
0x0c4,,,speech,0x21d 0x219 0x232 0x233 0x235 0x236,3.6 1.3 0.9 2.3 1.0 1.0,,,0x102ad30 deff_066,
0x0c5,,,speech,0x222 0x223,3.9 3.3,,67,0x102af98 deff_067_super_jackpot,
0x0c6,,,sfx,0x00c,1.3332,,,,
0x0c7,,,sfx,0x0d0,1.1304,,69,,
0x0c8,,,speech,0x1b9,1.222,,69 112,0x100c9e4 deff_069,
0x0c9,,,speech,0x1bb,1.5557,,69,0x100c9e4 deff_069,
0x0ca,,,sfx,0x036 0x037 0x038 0x039,1.2661 1.26 1.0092 1.4704,,,,
0x0cb,,,sfx,0x074,2.4028,,112 114,,
0x0cc,,,sfx,0x0d0,1.1304,,112 114,,
0x0cd,,,sfx,0x07a,2.0,,,,
0x0ce,,,sfx,0x072,1.6438,,,,
0x0cf,,,sfx,0x073,1.589,,,,
0x0d0,,,sfx,0x074,2.4028,,71,,
0x0d1,,,speech,0x1fe 0x1ff 0x1fa 0x1fb 0x1fc 0x1fd 0x200 0x201,1.5857 1.2292 3.0148 3.1267 2.5532 2.5686 1.9128 2.9903,,71,0x100d214 deff_071_jackpot,
0x0d2,,,sfx,0x034 0x035,1.335 1.335,,,,
0x0d3,,,sfx,0x073,1.589,,,,
0x0d4,,,sfx,0x073,1.589,,,,
0x0d5,,,sfx,0x072,1.6438,,72,,
0x0d6,,,sfx,0x07a,2.0,,,,
0x0d7,,,sfx,0x0c3,1.4234,,,,
0x0d8,,,speech,0x150 0x151 0x152 0x157 0x177 0x178 0x266,0.8157 3.679 2.4628 1.5558 1.7793 1.8432 1.9,,72,0x100d550 deff_072_double_jackpot,
0x0d9,,,sfx,0x033,3.6975,,73,0x100d7bc deff_073_super_jackpot,
0x0da,,,sfx,0x0c5,2.3785,,73 115,,
0x0db,,,sfx,0x0d4,1.187,,73 115,,
0x0dc,,,sfx,0x0a4,3.4975,,73,,
0x0dd,,,speech,0x179,3.9199,,73,,
0x0de,,,sfx,0x02c,2.9388,,74,0x100d97c deff_074_megatron,
0x0df,,,sfx,0x00c,1.3332,,,,
0x0e0,,,sfx,0x00c,1.3332,,,,
0x0e1,,,sfx,0x00c,1.3332,,,,
0x0e2,,,sfx,0x00c,1.3332,,75,0x100e890 deff_075,
0x0e3,,,speech,0x1b2,3.1579,,75,0x100e890 deff_075,
0x0e4,,,sfx,0x09f 0x0a0 0x0a1 0x0a2 0x0a3,4.1371 4.1371 4.0132 4.1492 4.1492,,,,
0x0e5,,,sfx,0x0d4,1.187,,,,
0x0e6,,,sfx,0x0d8,0.7472,,,,
0x0e7,,,sfx,0x0d5,1.187,,,,
0x0e8,,,sfx,0x073,1.589,,,,
0x0e9,,,sfx,0x074,2.4028,,,,
0x0ea,,,sfx,0x0d5,1.187,,120 122,,
0x0eb,,,sfx,0x07b,1.8016,,120,,
0x0ec,,,sfx,0x0f1,1.4933,,,,
0x0ed,,,sfx,0x07e,0.5849,,,,
0x0ee,,,sfx,0x0d7,1.2447,,,,
0x0ef,,,sfx,0x0d4,1.187,,,,
0x0f0,,,sfx,0x0d7,1.2447,,,,
0x0f1,,,sfx,0x0e1,0.5801,,,,
0x0f2,,,sfx,0x0d4,1.187,,,,
0x0f3,,,sfx,0x0d5,1.187,,77,,
0x0f4,,,speech,0x15d 0x230 0x231,3.7849 3.8 2.5,,,,
0x0f5,,,sfx speech,0x15d 0x226 0x1b4 0x1b5 0x229 0x234 0x14f 0x275 0x00c 0x00c,3.7849 2.0 1.8779 2.1305 2.1 2.1 1.5674 2.9 1.3332 1.3332,,,,
0x0f6,,,speech,0x1b6,2.4237,,,,
0x0f7,,,sfx,0x09f 0x0a0 0x0a1 0x0a2 0x0a3,4.1371 4.1371 4.0132 4.1492 4.1492,,,,
0x0f8,,,speech,0x14a,5.5961,,78,0x100f6dc deff_078_double_jackpot,
0x0f9,,,sfx,0x06c,3.1585,,,0x100f958 deff_079,
0x0fa,,,sfx,0x078,3.6296,,,,
0x0fb,,,speech,0x158,2.3627,,,,
0x0fc,,,sfx,0x02c,2.9388,,,0x100fb18 deff_080,
0x0fd,,,sfx,0x00c,1.3332,,,,
0x0fe,,,sfx,0x00c,1.3332,,,,
0x0ff,,,sfx,0x00c,1.3332,,123,,
0x100,,,sfx,0x00c,1.3332,,123,,
0x101,,,sfx,0x00c,1.3332,,,,
0x102,,,sfx,0x00c,1.3332,,,,
0x103,,,sfx,0x00c,1.3332,,,,
0x104,,,sfx,0x00c,1.3332,,,,
0x105,,,sfx,0x00c,1.3332,,,,
0x106,,,sfx,0x00c,1.3332,,,,
0x107,,,sfx,0x00c,1.3332,,,,
0x108,,,sfx,0x00c,1.3332,,126,,
0x109,,,sfx,0x00c,1.3332,,126,,
0x10a,,,sfx,0x00c,1.3332,,126,,
0x10b,,,sfx,0x00c,1.3332,,,,
0x10c,,,sfx,0x00c,1.3332,,,,
0x10d,,,sfx,0x00c,1.3332,,,,
0x10e,,,sfx,0x00c,1.3332,,,,
0x10f,,,sfx,0x00c,1.3332,,148,,
0x110,,,sfx,0x00c,1.3332,,,,
0x111,,,sfx,0x00c,1.3332,,,,
0x112,,,sfx,0x00c,1.3332,,,,
0x113,,,sfx,0x00c,1.3332,,,,
0x114,,,sfx,0x00c,1.3332,,,,
0x115,,,sfx,0x00c,1.3332,,,,
0x116,,,sfx,0x00c,1.3332,,,,
0x117,,,sfx,0x00c,1.3332,,,,
0x118,,,sfx,0x00c,1.3332,,,,
0x119,,,speech,0x1a6,1.0304,,,,
0x11a,,,speech,0x255,4.2,,81,,
0x11b,,,sfx,0x05e,3.5128,,83,0x1011750 deff_083_soundwave,
0x11c,,,sfx,0x00c,1.3332,,83,,
0x11d,,,sfx,0x00c,1.3332,,,,
0x11e,,,speech,0x238,1.8,,,,
0x11f,,,speech,0x217,1.3703,,131,,
0x120,,,speech,0x23a,1.3,,131,,
0x121,,,speech,0x239,1.8,,132,,
0x122,,,sfx,0x00c,1.3332,,,,
0x123,,,sfx,0x00c,1.3332,,,,
0x124,,,speech,0x20d,1.2752,,138,0x1011530 FUN_01011530,
0x125,,,speech,0x20a,1.1797,,,,
0x126,,,speech,0x209,2.0885,,,0x10115f8 FUN_010115f8,
0x127,,,speech,0x1d6,0.649,,,0x10116dc FUN_010116dc,
0x128,,,sfx,0x05f,3.5128,,,0x1011a54 deff_084_all_hail_megatron,
0x129,,,sfx,0x00c,1.3332,,,,
0x12a,,,speech,0x256,3.7,,84,,
0x12b,,,speech,0x264,6.14,,,,
0x12c,,,sfx,0x0e3,1.6194,,85,0x1011d88 deff_085_all_hail_megatron,
0x12d,,,sfx,0x05e,3.5128,,86,0x10369b0 deff_086_battle,
0x12e,,,speech,0x270,1.9,,86,0x10369b0 deff_086_battle,
0x12f,,,speech,0x278,1.3,,,,
0x130,,,speech,0x26b,1.8,,,0x10369b0 deff_086_battle,
0x131,,,sfx,0x05f,3.5128,,,0x1037258 deff_088,
0x132,,,speech,0x274 0x262 0x26c 0x27b 0x271 0x282,3.7 2.1 2.1133 2.6 2.3587 1.8505,,,,
0x133,,,speech,0x26d,2.6,,,,
0x134,,,speech,0x26f 0x27d 0x274 0x27c 0x27b 0x26e,2.5 1.2 3.7 1.4 2.6 1.3,,,,
0x135,,,sfx,0x00c,1.3332,,,0x10374dc deff_089_super_wizard,
0x136,,,speech,0x263,4.0573,,,0x10374dc deff_089_super_wizard,
0x137,,,speech,0x276,4.324,,,0x10374dc deff_089_super_wizard,
0x138,,,speech,0x251,2.2,,,0x10374dc deff_089_super_wizard,
0x139,,,speech,0x277,2.4,,,0x10374dc deff_089_super_wizard,
0x13a,,,sfx,0x0e3,1.6194,,,0x10377a4 deff_090,
0x13b,,,sfx,0x06f,0.7503,,,0x100a3b8 FUN_0100a3b8,
0x13c,,,sfx,0x0bf,2.4647,,,0x100a3b8 FUN_0100a3b8,
0x13d,,,sfx,0x097 0x098 0x099,2.936 2.936 2.936,,,0x100a3b8 FUN_0100a3b8,
0x13e,,,sfx,0x08d,3.9293,sw_49:1,125,0x1024080 deff_051 | 0x1031038 deff_125,0x1031038 deff_125
0x13f,,,speech,0x17f 0x180 0x181 0x182 0x183,1.6343 1.5822 1.5749 1.5764 1.7716,sw_49:1,125,0x1024080 deff_051 | 0x1031038 deff_125,0x1031038 deff_125
0x140,,,sfx,0x02e,2.2276,eject:1,52,0x1024524 deff_052_special,0x1024524 deff_052_special
0x141,,,sfx,0x02d,2.9452,eject:1,52,0x1024524 deff_052_special,0x1024524 deff_052_special
0x142,,,sfx,0x00c,1.3332,,,0x1024524 deff_052_special,
0x143,,,sfx,0x00c,1.3332,,,0x1024524 deff_052_special,
0x144,,,sfx,0x00c,1.3332,eject:1,52,0x1024524 deff_052_special,0x1024524 deff_052_special
0x145,,,speech,0x184 0x10f 0x110 0x113 0x114 0x117,4.3189 1.9551 3.6732 2.1418 1.8793 2.5057,eject:1 flippers:1,,,0x25250 FUN_00025250
0x146,,,speech,0x111 0x112,1.3341 0.791,,,,
0x147,,,speech,0x115 0x116,2.026 1.5385,,,,
0x148,,,speech,0x1ca 0x123 0x10d 0x10e 0x129 0x124 0x125 0x126 0x128,2.4962 6.3939 3.355 3.1895 6.4253 2.9323 2.1338 2.3676 2.9813,,,,
0x149,,,speech,0x1ca 0x118 0x119 0x11a 0x11b 0x11c 0x11d,2.4962 3.9796 2.4669 2.1949 1.9365 5.9858 2.9519,,,,
0x14a,,,speech,0x10c 0x109 0x19e 0x19f 0x1a0 0x1a1,2.0848 2.8597 3.9737 2.5649 2.5615 2.711,,,,
0x14b,,,speech,0x10a,1.4785,,,,
0x14c,,,speech,0x106 0x107 0x1a2 0x1a3 0x1a4 0x1a5,2.4186 2.2553 3.7153 8.9398 2.6762 4.9052,,,,
0x14d,,,speech,0x118 0x119 0x11a 0x11b 0x11c 0x11d,3.9796 2.4669 2.1949 1.9365 5.9858 2.9519,sw_11_again:1 sw_12:31 sw_13:1,,,0x25250 FUN_00025250
0x14e,,,speech,0x273 0x280 0x27e 0x272 0x27f 0x27a 0x279,2.5 6.1746 2.5574 4.0547 5.2 5.4078 3.032,,,,
0x14f,,,sfx,0x00c,1.3332,,,,
0x150,,,sfx,0x00c,1.3332,,,,
0x151,,,sfx,0x00c,1.3332,,,,
0x152,,,sfx,0x00c,1.3332,,,,
0x153,,,sfx,0x00c,1.3332,,,,
0x154,,,sfx,0x00c,1.3332,,,,
0x155,,,sfx,0x00c,1.3332,,,,
0x156,,,sfx,0x00c,1.3332,,,,
0x157,,,sfx,0x0c7,2.977,eject:2,,0x100a788 FUN_0100a788,0x100a788 FUN_0100a788
0x158,,,sfx,0x0c6,1.6709,eject:2,,0x100a788 FUN_0100a788,0x100a788 FUN_0100a788
0x159,,,sfx,0x0da 0x0dc 0x0dd 0x0de 0x0df 0x0e0 0x0e1 0x0e2,0.662 0.9692 0.3568 0.5574 0.4801 0.7695 0.5801 2.3595,plunge:1,,,0x1033104 FUN_01033104
0x15a,slingshot,observed: switches 26 and 27,sfx,0x02a 0x02b,1.0155 0.8793,unmarked:3 slings:2 play:1 ball2:1 ball3:1 sw_26:1 sw_26_again:1 sw_27:1 sw_27_again:1,,,0x1033104 FUN_01033104 | 0x10331a4 FUN_010331a4
0x15b,,,sfx,0x0d4 0x0d6 0x0d7 0x0d8 0x0d9,1.187 1.7898 1.2447 0.7472 1.989,,,0x102c804 FUN_0102c804 | 0x102c8c8 FUN_0102c8c8,
0x15c,pop bumper,observed: switches 30-32,sfx,0x029 0x025,1.7757 1.8493,unmarked:3 pops:3 play:1 sw_30:1 sw_30_again:1 sw_31:1 sw_31_again:1 sw_32:1 sw_32_again:1,,0x102c804 FUN_0102c804 | 0x102c8c8 FUN_0102c8c8,0x102c804 FUN_0102c804
0x15d,,,sfx,0x092 0x096 0x095 0x094 0x093,0.5958 0.7308 0.8054 0.6944 0.7186,,,0x102c804 FUN_0102c804 | 0x102c8c8 FUN_0102c8c8,
0x15e,,,sfx,0x00c,1.3332,,47,0x102c678 deff_047_pops_grow,
0x15f,,,sfx,0x00c,1.3332,,,,
0x160,,,sfx,0x00c,1.3332,,,,
0x161,,,sfx,0x0c2 0x0c1 0x0c0,1.4474 1.4517 1.4411,eject:1,149,0x102d3e0 deff_149_super,0x102d3e0 deff_149_super
0x162,,,speech,0x24f,1.8186,eject:1,149,0x102d3e0 deff_149_super,0x102d3e0 deff_149_super
0x163,,,sfx,0x0c2,1.4474,,,0x102c8c8 FUN_0102c8c8,
0x164,,,sfx,0x09e,2.754,,,0x102d950 deff_151_super_pop_bumpers,
0x165,,,sfx,0x091,3.4103,,,0x10071a8 deff_155_nice_to | 0x1031aa4 deff_042_hands_free,
0x166,,,sfx,0x00c,1.3332,,,,
0x167,,,sfx,0x049,2.4587,,,0x1031d8c deff_043_super_skill_shot,
0x168,,,sfx,0x00c,1.3332,sw_24_again:1,,0x102db28 FUN_0102db28,0x102db28 FUN_0102db28
0x169,ball saved sound,observed: drain under ball save,sfx,0x0c9 0x0ca,1.4246 0.9985,unmarked:1 ball_search:1 drain_ball2:1 sw_8:1 sw_8_again:1 sw_24:1 sw_25_again:1,,0x102db28 FUN_0102db28,0x102db28 FUN_0102db28
0x16a,,,sfx,0x0c8,1.2886,sw_25:1,,0x102db28 FUN_0102db28,0x102db28 FUN_0102db28
0x16b,,,sfx,0x00c,1.3332,,,,
0x16c,,,sfx,0x06e,1.2472,sw_28_again:1,,0x102e208 FUN_0102e208,0x102e208 FUN_0102e208
0x16d,drain (ball lost),observed: drain with no ball save,sfx,0x0e5,1.3913,unmarked:1 drain_ball3:1 sw_7:1 sw_7_again:1 sw_28:1 sw_29_again:1,,0x102e208 FUN_0102e208,0x102e208 FUN_0102e208
0x16e,,,sfx,0x00c,1.3332,sw_29:1,,0x102e208 FUN_0102e208,0x102e208 FUN_0102e208
0x16f,,,sfx,0x00c,1.3332,,,,
0x170,,,sfx,0x0cb 0x0cc 0x0a7 0x0a8 0x0ac,3.5715 4.495 3.164 1.8568 2.2263,,,0x1022608 deff_091_0_more,
0x171,,,sfx,0x0cb 0x0cc,3.5715 4.495,,,0x1022608 deff_091_0_more,
0x172,,,sfx,0x0e4,5.3735,play:1 sw_5:1 sw_10:1 sw_12_again:1,91,0x1022608 deff_091_0_more,0x1022608 deff_091_0_more
0x173,,,sfx,0x023 0x024,2.5215 4.0007,optimus:1,91,0x1022608 deff_091_0_more,0x1022608 deff_091_0_more
0x174,,,sfx,0x0eb 0x0ec 0x0ed 0x0ee,2.9713 1.6424 4.9252 4.0058,,,0x1022608 deff_091_0_more,
0x175,,,sfx,0x026 0x027 0x028,3.6912 2.9537 4.2173,,,0x1022608 deff_091_0_more,
0x176,,,sfx,0x022,3.6643,,,0x1022608 deff_091_0_more,
0x177,,,sfx,0x020 0x021,3.5047 4.3137,,,0x1022608 deff_091_0_more,
0x178,,,sfx,0x00c,1.3332,,,,
0x179,,,sfx,0x00c,1.3332,,,,
0x17a,,,sfx,0x00c,1.3332,,,,
0x17b,,,sfx,0x00c,1.3332,,,,
0x17c,,,sfx,0x00c,1.3332,,,,
0x17d,,,sfx,0x00c,1.3332,,112 116 120,0x1013628 deff_120_ratchet | 0x101a104 deff_116_mudflap | 0x101be20 deff_112_ironhide,
0x17e,,,sfx,0x00c,1.3332,,,,
0x17f,,,sfx,0x0a9,5.3103,,92,0x10185e0 deff_092_starscream,
0x180,,,speech,0x21c,1.3589,,,0x10185e0 deff_092_starscream,
0x181,,,sfx,0x01e 0x01f,1.8048 2.182,,,,
0x182,,,sfx,0x0ab,2.2263,,,0x1017f64 FUN_01017f64,
0x183,,,sfx,0x0a9,5.3103,,,0x101802c FUN_0101802c,
0x184,,,sfx,0x0d2,2.4393,,,0x101802c FUN_0101802c,
0x185,,,sfx,0x0a6,1.8568,,,0x1018148 FUN_01018148 | 0x1018210 FUN_01018210 | 0x1018404 FUN_01018404 | 0x10184e4 FUN_010184e4,
0x186,,,sfx,0x0d5,1.187,,,0x1018210 FUN_01018210,
0x187,,,sfx,0x0db,0.662,,,0x1018210 FUN_01018210,
0x188,,,sfx,0x0d6,1.7898,,,0x1018210 FUN_01018210 | 0x1018404 FUN_01018404,
0x189,,,sfx,0x0aa,3.5058,,,0x1018334 FUN_01018334,
0x18a,,,sfx,0x0a5,3.164,,,0x1018334 FUN_01018334 | 0x10184e4 FUN_010184e4,
0x18b,,,sfx,0x0ef,1.4933,,,0x10184e4 FUN_010184e4,
0x18c,,,sfx,0x0f4,1.7439,,,0x1017e78 FUN_01017e78,
0x18d,,,sfx,0x0a5,3.164,,,0x1017e78 FUN_01017e78,
0x18e,,,speech,0x21e 0x20f 0x23c 0x242 0x211 0x21f 0x210 0x22f 0x240 0x23d 0x23e 0x23f 0x241 0x243,5.1 3.6907 3.68 1.5893 4.6613 5.5 4.3627 7.7 0.93 2.0734 2.0907 1.056 0.9653 1.3578,,,,
0x18f,,,speech,0x21c,1.3589,,,0x10189a8 deff_094,
0x190,,,speech,0x21a,1.1298,,,,
0x191,,,sfx,0x090,3.4325,,,0x1018d38 deff_095_starscream,
0x192,,,speech,0x17a,7.8833,,,,
0x193,,,sfx,0x0b0,2.0042,,,0x101f274 deff_096,
0x194,,,speech,0x221,1.6,,,0x101f274 deff_096,
0x195,,,sfx,0x055,1.8828,,,,
0x196,,,sfx,0x0d2,2.4393,,,0x101e9ec FUN_0101e9ec,
0x197,,,sfx,0x0a4,3.4975,,,0x101eab4 FUN_0101eab4 | 0x101ec58 FUN_0101ec58,
0x198,,,sfx,0x07c,0.6973,,,0x101eab4 FUN_0101eab4 | 0x101ec58 FUN_0101ec58,
0x199,,,sfx,0x0d3,1.2652,,,,
0x19a,,,sfx,0x0a4,3.4975,,,,
0x19b,,,sfx,0x07c,0.6973,,,,
0x19c,,,sfx,0x0d5,1.187,,,,
0x19d,,,sfx,0x0a4,3.4975,,,0x101ed44 FUN_0101ed44,
0x19e,,,sfx,0x076,1.8437,,,,
0x19f,,,sfx,0x00c,1.3332,,,,
0x1a0,,,sfx,0x00c,1.3332,,,,
0x1a1,,,sfx,0x00c,1.3332,,,,
0x1a2,,,sfx,0x0d1,0.907,,,0x101f184 FUN_0101f184,
0x1a3,,,sfx,0x0d2,2.4393,,,0x101f184 FUN_0101f184,
0x1a4,,,speech,0x250 0x259 0x25d 0x261 0x25f 0x25a 0x25c 0x25e 0x25b 0x260 0x281,1.5 2.0 2.9 2.1 1.0 2.4533 3.6 2.4 1.2 2.0 1.2,,,,
0x1a5,,,sfx,0x090,3.4325,,,,
0x1a6,,,speech,0x221,1.6,,,0x101f6c8 deff_098,
0x1a7,,,speech,0x21a,1.1298,,,,
0x1a8,,,sfx,0x090,3.4325,,99,0x101fa48 deff_099_shockwave,
0x1a9,,,sfx,0x0ad,3.3447,sw_14:1,100,0x101d768 deff_100_blackout,0x101d768 deff_100_blackout
0x1aa,,,speech,0x23a,1.3,sw_14_again:1,100,0x101d768 deff_100_blackout,0x101d768 deff_100_blackout
0x1ab,,,sfx,0x09a,1.6158,,,,
0x1ac,,,sfx,0x0ad,3.3447,,,0x101cef8 FUN_0101cef8,
0x1ad,,,sfx,0x087,2.8829,,,0x101cef8 FUN_0101cef8,
0x1ae,,,sfx,0x085,2.334,,,0x101cfd8 FUN_0101cfd8,
0x1af,,,sfx,0x0f5,1.7813,,,0x101cfd8 FUN_0101cfd8,
0x1b0,,,speech,0x196 0x19a,1.9331 1.9622,,,,
0x1b1,,,speech,0x198,1.6661,,,0x101d0c8 FUN_0101d0c8,
0x1b2,,,speech,0x199,1.2888,,,0x101d0c8 FUN_0101d0c8,
0x1b3,,,sfx,0x0d7,1.2447,,,0x101d210 FUN_0101d210,
0x1b4,,,sfx,0x0df,0.4801,,,0x101d210 FUN_0101d210,
0x1b5,,,sfx,0x0d9,1.989,,,0x101d210 FUN_0101d210,
0x1b6,,,sfx,0x0d4,1.187,,,,
0x1b7,,,speech,0x197,3.1347,,,,
0x1b8,,,sfx,0x0d6,1.7898,,,,
0x1b9,,,sfx,0x0c3,1.4234,,,,
0x1ba,,,sfx,0x0d9,1.989,,,,
0x1bb,,,sfx,0x0e4,5.3735,,,,
0x1bc,,,speech,0x185 0x186 0x189,3.9591 4.5396 2.4091,,,,
0x1bd,,,sfx,0x0e4,5.3735,,,0x101d43c FUN_0101d43c,
0x1be,,,speech,0x18e,3.2393,,,,
0x1bf,,,sfx,0x0e4,5.3735,,,0x101d504 FUN_0101d504,
0x1c0,,,sfx,0x0cb,3.5715,,,0x101d504 FUN_0101d504,
0x1c1,,,speech,0x188 0x18b 0x193,3.6166 3.2363 3.4308,,,,
0x1c2,,,sfx,0x0e4,5.3735,sw_14:1,100 102,0x101d380 FUN_0101d380 | 0x101d5dc FUN_0101d5dc,0x101d5dc FUN_0101d5dc
0x1c3,,,speech,0x185 0x186 0x188 0x18a 0x18c 0x18e 0x193 0x194 0x196 0x197,3.9591 4.5396 3.6166 4.4118 0.685 3.2393 3.4308 2.8793 1.9331 3.1347,,,,
0x1c4,,,sfx speech,0x00c 0x187 0x189 0x18b 0x18d 0x00c 0x00c 0x195 0x19a 0x00c,1.3332 2.8155 2.4091 3.2363 1.0623 1.3332 1.3332 2.5775 1.9622 1.3332,,,,
0x1c5,,,speech,0x18f 0x190 0x191 0x192,1.1437 1.1987 0.4732 0.9433,,,,
0x1c6,,,sfx,0x0a4,3.4975,,,0x101d0c8 FUN_0101d0c8,
0x1c7,,,sfx,0x0b3,1.0861,,,0x101d0c8 FUN_0101d0c8,
0x1c8,,,sfx,0x0b2,0.8196,,,0x101d0c8 FUN_0101d0c8,
0x1c9,,,speech,0x23a,1.3,,,0x101dc18 deff_102,
0x1ca,,,speech,0x21a,1.1298,,,,
0x1cb,,,sfx,0x090,3.4325,sw_51_again:1,103,0x101dfb4 deff_103_blackout,0x101dfb4 deff_103_blackout
0x1cc,,,sfx,0x00c,1.3332,sw_51_again:1,99 103,,0x14f1c FUN_00014f1c
0x1cd,,,sfx,0x0b1,3.9424,,104,0x1016c24 deff_104_devastator,
0x1ce,,,sfx,0x0be,1.2179,,104,,
0x1cf,,,speech,0x239,1.8,,104,0x1016c24 deff_104_devastator,
0x1d0,,,speech,0x15e,1.6835,,104,,
0x1d1,,,sfx,0x04a 0x04b 0x04c 0x04d,1.4469 1.4469 1.4469 1.4469,,,,
0x1d2,,,sfx,0x087,2.8829,,,,
0x1d3,,,sfx,0x086,2.3355,,,,
0x1d4,,,sfx,0x085,2.334,,,,
0x1d5,,,sfx,0x084,1.7377,,,,
0x1d6,,,sfx,0x083,2.5243,,,,
0x1d7,,,sfx,0x082,2.7575,,,,
0x1d8,,,sfx,0x081,2.8827,,,0x101637c FUN_0101637c,
0x1d9,,,sfx,0x07f,2.6825,,,0x101637c FUN_0101637c,
0x1da,,,sfx,0x079,2.7863,,,0x1016534 FUN_01016534,
0x1db,,,sfx,0x0d0,1.1304,,,0x1016534 FUN_01016534,
0x1dc,,,sfx,0x0d0,1.1304,,,0x1016624 FUN_01016624 | 0x10166ec FUN_010166ec,
0x1dd,,,sfx,0x0d0,1.1304,,,0x10167c8 FUN_010167c8,
0x1de,,,sfx,0x0d0,1.1304,,,0x10168c8 FUN_010168c8,
0x1df,,,sfx,0x0d0,1.1304,,,0x10169c8 FUN_010169c8,
0x1e0,,,sfx,0x0d0,1.1304,,,0x1016a90 FUN_01016a90,
0x1e1,,,sfx,0x0d0,1.1304,,,0x1016b54 FUN_01016b54,
0x1e2,,,sfx,0x079,2.7863,,,,
0x1e3,,,speech,0x1b3 0x16d 0x16e 0x16c 0x16f 0x0f7 0x0f6 0x171 0x172 0x175,1.7648 3.4308 4.3422 4.0287 8.1619 5.0566 3.4611 2.0318 3.3176 3.3815,,,,
0x1e4,,,sfx speech,0x00c 0x00c 0x00c 0x00c 0x00c 0x170 0x00c 0x00c 0x173 0x176,1.3332 1.3332 1.3332 1.3332 1.3332 1.2336 1.3332 1.3332 3.6659 1.817,,,,
0x1e5,,,speech,0x239,1.8,,,0x10170b8 deff_106,
0x1e6,,,speech,0x21a,1.1298,,,,
0x1e7,,,sfx,0x090,3.4325,,107,0x1017460 deff_107_devastator,
0x1e8,,,sfx,0x00c,1.3332,,,,
0x1e9,,,sfx,0x0e8,1.1175,,110,,
0x1ea,,,sfx,0x0ec,1.6424,,110,,
0x1eb,,,sfx,0x0ec,1.6424,,110,,
0x1ec,,,sfx,0x0f2,1.4899,,110,,
0x1ed,,,speech,0x20d,1.2752,,,0x101504c deff_108,
0x1ee,,,sfx,0x03d 0x041 0x040 0x03f 0x03e,1.3346 1.3215 1.3225 1.3225 1.3225,,,,
0x1ef,,,sfx,0x0e8 0x0e9 0x0ea,1.1175 1.0795 2.5199,,,,
0x1f0,,,sfx,0x0eb,2.9713,,,0x1014b30 FUN_01014b30 | 0x1014e98 FUN_01014e98,
0x1f1,,,sfx,0x0ea,2.5199,,,0x1014b30 FUN_01014b30,
0x1f2,,,speech,0x19c,2.3453,,,0x1014b30 FUN_01014b30,
0x1f3,,,speech,0x19d,2.6413,,,,
0x1f4,,,sfx,0x0ec,1.6424,,,0x1014c28 FUN_01014c28 | 0x1014e98 FUN_01014e98,
0x1f5,,,sfx,0x0ed,4.9252,,,0x1014cec FUN_01014cec,
0x1f6,,,sfx,0x0e8,1.1175,,,0x1014cec FUN_01014cec,
0x1f7,,,sfx,0x0a4,3.4975,,,0x1014dd0 FUN_01014dd0,
0x1f8,,,sfx,0x0d0,1.1304,,,0x1014e98 FUN_01014e98,
0x1f9,,,sfx,0x0ee,4.0058,,,0x1014f84 FUN_01014f84,
0x1fa,,,,,,,,,
0x1fb,,,sfx,0x0f5,1.7813,,,0x1014a5c FUN_01014a5c,
0x1fc,,,speech,0x20d,1.2752,,,0x101555c deff_110,
0x1fd,,,speech,0x1cb,1.0639,,,,
0x1fe,,,sfx,0x09e,2.754,,,0x10158a4 deff_111,
0x1ff,,,sfx,0x00c,1.3332,,,,
0x200,,,speech,0x20a,1.1797,,,0x101be20 deff_112_ironhide,
0x201,,,sfx,0x0c2 0x0c1 0x0c0,1.4474 1.4517 1.4411,,,,
0x202,,,sfx,0x0e9,1.0795,,,0x101b3dc FUN_0101b3dc,
0x203,,,sfx,0x0f5,1.7813,,,0x101b4b0 FUN_0101b4b0,
0x204,,,sfx,0x0bf,2.4647,,,0x101b4b0 FUN_0101b4b0,
0x205,,,sfx,0x0e9,1.0795,,,0x101b584 FUN_0101b584,
0x206,,,sfx,0x0a4,3.4975,,,0x101b64c FUN_0101b64c,
0x207,,,sfx,0x0f5,1.7813,,,0x101b64c FUN_0101b64c,
0x208,,,sfx,0x087,2.8829,,,0x101b64c FUN_0101b64c,
0x209,,,sfx,0x0e9,1.0795,,,0x101b64c FUN_0101b64c,
0x20a,,,sfx,0x0c4,2.5151,,,0x101b7e4 FUN_0101b7e4,
0x20b,,,sfx,0x0e1,0.5801,,,0x101b95c FUN_0101b95c,
0x20c,,,sfx,0x0d4,1.187,,,0x101b95c FUN_0101b95c,
0x20d,,,sfx,0x073,1.589,,,0x101ba48 FUN_0101ba48,
0x20e,,,sfx,0x0d1,0.907,,,0x101ba48 FUN_0101ba48,
0x20f,,,sfx,0x07d,0.7324,,,0x101bb70 FUN_0101bb70,
0x210,,,sfx,0x0d0,1.1304,,,0x101bb70 FUN_0101bb70,
0x211,,,sfx,0x07a,2.0,,,0x101bc54 FUN_0101bc54,
0x212,,,sfx,0x07c,0.6973,,,0x101bc54 FUN_0101bc54,
0x213,,,sfx,0x080,1.544,,,0x101bd44 FUN_0101bd44,
0x214,,,sfx speech,0x244 0x246 0x247 0x254 0x245 0x00c 0x00c 0x248 0x253 0x252,2.0716 3.4862 2.3893 4.6 2.5973 1.3332 1.3332 3.2 1.8 1.0,,,,
0x215,,,sfx,0x056,0.9092,,,,
0x216,,,speech,0x20a,1.1797,,,0x101c208 deff_114,
0x217,,,speech,0x1cb,1.0639,,,,
0x218,,,sfx,0x09e,2.754,,,0x101c590 deff_115_ironhide,
0x219,,,sfx,0x00c,1.3332,,,,
0x21a,,,sfx,0x075,1.7706,,116,,
0x21b,,,speech,0x209,2.0885,,116,0x101a104 deff_116_mudflap,
0x21c,,,sfx,0x03a 0x03c,1.3857 1.3863,,,,
0x21d,,,sfx,0x07e,0.5849,,,0x1019720 FUN_01019720,
0x21e,,,sfx,0x0d8,0.7472,,,0x1019720 FUN_01019720,
0x21f,,,sfx,0x0d4,1.187,,,0x1019848 FUN_01019848,
0x220,,,sfx,0x0b5,0.5771,,,0x101991c FUN_0101991c,
0x221,,,sfx,0x07e,0.5849,,,0x1019a4c FUN_01019a4c,
0x222,,,sfx,0x0b4,0.8285,,,0x1019b20 FUN_01019b20,
0x223,,,sfx,0x079,2.7863,,,0x1019b20 FUN_01019b20,
0x224,,,sfx,0x07c,0.6973,,,0x1019c04 FUN_01019c04,
0x225,,,sfx,0x0d0,1.1304,,,0x1019c04 FUN_01019c04,
0x226,,,sfx,0x0e1,0.5801,,,0x1019ce0 FUN_01019ce0,
0x227,,,sfx,0x0e1,0.5801,,,0x1019dd0 FUN_01019dd0,
0x228,,,sfx,0x076,1.8437,,,0x1019dd0 FUN_01019dd0,
0x229,,,sfx,0x05b,1.2181,,,0x1019f10 FUN_01019f10,
0x22a,,,sfx,0x05d,1.2183,,,0x1019f10 FUN_01019f10,
0x22b,,,sfx,0x07e,0.5849,,,0x1019f10 FUN_01019f10,
0x22c,,,sfx,0x0d0,1.1304,,,0x101a020 FUN_0101a020,
0x22d,,,sfx,0x07d,0.7324,,,0x101a020 FUN_0101a020,
0x22e,,,speech,0x166 0x167 0x163 0x15f 0x168 0x162 0x160 0x169 0x16a 0x161 0x13f,3.1115 2.4323 2.026 2.0202 1.1262 1.7488 1.1175 1.4281 2.4338 1.9012 1.6211,,,,
0x22f,,,sfx,0x0d4,1.187,,,0x1019630 FUN_01019630,
0x230,,,speech,0x209,2.0885,,,0x101a538 deff_118,
0x231,,,speech,0x1cb,1.0639,,,,
0x232,,,sfx,0x09e,2.754,,,0x101a8dc deff_119,
0x233,,,sfx,0x00c,1.3332,,,,
0x234,,,sfx,0x0c4,2.5151,,,0x1012808 FUN_01012808,
0x235,,,speech,0x208,0.9057,,,0x1013628 deff_120_ratchet,
0x236,,,sfx,0x032,2.925,,,,
0x237,,,sfx speech,0x212 0x141 0x1b8 0x213 0x258 0x00c 0x214 0x269 0x268 0x108 0x26a,1.0252 1.2163 0.6319 1.752 1.2 1.3332 2.8175 1.4 1.3 2.912 1.3,,,,
0x238,,,sfx,0x0c6,1.6709,,,0x1012978 FUN_01012978,
0x239,,,sfx,0x076,1.8437,,,0x1012a48 FUN_01012a48,
0x23a,,,sfx,0x0d4,1.187,,,0x1012a48 FUN_01012a48,
0x23b,,,sfx,0x0d6,1.7898,,,0x1012b8c FUN_01012b8c,
0x23c,,,sfx,0x0da,0.662,,,0x1012b8c FUN_01012b8c,
0x23d,,,sfx,0x076,1.8437,,,0x1012b8c FUN_01012b8c,
0x23e,,,sfx,0x0d4,1.187,,,0x1012b8c FUN_01012b8c,
0x23f,,,sfx,0x0d7,1.2447,,,0x1012d18 FUN_01012d18,
0x240,,,sfx,0x0da,0.662,,,0x1012d18 FUN_01012d18,
0x241,,,sfx,0x0d4,1.187,,,,
0x242,,,sfx,0x0e2,2.3595,,,0x1012d18 FUN_01012d18,
0x243,,,sfx,0x0d9,1.989,,,0x1012d18 FUN_01012d18,
0x244,,,sfx,0x076,1.8437,,,0x1012e80 FUN_01012e80 | 0x1012fa0 FUN_01012fa0,
0x245,,,sfx,0x0d4,1.187,,,0x1012e80 FUN_01012e80 | 0x1012fa0 FUN_01012fa0,
0x246,,,sfx,0x076,1.8437,,,0x1012fa0 FUN_01012fa0,
0x247,,,sfx,0x073,1.589,,,,
0x248,,,sfx,0x0de,0.5574,,,0x101322c FUN_0101322c,
0x249,,,sfx,0x0d5,1.187,,,0x101322c FUN_0101322c,
0x24a,,,sfx,0x0e2,2.3595,,,0x101322c FUN_0101322c,
0x24b,,,sfx,0x0de,0.5574,,,0x1013394 FUN_01013394,
0x24c,,,sfx,0x0d9,1.989,,,0x1013394 FUN_01013394,
0x24d,,,sfx,0x0df,0.4801,,,0x1013394 FUN_01013394,
0x24e,,,sfx,0x0da,0.662,,,0x1013494 FUN_01013494,
0x24f,,,sfx,0x0d6,1.7898,,,0x1013494 FUN_01013494,
0x250,,,sfx,0x0d5,1.187,,,0x1013494 FUN_01013494,
0x251,,,sfx,0x0de,0.5574,,,0x1013494 FUN_01013494,
0x252,,,sfx,0x09e,2.754,,,,
0x253,,,speech,0x208,0.9057,,,0x1013a1c deff_122,
0x254,,,speech,0x1cb,1.0639,,,,
0x255,,,sfx,0x09e,2.754,,,0x1013d9c deff_123_ratchet,
0x256,,,sfx,0x00c,1.3332,,,,
0x257,side choice: flipper toggles the side,observed: either flipper on the choose-side screen,sfx,0x00c,1.3332,press_left:1,40,0x1034198 deff_040_use_flippers_to,0x1034198 deff_040_use_flippers_to
0x258,,,sfx,0x00c,1.3332,,,,
0x259,,,sfx,0x00c,1.3332,,,,
0x25a,,,sfx,0x00c,1.3332,,,,
0x25b,,,sfx,0x00c,1.3332,,,,
0x25c,,,sfx,0x00c,1.3332,,,0x10309a4 FUN_010309a4,
0x25d,,,sfx,0x08a 0x089 0x088,0.6927 0.5727 0.5715,sw_2_again:1 sw_46_again:1,,0x10309a4 FUN_010309a4,0x10309a4 FUN_010309a4
0x25e,,,sfx,0x08b 0x08c,1.1472 1.0441,play:1 sw_2:1 sw_46:1 sw_49_again:1,,0x10309a4 FUN_010309a4,0x10309a4 FUN_010309a4
0x25f,,,sfx,0x00c,1.3332,play:1 sw_2:1,,,0x1006ae0 FUN_01006ae0
0x260,,,sfx,0x0ae,2.9956,sw_49:1,,0x10309a4 FUN_010309a4,0x10309a4 FUN_010309a4
0x261,,,sfx,0x00c,1.3332,sw_37:1 sw_37_again:1 sw_50:1,,0x102e9c0 FUN_0102e9c0,0x102e9c0 FUN_0102e9c0
0x262,,,sfx,0x0cd 0x0ce 0x0cf,1.8305 1.9201 1.7272,,,,
0x263,,,sfx,0x051 0x052 0x053 0x054,0.8229 0.8147 0.8147 0.8147,sw_50_again:1,,0x102e9c0 FUN_0102e9c0,0x102e9c0 FUN_0102e9c0
0x264,,,speech,0x132 0x133 0x134 0x135 0x136 0x139 0x13a 0x13b 0x13c 0x13d 0x13e 0x13f 0x15c 0x16b,1.1088 2.6649 1.0137 0.9586 0.6338 2.3888 1.0435 1.7006 2.9686 4.9467 3.0215 1.6211 0.8127 3.0651,,,0x102eaec deff_126_0_more,
0x265,,,sfx,0x00c,1.3332,sw_50_again:1,126,,0x1006ae0 FUN_01006ae0
0x266,,,sfx,0x0bc 0x0bb 0x0bd 0x056 0x057 0x058 0x059,1.3773 1.4269 1.3214 0.9092 0.9092 0.9092 1.0569,sw_50_again:1,126,0x102eaec deff_126_0_more,0x102eaec deff_126_0_more
0x267,,,sfx,0x00c,1.3332,,,0x10019c8 FUN_010019c8,
0x268,,,sfx,0x00c,1.3332,,,,
0x269,,,sfx,0x00c,1.3332,,,,
0x26a,,,sfx,0x00c,1.3332,,,,
0x26b,,,sfx,0x0e8 0x0e9 0x0ea,1.1175 1.0795 2.5199,unmarked:1 play:1 sw_1:1 sw_1_again:1,128,0x10023e8 deff_128,0x10023e8 deff_128
0x26c,,,sfx,0x00c,1.3332,,,,
0x26d,,,sfx,0x09b 0x09c,1.7611 1.2989,sw_34:1 sw_34_again:1,,,0x25250 FUN_00025250
0x26e,,,sfx,0x0c2 0x0c1 0x0c0,1.4474 1.4517 1.4411,,146,0x103267c deff_146_super,
0x26f,,,speech,0x24e,2.3003,,146,0x103267c deff_146_super,
0x270,,,sfx,0x0c1,1.4517,,,0x10320a4 FUN_010320a4,
0x271,,,sfx,0x09e,2.754,,,0x1032ba0 deff_148_super_spinner,
0x272,,,sfx,0x04e 0x04f,1.7681 1.824,sw_35:1 sw_35_again:1,,0x10338dc FUN_010338dc,0x10338dc FUN_010338dc
0x273,,,sfx,0x04e 0x04f,1.7681 1.824,play:1 sw_4:1 sw_4_again:1,,0x10337e8 FUN_010337e8,0x10337e8 FUN_010337e8
0x274,,,sfx,0x00c,1.3332,,,,
0x275,,,sfx,0x00c,1.3332,,,,
0x276,,,sfx,0x00c,1.3332,,,,
0x277,,,sfx,0x00c,1.3332,,,,
0x278,,,sfx,0x00c,1.3332,,,,
0x279,,,sfx,0x00c,1.3332,,,,
0x27a,,,sfx,0x01a,3.3152,,129,0x1003c5c deff_129_double,
0x27b,,,speech,0x24b 0x24a 0x249,1.0945 0.9725 1.0137,,,,
0x27c,,,sfx,0x01c 0x01d 0x01b,0.8485 0.8483 0.8439,,,0x1003a64 FUN_01003a64,
0x27d,,,speech,0x24b 0x24a 0x249,1.0945 0.9725 1.0137,,,,
0x27e,,,sfx,0x00c,1.3332,,,,
0x27f,,,sfx,0x00c,1.3332,,,,
0x280,,,sfx,0x00c,1.3332,,,,
0x281,,,sfx,0x00c,1.3332,,,,
0x282,,,sfx,0x00c,1.3332,,,,
0x283,,,sfx,0x00c,1.3332,,,,
0x284,,,sfx,0x00c,1.3332,,,,
0x285,,,sfx,0x00c,1.3332,,,0x10038dc FUN_010038dc,
0x286,,,sfx,0x00c,1.3332,,,0x10038dc FUN_010038dc,
0x287,,,sfx,0x00c,1.3332,,,0x1004ba8 deff_131_fast,
0x288,,,sfx,0x00c,1.3332,,,0x1004ba8 deff_131_fast,
0x289,,,sfx,0x00c,1.3332,,,0x1004de8 deff_132_fast,
0x28a,,,sfx,0x00c,1.3332,,132,0x1004de8 deff_132_fast,
0x28b,,,sfx,0x00c,1.3332,,135,0x10054f8 deff_135_all,
0x28c,,,sfx,0x00c,1.3332,,135,0x10054f8 deff_135_all,
0x28d,,,sfx,0x05a 0x05b 0x05c 0x05d,1.2404 1.2181 1.2183 1.2183,,,0x1004644 FUN_01004644,
0x28e,,,sfx,0x00c,1.3332,,136,0x1005648 deff_136_all_targets_00,
0x28f,,,sfx,0x00c,1.3332,,136,0x1005648 deff_136_all_targets_00,
0x290,,,sfx,0x0e3,1.6194,,,0x1005910 deff_137,
0x291,,,sfx,0x00c,1.3332,,,,
0x292,,,sfx,0x00c,1.3332,,,0x100b2f0 deff_138_0_more,
0x293,,,sfx,0x042,0.7579,,,0x100af0c FUN_0100af0c | 0x100b468 deff_139,
0x294,,,speech,0x1a8 0x1a9 0x1aa 0x1a7,3.0948 1.6197 1.8838 3.5469,,,,
0x295,,,speech,0x1ac 0x1ab 0x1ad 0x1b0,11.425 2.7923 3.6862 4.4815,,,,
0x296,,,speech,0x1b1 0x1af 0x1ae 0x1b3,3.6456 10.7044 3.5295 1.7648,,,,
0x297,,,speech,0x1c6 0x1c7 0x1c8 0x1c9,4.8182 2.8677 4.6238 4.9918,,,,
0x298,,,speech,0x142 0x143 0x144 0x145,5.3407 3.6286 1.7357 0.8882,,,,
0x299,,,speech,0x146 0x147 0x149 0x148,2.4962 2.1117 2.0986 0.7474,,,,
0x29a,,,sfx,0x02f,1.9107,,,,
0x29b,,,sfx,0x00c,1.3332,,,,
0x29c,,,sfx,0x030,2.039,,,,
0x29d,,,sfx,0x00c,1.3332,,,,
0x29e,,,sfx,0x00c,1.3332,,,,
0x29f,,,sfx,0x031,2.6665,,,,
0x2a0,,,sfx,0x00c,1.3332,,,,
0x2a1,,,sfx,0x00c,1.3332,,,0x1025de4 FUN_01025de4,
0x2a2,,,sfx,0x00c,1.3332,,,,
0x2a3,,,sfx,0x0f1 0x0f2,1.4933 1.4899,sw_11:1 sw_11_again:1,,0x1025de4 FUN_01025de4,0x1025de4 FUN_01025de4
0x2a4,,,sfx,0x050,4.327,sw_11:1 sw_11_again:1,141,0x1025f18 deff_141_0_more,0x1025f18 deff_141_0_more
0x2a5,,,sfx,0x00c,1.3332,,,,
0x2a6,,,sfx,0x00c,1.3332,,,,
0x2a7,,,sfx,0x00c,1.3332,,,,
0x2a8,,,sfx,0x00c,1.3332,,,,
0x2a9,,,sfx,0x00c,1.3332,,,,
0x2aa,,,sfx,0x0d9,1.989,,,0x10262f0 FUN_010262f0,
0x2ab,,,sfx,0x0c5,2.3785,,,0x10269d8 deff_142,
0x2ac,,,speech,0x1e6 0x1f2,4.1425 3.739,,,,
0x2ad,,,sfx,0x00c,1.3332,,,0x10269d8 deff_142,
0x2ae,,,sfx,0x00c,1.3332,,,,
0x2af,,,sfx,0x00c,1.3332,,,,
0x2b0,,,sfx,0x00c,1.3332,,,,
0x2b1,,,speech,0x11e 0x11f 0x120 0x121 0x122 0x127 0x12a 0x12b 0x12c 0x12d 0x12e 0x12f 0x130 0x131,1.4811 1.8268 3.4688 1.599 1.2172 3.0524 1.4513 0.7306 1.5597 1.5348 0.7067 0.6487 0.76 2.8814,,,,
0x2b2,,,speech,0x1f0 0x1f1 0x1e5 0x1f6 0x1f7 0x1f8 0x1f9,2.118 1.4506 1.1387 1.8647 1.6009 2.8759 2.8812,,,0x102712c deff_144_more_to_start,
0x2b3,,,speech,0x1f4 0x1e7 0x1ed,5.0701 2.6849 3.0663,,,0x102712c deff_144_more_to_start,
0x2b4,,,speech,0x1ee,2.1081,,,0x102712c deff_144_more_to_start,
0x2b5,,,speech,0x155 0x1ba 0x1c3 0x227 0x257 0x1ec 0x22a 0x22b 0x22d 0x22e,5.3457 2.3917 3.3881 3.6 3.6 1.6888 2.5 2.4 3.1 2.8,,,,
0x2b6,,,speech,0x156 0x1bc 0x1c4 0x1df 0x1e0 0x22c 0x1eb 0x1e8 0x1e9 0x1ea,2.502 2.8619 3.1504 4.093 1.6698 1.8 2.2706 2.4333 1.5877 1.9809,,,,
0x2b7,,,sfx,0x00c,1.3332,,48,,
0x2b8,,,sfx,0x00c,1.3332,,,,
0x2b9,,,sfx,0x00c,1.3332,,,,
0x2ba,,,sfx,0x00c 0x00c 0x00c 0x00c 0x00c 0x00c,1.3332 1.3332 1.3332 1.3332 1.3332 1.3332,,48,,
0x2bb,,,sfx,0x00c,1.3332,,,,
0x2bc,,,sfx,0x00c,1.3332,,,,
0x2bd,,,speech,0x15b,4.1913,,153,0x10070a8 deff_153_bah_weep,
0x2be,,,speech,0x15e,1.6835,,,0x100728c deff_154,
0x2bf,,,sfx,0x0a4 0x0d8 0x0d7 0x0d9 0x0d4 0x0d5 0x0d2 0x0d3,3.4975 0.7472 1.2447 1.989 1.187 1.187 2.4393 1.2652,,,0x100728c deff_154,
0x2c0,,,,,,,,,
