call,samples,n_samples,kinds,w_0x0c,w_0x0e,flags_0x10,w_0x12,state_ram_0x00,state_ram_0x04,list_addr,desc_addr
0x000,,0,,0,0,0x000,0,0x2111094,0x2111096,0x40ddff8,0x40dee08
0x001,0x001,1,stub,0,0,0x1ff,0,0x2111098,0x211109a,0x40ddffc,0x40dee1c
0x002,0x002,1,stub,0,0,0x1ff,0,0x211109c,0x211109e,0x40de000,0x40dee30
0x003,0x003,1,stub,0,0,0x1ff,0,0x21110a0,0x21110a2,0x40de004,0x40dee44
0x004,0x004,1,stub,0,0,0x1ff,0,0x21110a4,0x21110a6,0x40de008,0x40dee58
0x005,0x005,1,stub,0,0,0x1ff,0,0x21110a8,0x21110aa,0x40de00c,0x40dee6c
0x006,0x006,1,stub,0,0,0x1ff,0,0x21110ac,0x21110ae,0x40de010,0x40dee80
0x007,0x007,1,stub,0,0,0x1ff,0,0x21110b0,0x21110b2,0x40de014,0x40dee94
0x008,0x008,1,stub,0,0,0x1ff,0,0x21110b4,0x21110b6,0x40de018,0x40deea8
0x009,0x009,1,sfx,0,0,0x1fd,0,0x21110b8,0x21110ba,0x40de01c,0x40deebc
0x00a,0x00a,1,sfx,0,0,0x1fd,0,0x21110bc,0x21110be,0x40de020,0x40deed0
0x00b,0x00b,1,sfx,0,0,0x1fd,0,0x21110c0,0x21110c2,0x40de024,0x40deee4
0x00c,0x00c,1,sfx,0,0,0x1fd,0,0x21110c4,0x21110c6,0x40de028,0x40deef8
0x00d,0x00d,1,sfx,0,0,0x1fd,0,0x21110c8,0x21110ca,0x40de02c,0x40def0c
0x00e,0x00e,1,sfx,0,0,0x1fd,0,0x21110cc,0x21110ce,0x40de030,0x40def20
0x00f,0x00f,1,sfx,0,0,0x1fd,0,0x21110d0,0x21110d2,0x40de034,0x40def34
0x010,0x010,1,sfx,0,0,0x1f7,0,0x21110d4,0x21110d6,0x40de038,0x40def48
0x011,0x016,1,sfx,0,0,0x1fa,0,0x21110d8,0x21110da,0x40de03c,0x40def5c
0x012,0x017,1,sfx,0,0,0x1fa,0,0x21110dc,0x21110de,0x40de040,0x40def70
0x013,0x018,1,sfx,0,0,0x1f9,0,0x21110e0,0x21110e2,0x40de044,0x40def84
0x014,0x019,1,sfx,0,0,0x1f9,0,0x21110e4,0x21110e6,0x40de048,0x40def98
0x015,0x011,1,sfx,0,0,0x1f4,0,0x21110e8,0x21110ea,0x40de04c,0x40defac
0x016,0x012,1,sfx,0,0,0x1f1,0,0x21110ec,0x21110ee,0x40de050,0x40defc0
0x017,0x00c,1,sfx,0,0,0x1f3,0,0x21110f0,0x21110f2,0x40de054,0x40defd4
0x018,0x014,1,sfx,0,0,0x1fb,0,0x21110f4,0x21110f6,0x40de058,0x40defe8
0x019,0x015,1,sfx,0,0,0x1f0,0,0x21110f8,0x21110fa,0x40de05c,0x40deffc
0x01a,0x28b,1,music,0,0,0x101,0,0x21110fc,0x21110fe,0x40de060,0x40df010
0x01b,0x289,1,music,0,0,0x101,0,0x2111100,0x2111102,0x40de064,0x40df024
0x01c,0x28a,1,music,0,0,0x101,0,0x2111104,0x2111106,0x40de068,0x40df038
0x01d,0x288,1,music,0,0,0x101,0,0x2111108,0x211110a,0x40de06c,0x40df04c
0x01e,0x298,1,music,0,0,0x101,0,0x211110c,0x211110e,0x40de070,0x40df060
0x01f,0x299,1,music,0,0,0x101,0,0x2111110,0x2111112,0x40de074,0x40df074
0x020,0x286,1,music,0,0,0x101,0,0x2111114,0x2111116,0x40de078,0x40df088
0x021,0x287,1,music,0,0,0x101,0,0x2111118,0x211111a,0x40de07c,0x40df09c
0x022,0x00c,1,sfx,0,0,0x101,0,0x211111c,0x211111e,0x40de080,0x40df0b0
0x023,0x290,1,music,0,0,0x101,0,0x2111120,0x2111122,0x40de084,0x40df0c4
0x024,0x28f,1,music,0,0,0x1c4,0,0x2111124,0x2111126,0x40de088,0x40df0d8
0x025,0x28e,1,music,0,0,0x101,0,0x2111128,0x211112a,0x40de08c,0x40df0ec
0x026,0x283,1,music,0,0,0x101,0,0x211112c,0x211112e,0x40de090,0x40df100
0x027,0x28d,1,music,0,0,0x101,0,0x2111130,0x2111132,0x40de094,0x40df114
0x028,0x295,1,music,0,0,0x101,0,0x2111134,0x2111136,0x40de098,0x40df128
0x029,0x285,1,music,0,0,0x101,0,0x2111138,0x211113a,0x40de09c,0x40df13c
0x02a,0x297,1,music,0,0,0x101,0,0x211113c,0x211113e,0x40de0a0,0x40df150
0x02b,0x291,1,music,0,0,0x101,0,0x2111140,0x2111142,0x40de0a4,0x40df164
0x02c,0x29a,1,music,0,0,0x101,0,0x2111144,0x2111146,0x40de0a8,0x40df178
0x02d,0x296,1,music,0,0,0x101,0,0x2111148,0x211114a,0x40de0ac,0x40df18c
0x02e,0x293,1,music,0,0,0x101,0,0x211114c,0x211114e,0x40de0b0,0x40df1a0
0x02f,0x290,1,music,0,0,0x101,0,0x2111150,0x2111152,0x40de0b4,0x40df1b4
0x030,0x00c,1,sfx,0,0,0x101,0,0x2111154,0x2111156,0x40de0b8,0x40df1c8
0x031,0x28c,1,music,0,0,0x101,0,0x2111158,0x211115a,0x40de0bc,0x40df1dc
0x032,0x294,1,music,0,0,0x101,0,0x211115c,0x211115e,0x40de0c0,0x40df1f0
0x033,0x00c,1,sfx,0,0,0x101,0,0x2111160,0x2111162,0x40de0c4,0x40df204
0x034,0x284,1,music,0,0,0x101,0,0x2111164,0x2111166,0x40de0c8,0x40df218
0x035,0x294,1,music,0,0,0x101,0,0x2111168,0x211116a,0x40de0cc,0x40df22c
0x036,0x00c,1,sfx,0,0,0x101,0,0x211116c,0x211116e,0x40de0d0,0x40df240
0x037,0x00c,1,sfx,0,0,0x101,0,0x2111170,0x2111172,0x40de0d4,0x40df254
0x038,0x292,1,music,0,0,0x101,0,0x2111174,0x2111176,0x40de0d8,0x40df268
0x039,0x00c,1,sfx,0,0,0x101,0,0x2111178,0x211117a,0x40de0dc,0x40df27c
0x03a,0x00c,1,sfx,0,0,0x101,0,0x211117c,0x211117e,0x40de0e0,0x40df290
0x03b,0x292,1,music,0,0,0x101,0,0x2111180,0x2111182,0x40de0e4,0x40df2a4
0x03c,0x29b,1,music,0,0,0x101,0,0x2111184,0x2111186,0x40de0e8,0x40df2b8
0x03d,0x29b,1,music,0,0,0x101,0,0x2111188,0x211118a,0x40de0ec,0x40df2cc
0x03e,0x0af,1,sfx,0,0,0x101,0,0x211118c,0x211118e,0x40de0f0,0x40df2e0
0x03f,0x0e9,1,sfx,0,0,0x101,0,0x2111190,0x2111192,0x40de0f4,0x40df2f4
0x040,0x1ca,1,speech,0,0,0x001,0,0x2111194,0x2111196,0x40de0f8,0x40df308
0x041,0x1c0,1,speech,0,0,0x001,0,0x2111198,0x211119a,0x40de0fc,0x40df31c
0x042,0x0e6,1,sfx,0,0,0x1c4,0,0x211119c,0x211119e,0x40de100,0x40df330
0x043,0x0e7,1,sfx,0,0,0x1c4,0,0x21111a0,0x21111a2,0x40de104,0x40df344
0x044,0x0e7,1,sfx,0,0,0x1c4,0,0x21111a4,0x21111a6,0x40de108,0x40df358
0x045,0x15c,1,speech,0,0,0x001,0,0x21111a8,0x21111aa,0x40de10c,0x40df36c
0x046,0x00c,1,sfx,0,0,0x160,0,0x21111ac,0x21111ae,0x40de110,0x40df380
0x047,0x00c,1,sfx,0,0,0x160,0,0x21111b0,0x21111b2,0x40de114,0x40df394
0x048,0x202 0x202 0x203 0x204,4,speech,0,0,0x1c4,0,0x21111b4,0x21111b6,0x40de118,0x40df3a8
0x049,0x00c,1,sfx,0,0,0x001,0,0x21111b8,0x21111ba,0x40de122,0x40df3bc
0x04a,0x205,1,speech,0,0,0x001,0,0x21111bc,0x21111be,0x40de126,0x40df3d0
0x04b,0x00c,1,sfx,0,0,0x001,0,0x21111c0,0x21111c2,0x40de12a,0x40df3e4
0x04c,0x00c,1,sfx,0,0,0x1f4,0,0x21111c4,0x21111c6,0x40de12e,0x40df3f8
0x04d,0x00c,1,sfx,0,0,0x1f4,0,0x21111c8,0x21111ca,0x40de132,0x40df40c
0x04e,0x00c,1,sfx,0,0,0x1f4,0,0x21111cc,0x21111ce,0x40de136,0x40df420
0x04f,0x00c,1,sfx,0,0,0x001,0,0x21111d0,0x21111d2,0x40de13a,0x40df434
0x050,0x00c,1,sfx,0,0,0x001,0,0x21111d4,0x21111d6,0x40de13e,0x40df448
0x051,0x00c,1,sfx,0,0,0x0c0,0,0x21111d8,0x21111da,0x40de142,0x40df45c
0x052,0x00c,1,sfx,0,0,0x002,0,0x21111dc,0x21111de,0x40de146,0x40df470
0x053,0x1c1,1,speech,0,0,0x002,0,0x21111e0,0x21111e2,0x40de14a,0x40df484
0x054,0x00c,1,sfx,0,0,0x1f3,0,0x21111e4,0x21111e6,0x40de14e,0x40df498
0x055,0x00c,1,sfx,0,0,0x1f3,0,0x21111e8,0x21111ea,0x40de152,0x40df4ac
0x056,0x08e 0x08f,2,sfx,0,0,0x1a0,0,0x21111ec,0x21111ee,0x40de156,0x40df4c0
0x057,0x1a6 0x265 0x1ef,3,speech,0,1,0x001,0,0x21111f0,0x21111f4,0x40de15c,0x40df4d4
0x058,0x138 0x140 0x159 0x15a,4,speech,0,0,0x001,0,0x21111f6,0x21111f8,0x40de164,0x40df4e8
0x059,0x06d,1,sfx,0,0,0x19b,0,0x21111fa,0x21111fc,0x40de16e,0x40df4fc
0x05a,0x1f5,1,speech,0,0,0x001,0,0x21111fe,0x2111200,0x40de172,0x40df510
0x05b,0x09d,1,sfx,0,0,0x19f,0,0x2111202,0x2111204,0x40de176,0x40df524
0x05c,0x00c,1,sfx,0,0,0x001,0,0x2111206,0x2111208,0x40de17a,0x40df538
0x05d,0x00c,1,sfx,0,0,0x001,0,0x211120a,0x211120c,0x40de17e,0x40df54c
0x05e,0x00c,1,sfx,0,0,0x1b5,0,0x211120e,0x2111210,0x40de182,0x40df560
0x05f,0x23b,1,speech,0,0,0x001,0,0x2111212,0x2111214,0x40de186,0x40df574
0x060,0x0b6,1,sfx,0,0,0x1b5,0,0x2111216,0x2111218,0x40de18a,0x40df588
0x061,0x1d7,1,speech,0,0,0x001,0,0x211121a,0x211121c,0x40de18e,0x40df59c
0x062,0x048,1,sfx,0,0,0x1b4,0,0x211121e,0x2111220,0x40de192,0x40df5b0
0x063,0x206,1,speech,0,0,0x001,0,0x2111222,0x2111224,0x40de196,0x40df5c4
0x064,0x047,1,sfx,0,0,0x1b5,0,0x2111226,0x2111228,0x40de19a,0x40df5d8
0x065,0x207,1,speech,0,0,0x001,0,0x211122a,0x211122c,0x40de19e,0x40df5ec
0x066,0x046,1,sfx,0,0,0x1b4,0,0x211122e,0x2111230,0x40de1a2,0x40df600
0x067,0x1d8,1,speech,0,0,0x001,0,0x2111232,0x2111234,0x40de1a6,0x40df614
0x068,0x045,1,sfx,0,0,0x1b5,0,0x2111236,0x2111238,0x40de1aa,0x40df628
0x069,0x1cf,1,speech,0,0,0x001,0,0x211123a,0x211123c,0x40de1ae,0x40df63c
0x06a,0x1ce,1,speech,0,0,0x001,0,0x211123e,0x2111240,0x40de1b2,0x40df650
0x06b,0x1d9,1,speech,0,0,0x001,0,0x2111242,0x2111244,0x40de1b6,0x40df664
0x06c,0x1d9,1,speech,0,0,0x001,0,0x2111246,0x2111248,0x40de1ba,0x40df678
0x06d,0x20c,1,speech,0,0,0x001,0,0x211124a,0x211124c,0x40de1be,0x40df68c
0x06e,0x1d0,1,speech,0,0,0x001,0,0x211124e,0x2111250,0x40de1c2,0x40df6a0
0x06f,0x00c,1,sfx,0,0,0x1b5,0,0x2111252,0x2111254,0x40de1c6,0x40df6b4
0x070,0x045,1,sfx,0,0,0x1b5,0,0x2111256,0x2111258,0x40de1ca,0x40df6c8
0x071,0x00c,1,sfx,0,0,0x001,0,0x211125a,0x211125c,0x40de1ce,0x40df6dc
0x072,0x00c,1,sfx,0,0,0x1f5,0,0x211125e,0x2111260,0x40de1d2,0x40df6f0
0x073,0x00c,1,sfx,0,0,0x1f5,0,0x2111262,0x2111264,0x40de1d6,0x40df704
0x074,0x00c,1,sfx,0,0,0x001,0,0x2111266,0x2111268,0x40de1da,0x40df718
0x075,0x00c,1,sfx,0,0,0x1f2,0,0x211126a,0x211126c,0x40de1de,0x40df72c
0x076,0x00c,1,sfx,0,0,0x1f2,0,0x211126e,0x2111270,0x40de1e2,0x40df740
0x077,0x00c,1,sfx,0,0,0x1f2,0,0x2111272,0x2111274,0x40de1e6,0x40df754
0x078,0x00c,1,sfx,0,0,0x1f2,0,0x2111276,0x2111278,0x40de1ea,0x40df768
0x079,0x00c,1,sfx,0,0,0x1f2,0,0x211127a,0x211127c,0x40de1ee,0x40df77c
0x07a,0x00c,1,sfx,0,0,0x1f2,0,0x211127e,0x2111280,0x40de1f2,0x40df790
0x07b,0x00c,1,sfx,0,0,0x1f2,0,0x2111282,0x2111284,0x40de1f6,0x40df7a4
0x07c,0x00c,1,sfx,0,0,0x19e,0,0x2111286,0x2111288,0x40de1fa,0x40df7b8
0x07d,0x0bf,1,sfx,0,0,0x1c0,0,0x211128a,0x211128c,0x40de1fe,0x40df7cc
0x07e,0x00c,1,sfx,0,0,0x1c0,0,0x211128e,0x2111290,0x40de202,0x40df7e0
0x07f,0x064 0x065 0x062 0x063 0x060 0x061,6,sfx,0,0,0x1c1,0,0x2111292,0x2111294,0x40de206,0x40df7f4
0x080,0x0d0,1,sfx,0,0,0x1c1,0,0x2111296,0x2111298,0x40de214,0x40df808
0x081,0x07c,1,sfx,0,0,0x1c1,0,0x211129a,0x211129c,0x40de218,0x40df81c
0x082,0x0d4,1,sfx,0,0,0x1c1,0,0x211129e,0x21112a0,0x40de21c,0x40df830
0x083,0x044,1,sfx,0,0,0x1c1,0,0x21112a2,0x21112a4,0x40de220,0x40df844
0x084,0x06b 0x06a 0x069 0x068 0x067 0x066,6,sfx,0,0,0x1c1,0,0x21112a6,0x21112a8,0x40de224,0x40df858
0x085,0x078,1,sfx,0,0,0x1c1,0,0x21112aa,0x21112ac,0x40de232,0x40df86c
0x086,0x080,1,sfx,0,0,0x1c1,0,0x21112ae,0x21112b0,0x40de236,0x40df880
0x087,0x071,1,sfx,0,0,0x1c1,0,0x21112b2,0x21112b4,0x40de23a,0x40df894
0x088,0x07e,1,sfx,0,0,0x1c1,0,0x21112b6,0x21112b8,0x40de23e,0x40df8a8
0x089,0x07d,1,sfx,0,0,0x1c1,0,0x21112ba,0x21112bc,0x40de242,0x40df8bc
0x08a,0x078,1,sfx,0,0,0x1c1,0,0x21112be,0x21112c0,0x40de246,0x40df8d0
0x08b,0x073,1,sfx,0,0,0x1c1,0,0x21112c2,0x21112c4,0x40de24a,0x40df8e4
0x08c,0x0e1,1,sfx,0,0,0x1c1,0,0x21112c6,0x21112c8,0x40de24e,0x40df8f8
0x08d,0x0d4,1,sfx,0,0,0x1c1,0,0x21112ca,0x21112cc,0x40de252,0x40df90c
0x08e,0x07a,1,sfx,0,0,0x1c1,0,0x21112ce,0x21112d0,0x40de256,0x40df920
0x08f,0x043,1,sfx,0,0,0x1c2,0,0x21112d2,0x21112d4,0x40de25a,0x40df934
0x090,0x0b6,1,sfx,0,0,0x1c2,0,0x21112d6,0x21112d8,0x40de25e,0x40df948
0x091,0x0e3,1,sfx,0,0,0x1cf,0,0x21112da,0x21112dc,0x40de262,0x40df95c
0x092,0x00c,1,sfx,0,0,0x001,0,0x21112de,0x21112e0,0x40de266,0x40df970
0x093,0x137,1,speech,0,0,0x001,0,0x21112e2,0x21112e4,0x40de26a,0x40df984
0x094,0x1e3,1,speech,0,0,0x001,0,0x21112e6,0x21112e8,0x40de26e,0x40df998
0x095,0x1e4,1,speech,0,0,0x001,0,0x21112ea,0x21112ec,0x40de272,0x40df9ac
0x096,0x1db,1,speech,0,0,0x001,0,0x21112ee,0x21112f0,0x40de276,0x40df9c0
0x097,0x1e2,1,speech,0,0,0x001,0,0x21112f2,0x21112f4,0x40de27a,0x40df9d4
0x098,0x1e1,1,speech,0,0,0x001,0,0x21112f6,0x21112f8,0x40de27e,0x40df9e8
0x099,0x1da,1,speech,0,0,0x001,0,0x21112fa,0x21112fc,0x40de282,0x40df9fc
0x09a,0x1e3,1,speech,0,0,0x001,0,0x21112fe,0x2111300,0x40de286,0x40dfa10
0x09b,0x1e4,1,speech,0,0,0x001,0,0x2111302,0x2111304,0x40de28a,0x40dfa24
0x09c,0x1db,1,speech,0,0,0x001,0,0x2111306,0x2111308,0x40de28e,0x40dfa38
0x09d,0x1e2,1,speech,0,0,0x001,0,0x211130a,0x211130c,0x40de292,0x40dfa4c
0x09e,0x1e1,1,speech,0,0,0x001,0,0x211130e,0x2111310,0x40de296,0x40dfa60
0x09f,0x1da,1,speech,0,0,0x001,0,0x2111312,0x2111314,0x40de29a,0x40dfa74
0x0a0,0x1cc,1,speech,0,0,0x001,0,0x2111316,0x2111318,0x40de29e,0x40dfa88
0x0a1,0x1dc 0x1dd 0x1de,3,speech,0,1,0x002,1,0x211131a,0x211131e,0x40de2a2,0x40dfa9c
0x0a2,0x00c,1,sfx,0,0,0x19e,0,0x2111320,0x2111322,0x40de2aa,0x40dfab0
0x0a3,0x00c,1,sfx,0,0,0x1c0,0,0x2111324,0x2111326,0x40de2ae,0x40dfac4
0x0a4,0x00c,1,sfx,0,0,0x1c0,0,0x2111328,0x211132a,0x40de2b2,0x40dfad8
0x0a5,0x064 0x065 0x062 0x063 0x060 0x061,6,sfx,0,0,0x1c1,0,0x211132c,0x211132e,0x40de2b6,0x40dfaec
0x0a6,0x084,1,sfx,0,0,0x1c1,0,0x2111330,0x2111332,0x40de2c4,0x40dfb00
0x0a7,0x0e1,1,sfx,0,0,0x1c1,0,0x2111334,0x2111336,0x40de2c8,0x40dfb14
0x0a8,0x0d4,1,sfx,0,0,0x1c1,0,0x2111338,0x211133a,0x40de2cc,0x40dfb28
0x0a9,0x078,1,sfx,0,0,0x1c1,0,0x211133c,0x211133e,0x40de2d0,0x40dfb3c
0x0aa,0x06b 0x06a 0x069 0x068 0x067 0x066,6,sfx,0,0,0x1c1,0,0x2111340,0x2111342,0x40de2d4,0x40dfb50
0x0ab,0x06c,1,sfx,0,0,0x1c2,0,0x2111344,0x2111346,0x40de2e2,0x40dfb64
0x0ac,0x077,1,sfx,0,0,0x1c2,0,0x2111348,0x211134a,0x40de2e6,0x40dfb78
0x0ad,0x078,1,sfx,0,0,0x1c2,0,0x211134c,0x211134e,0x40de2ea,0x40dfb8c
0x0ae,0x0e3,1,sfx,0,0,0x1cf,0,0x2111350,0x2111352,0x40de2ee,0x40dfba0
0x0af,0x00c,1,sfx,0,0,0x001,0,0x2111354,0x2111356,0x40de2f2,0x40dfbb4
0x0b0,0x00c,1,sfx,0,0,0x001,0,0x2111358,0x211135a,0x40de2f6,0x40dfbc8
0x0b1,0x1be 0x1c1 0x1b7 0x1b2 0x1ba 0x1c2 0x1c5,7,speech,0,4,0x001,1,0x211135c,0x2111366,0x40de2fa,0x40dfbdc
0x0b2,0x00c,1,sfx,0,0,0x001,0,0x2111368,0x211136a,0x40de30a,0x40dfbf0
0x0b3,0x00c,1,sfx,0,0,0x001,0,0x211136c,0x211136e,0x40de30e,0x40dfc04
0x0b4,0x00c,1,sfx,0,0,0x001,0,0x2111370,0x2111372,0x40de312,0x40dfc18
0x0b5,0x00c,1,sfx,0,0,0x001,0,0x2111374,0x2111376,0x40de316,0x40dfc2c
0x0b6,0x00c,1,sfx,0,0,0x001,0,0x2111378,0x211137a,0x40de31a,0x40dfc40
0x0b7,0x00c,1,sfx,0,0,0x001,0,0x211137c,0x211137e,0x40de31e,0x40dfc54
0x0b8,0x00c,1,sfx,0,0,0x001,0,0x2111380,0x2111382,0x40de322,0x40dfc68
0x0b9,0x00c,1,sfx,0,0,0x001,0,0x2111384,0x2111386,0x40de326,0x40dfc7c
0x0ba,0x00c,1,sfx,0,0,0x001,0,0x2111388,0x211138a,0x40de32a,0x40dfc90
0x0bb,0x00c,1,sfx,0,0,0x001,0,0x211138c,0x211138e,0x40de32e,0x40dfca4
0x0bc,0x00c,1,sfx,0,0,0x001,0,0x2111390,0x2111392,0x40de332,0x40dfcb8
0x0bd,0x00c,1,sfx,0,0,0x001,0,0x2111394,0x2111396,0x40de336,0x40dfccc
0x0be,0x00c,1,sfx,0,0,0x001,0,0x2111398,0x211139a,0x40de33a,0x40dfce0
0x0bf,0x00c,1,sfx,0,0,0x001,0,0x211139c,0x211139e,0x40de33e,0x40dfcf4
0x0c0,0x00c,1,sfx,0,0,0x001,0,0x21113a0,0x21113a2,0x40de342,0x40dfd08
0x0c1,0x00c,1,sfx,0,0,0x001,0,0x21113a4,0x21113a6,0x40de346,0x40dfd1c
0x0c2,0x00c,1,sfx,0,0,0x001,0,0x21113a8,0x21113aa,0x40de34a,0x40dfd30
0x0c3,0x00c,1,sfx,0,0,0x001,0,0x21113ac,0x21113ae,0x40de34e,0x40dfd44
0x0c4,0x21d 0x219 0x232 0x233 0x235 0x236,6,speech,0,3,0x001,1,0x21113b0,0x21113b8,0x40de352,0x40dfd58
0x0c5,0x222 0x223,2,speech,0,0,0x002,0,0x21113ba,0x21113bc,0x40de360,0x40dfd6c
0x0c6,0x00c,1,sfx,0,0,0x19e,0,0x21113be,0x21113c0,0x40de366,0x40dfd80
0x0c7,0x0d0,1,sfx,0,0,0x1c0,0,0x21113c2,0x21113c4,0x40de36a,0x40dfd94
0x0c8,0x1b9,1,speech,0,0,0x001,0,0x21113c6,0x21113c8,0x40de36e,0x40dfda8
0x0c9,0x1bb,1,speech,0,0,0x001,0,0x21113ca,0x21113cc,0x40de372,0x40dfdbc
0x0ca,0x036 0x037 0x038 0x039,4,sfx,0,0,0x1c1,0,0x21113ce,0x21113d0,0x40de376,0x40dfdd0
0x0cb,0x074,1,sfx,0,0,0x1c1,0,0x21113d2,0x21113d4,0x40de380,0x40dfde4
0x0cc,0x0d0,1,sfx,0,0,0x1c1,0,0x21113d6,0x21113d8,0x40de384,0x40dfdf8
0x0cd,0x07a,1,sfx,0,0,0x1c1,0,0x21113da,0x21113dc,0x40de388,0x40dfe0c
0x0ce,0x072,1,sfx,0,0,0x1c1,0,0x21113de,0x21113e0,0x40de38c,0x40dfe20
0x0cf,0x073,1,sfx,0,0,0x1c1,0,0x21113e2,0x21113e4,0x40de390,0x40dfe34
0x0d0,0x074,1,sfx,0,0,0x1c1,0,0x21113e6,0x21113e8,0x40de394,0x40dfe48
0x0d1,0x1fe 0x1ff 0x1fa 0x1fb 0x1fc 0x1fd 0x200 0x201,8,speech,0,5,0x001,1,0x21113ea,0x21113f6,0x40de398,0x40dfe5c
0x0d2,0x034 0x035,2,sfx,0,0,0x1c1,0,0x21113f8,0x21113fa,0x40de3aa,0x40dfe70
0x0d3,0x073,1,sfx,0,0,0x1c1,0,0x21113fc,0x21113fe,0x40de3b0,0x40dfe84
0x0d4,0x073,1,sfx,0,0,0x1c1,0,0x2111400,0x2111402,0x40de3b4,0x40dfe98
0x0d5,0x072,1,sfx,0,0,0x1c1,0,0x2111404,0x2111406,0x40de3b8,0x40dfeac
0x0d6,0x07a,1,sfx,0,0,0x1c1,0,0x2111408,0x211140a,0x40de3bc,0x40dfec0
0x0d7,0x0c3,1,sfx,0,0,0x1c1,0,0x211140c,0x211140e,0x40de3c0,0x40dfed4
0x0d8,0x150 0x151 0x152 0x157 0x177 0x178 0x266,7,speech,0,3,0x001,1,0x2111410,0x2111418,0x40de3c4,0x40dfee8
0x0d9,0x033,1,sfx,0,0,0x1c2,0,0x211141a,0x211141c,0x40de3d4,0x40dfefc
0x0da,0x0c5,1,sfx,0,0,0x1c2,0,0x211141e,0x2111420,0x40de3d8,0x40dff10
0x0db,0x0d4,1,sfx,0,0,0x1c2,0,0x2111422,0x2111424,0x40de3dc,0x40dff24
0x0dc,0x0a4,1,sfx,0,0,0x1c2,0,0x2111426,0x2111428,0x40de3e0,0x40dff38
0x0dd,0x179,1,speech,0,0,0x002,0,0x211142a,0x211142c,0x40de3e4,0x40dff4c
0x0de,0x02c,1,sfx,0,0,0x1cf,0,0x211142e,0x2111430,0x40de3e8,0x40dff60
0x0df,0x00c,1,sfx,0,0,0x1b0,0,0x2111432,0x2111434,0x40de3ec,0x40dff74
0x0e0,0x00c,1,sfx,0,0,0x1b0,0,0x2111436,0x2111438,0x40de3f0,0x40dff88
0x0e1,0x00c,1,sfx,0,0,0x19e,0,0x211143a,0x211143c,0x40de3f4,0x40dff9c
0x0e2,0x00c,1,sfx,0,0,0x1c0,0,0x211143e,0x2111440,0x40de3f8,0x40dffb0
0x0e3,0x1b2,1,speech,0,0,0x001,0,0x2111442,0x2111444,0x40de3fc,0x40dffc4
0x0e4,0x09f 0x0a0 0x0a1 0x0a2 0x0a3,5,sfx,0,0,0x1c1,0,0x2111446,0x2111448,0x40de400,0x40dffd8
0x0e5,0x0d4,1,sfx,0,0,0x1c1,0,0x211144a,0x211144c,0x40de40c,0x40dffec
0x0e6,0x0d8,1,sfx,0,0,0x1c1,0,0x211144e,0x2111450,0x40de410,0x40e0000
0x0e7,0x0d5,1,sfx,0,0,0x1c1,0,0x2111452,0x2111454,0x40de414,0x40e0014
0x0e8,0x073,1,sfx,0,0,0x1c1,0,0x2111456,0x2111458,0x40de418,0x40e0028
0x0e9,0x074,1,sfx,0,0,0x1c1,0,0x211145a,0x211145c,0x40de41c,0x40e003c
0x0ea,0x0d5,1,sfx,0,0,0x1c1,0,0x211145e,0x2111460,0x40de420,0x40e0050
0x0eb,0x07b,1,sfx,0,0,0x1c1,0,0x2111462,0x2111464,0x40de424,0x40e0064
0x0ec,0x0f1,1,sfx,0,0,0x1c1,0,0x2111466,0x2111468,0x40de428,0x40e0078
0x0ed,0x07e,1,sfx,0,0,0x1c1,0,0x211146a,0x211146c,0x40de42c,0x40e008c
0x0ee,0x0d7,1,sfx,0,0,0x1c1,0,0x211146e,0x2111470,0x40de430,0x40e00a0
0x0ef,0x0d4,1,sfx,0,0,0x1c1,0,0x2111472,0x2111474,0x40de434,0x40e00b4
0x0f0,0x0d7,1,sfx,0,0,0x1c1,0,0x2111476,0x2111478,0x40de438,0x40e00c8
0x0f1,0x0e1,1,sfx,0,0,0x1c1,0,0x211147a,0x211147c,0x40de43c,0x40e00dc
0x0f2,0x0d4,1,sfx,0,0,0x1c1,0,0x211147e,0x2111480,0x40de440,0x40e00f0
0x0f3,0x0d5,1,sfx,0,0,0x1c1,0,0x2111482,0x2111484,0x40de444,0x40e0104
0x0f4,0x15d 0x230 0x231,3,speech,0,2,0x001,1,0x2111486,0x211148c,0x40de448,0x40e0118
0x0f5,0x15d 0x226 0x1b4 0x1b5 0x229 0x234 0x14f 0x275 0x00c 0x00c,10,sfx speech,0,0,0x001,0,0x211148e,0x2111490,0x40de450,0x40e012c
0x0f6,0x1b6,1,speech,0,0,0x001,0,0x2111492,0x2111494,0x40de466,0x40e0140
0x0f7,0x09f 0x0a0 0x0a1 0x0a2 0x0a3,5,sfx,0,0,0x1c1,0,0x2111496,0x2111498,0x40de46a,0x40e0154
0x0f8,0x14a,1,speech,0,0,0x001,0,0x211149a,0x211149c,0x40de476,0x40e0168
0x0f9,0x06c,1,sfx,0,0,0x1c2,0,0x211149e,0x21114a0,0x40de47a,0x40e017c
0x0fa,0x078,1,sfx,0,0,0x1c2,0,0x21114a2,0x21114a4,0x40de47e,0x40e0190
0x0fb,0x158,1,speech,0,0,0x002,0,0x21114a6,0x21114a8,0x40de482,0x40e01a4
0x0fc,0x02c,1,sfx,0,0,0x1cf,0,0x21114aa,0x21114ac,0x40de486,0x40e01b8
0x0fd,0x00c,1,sfx,0,0,0x1b0,0,0x21114ae,0x21114b0,0x40de48a,0x40e01cc
0x0fe,0x00c,1,sfx,0,0,0x1b0,0,0x21114b2,0x21114b4,0x40de48e,0x40e01e0
0x0ff,0x00c,1,sfx,0,0,0x1a0,0,0x21114b6,0x21114b8,0x40de492,0x40e01f4
0x100,0x00c,1,sfx,0,0,0x001,0,0x21114ba,0x21114bc,0x40de496,0x40e0208
0x101,0x00c,1,sfx,0,0,0x001,0,0x21114be,0x21114c0,0x40de49a,0x40e021c
0x102,0x00c,1,sfx,0,0,0x001,0,0x21114c2,0x21114c4,0x40de49e,0x40e0230
0x103,0x00c,1,sfx,0,0,0x001,0,0x21114c6,0x21114c8,0x40de4a2,0x40e0244
0x104,0x00c,1,sfx,0,0,0x001,0,0x21114ca,0x21114cc,0x40de4a6,0x40e0258
0x105,0x00c,1,sfx,0,0,0x001,0,0x21114ce,0x21114d0,0x40de4aa,0x40e026c
0x106,0x00c,1,sfx,0,0,0x001,0,0x21114d2,0x21114d4,0x40de4ae,0x40e0280
0x107,0x00c,1,sfx,0,0,0x001,0,0x21114d6,0x21114d8,0x40de4b2,0x40e0294
0x108,0x00c,1,sfx,0,0,0x001,0,0x21114da,0x21114dc,0x40de4b6,0x40e02a8
0x109,0x00c,1,sfx,0,0,0x001,0,0x21114de,0x21114e0,0x40de4ba,0x40e02bc
0x10a,0x00c,1,sfx,0,0,0x001,0,0x21114e2,0x21114e4,0x40de4be,0x40e02d0
0x10b,0x00c,1,sfx,0,0,0x001,0,0x21114e6,0x21114e8,0x40de4c2,0x40e02e4
0x10c,0x00c,1,sfx,0,0,0x1a0,0,0x21114ea,0x21114ec,0x40de4c6,0x40e02f8
0x10d,0x00c,1,sfx,0,0,0x001,0,0x21114ee,0x21114f0,0x40de4ca,0x40e030c
0x10e,0x00c,1,sfx,0,0,0x001,0,0x21114f2,0x21114f4,0x40de4ce,0x40e0320
0x10f,0x00c,1,sfx,0,0,0x001,0,0x21114f6,0x21114f8,0x40de4d2,0x40e0334
0x110,0x00c,1,sfx,0,0,0x001,0,0x21114fa,0x21114fc,0x40de4d6,0x40e0348
0x111,0x00c,1,sfx,0,0,0x001,0,0x21114fe,0x2111500,0x40de4da,0x40e035c
0x112,0x00c,1,sfx,0,0,0x001,0,0x2111502,0x2111504,0x40de4de,0x40e0370
0x113,0x00c,1,sfx,0,0,0x001,0,0x2111506,0x2111508,0x40de4e2,0x40e0384
0x114,0x00c,1,sfx,0,0,0x001,0,0x211150a,0x211150c,0x40de4e6,0x40e0398
0x115,0x00c,1,sfx,0,0,0x001,0,0x211150e,0x2111510,0x40de4ea,0x40e03ac
0x116,0x00c,1,sfx,0,0,0x001,0,0x2111512,0x2111514,0x40de4ee,0x40e03c0
0x117,0x00c,1,sfx,0,0,0x001,0,0x2111516,0x2111518,0x40de4f2,0x40e03d4
0x118,0x00c,1,sfx,0,0,0x1c0,0,0x211151a,0x211151c,0x40de4f6,0x40e03e8
0x119,0x1a6,1,speech,0,0,0x001,0,0x211151e,0x2111520,0x40de4fa,0x40e03fc
0x11a,0x255,1,speech,0,0,0x001,0,0x2111522,0x2111524,0x40de4fe,0x40e0410
0x11b,0x05e,1,sfx,0,0,0x1c1,0,0x2111526,0x2111528,0x40de502,0x40e0424
0x11c,0x00c,1,sfx,0,0,0x1c1,0,0x211152a,0x211152c,0x40de506,0x40e0438
0x11d,0x00c,1,sfx,0,0,0x1c1,0,0x211152e,0x2111530,0x40de50a,0x40e044c
0x11e,0x238,1,speech,0,0,0x1c1,0,0x2111532,0x2111534,0x40de50e,0x40e0460
0x11f,0x217,1,speech,0,0,0x1c1,0,0x2111536,0x2111538,0x40de512,0x40e0474
0x120,0x23a,1,speech,0,0,0x1c1,0,0x211153a,0x211153c,0x40de516,0x40e0488
0x121,0x239,1,speech,0,0,0x1c1,0,0x211153e,0x2111540,0x40de51a,0x40e049c
0x122,0x00c,1,sfx,0,0,0x1c1,0,0x2111542,0x2111544,0x40de51e,0x40e04b0
0x123,0x00c,1,sfx,0,0,0x1c1,0,0x2111546,0x2111548,0x40de522,0x40e04c4
0x124,0x20d,1,speech,0,0,0x1c1,0,0x211154a,0x211154c,0x40de526,0x40e04d8
0x125,0x20a,1,speech,0,0,0x1c1,0,0x211154e,0x2111550,0x40de52a,0x40e04ec
0x126,0x209,1,speech,0,0,0x1c1,0,0x2111552,0x2111554,0x40de52e,0x40e0500
0x127,0x1d6,1,speech,0,0,0x1c1,0,0x2111556,0x2111558,0x40de532,0x40e0514
0x128,0x05f,1,sfx,0,0,0x1c3,0,0x211155a,0x211155c,0x40de536,0x40e0528
0x129,0x00c,1,sfx,0,0,0x1c3,0,0x211155e,0x2111560,0x40de53a,0x40e053c
0x12a,0x256,1,speech,0,0,0x001,0,0x2111562,0x2111564,0x40de53e,0x40e0550
0x12b,0x264,1,speech,0,0,0x001,0,0x2111566,0x2111568,0x40de542,0x40e0564
0x12c,0x0e3,1,sfx,0,0,0x1c4,0,0x211156a,0x211156c,0x40de546,0x40e0578
0x12d,0x05e,1,sfx,0,0,0x1c0,0,0x211156e,0x2111570,0x40de54a,0x40e058c
0x12e,0x270,1,speech,0,0,0x001,0,0x2111572,0x2111574,0x40de54e,0x40e05a0
0x12f,0x278,1,speech,0,0,0x001,0,0x2111576,0x2111578,0x40de552,0x40e05b4
0x130,0x26b,1,speech,0,0,0x001,0,0x211157a,0x211157c,0x40de556,0x40e05c8
0x131,0x05f,1,sfx,0,0,0x1c1,0,0x211157e,0x2111580,0x40de55a,0x40e05dc
0x132,0x274 0x262 0x26c 0x27b 0x271 0x282,6,speech,0,0,0x001,0,0x2111582,0x2111584,0x40de55e,0x40e05f0
0x133,0x26d,1,speech,0,0,0x001,0,0x2111586,0x2111588,0x40de56c,0x40e0604
0x134,0x26f 0x27d 0x274 0x27c 0x27b 0x26e,6,speech,0,0,0x001,0,0x211158a,0x211158c,0x40de570,0x40e0618
0x135,0x00c,1,sfx,0,0,0x1c2,0,0x211158e,0x2111590,0x40de57e,0x40e062c
0x136,0x263,1,speech,0,0,0x1c2,0,0x2111592,0x2111594,0x40de582,0x40e0640
0x137,0x276,1,speech,0,0,0x1c2,0,0x2111596,0x2111598,0x40de586,0x40e0654
0x138,0x251,1,speech,0,0,0x001,0,0x211159a,0x211159c,0x40de58a,0x40e0668
0x139,0x277,1,speech,0,0,0x001,0,0x211159e,0x21115a0,0x40de58e,0x40e067c
0x13a,0x0e3,1,sfx,0,0,0x1c4,0,0x21115a2,0x21115a4,0x40de592,0x40e0690
0x13b,0x06f,1,sfx,0,0,0x1c2,0,0x21115a6,0x21115a8,0x40de596,0x40e06a4
0x13c,0x0bf,1,sfx,0,0,0x1c3,0,0x21115aa,0x21115ac,0x40de59a,0x40e06b8
0x13d,0x097 0x098 0x099,3,sfx,0,0,0x1c3,0,0x21115ae,0x21115b0,0x40de59e,0x40e06cc
0x13e,0x08d,1,sfx,0,0,0x181,0,0x21115b2,0x21115b4,0x40de5a6,0x40e06e0
0x13f,0x17f 0x180 0x181 0x182 0x183,5,speech,0,0,0x001,0,0x21115b6,0x21115b8,0x40de5aa,0x40e06f4
0x140,0x02e,1,sfx,0,0,0x1a0,0,0x21115ba,0x21115bc,0x40de5b6,0x40e0708
0x141,0x02d,1,sfx,0,0,0x1a0,0,0x21115be,0x21115c0,0x40de5ba,0x40e071c
0x142,0x00c,1,sfx,0,0,0x001,0,0x21115c2,0x21115c4,0x40de5be,0x40e0730
0x143,0x00c,1,sfx,0,0,0x001,0,0x21115c6,0x21115c8,0x40de5c2,0x40e0744
0x144,0x00c,1,sfx,0,0,0x001,0,0x21115ca,0x21115cc,0x40de5c6,0x40e0758
0x145,0x184 0x10f 0x110 0x113 0x114 0x117,6,speech,0,0,0x001,0,0x21115ce,0x21115d0,0x40de5ca,0x40e076c
0x146,0x111 0x112,2,speech,0,0,0x001,0,0x21115d2,0x21115d4,0x40de5d8,0x40e0780
0x147,0x115 0x116,2,speech,0,0,0x001,0,0x21115d6,0x21115d8,0x40de5de,0x40e0794
0x148,0x1ca 0x123 0x10d 0x10e 0x129 0x124 0x125 0x126 0x128,9,speech,0,0,0x001,0,0x21115da,0x21115dc,0x40de5e4,0x40e07a8
0x149,0x1ca 0x118 0x119 0x11a 0x11b 0x11c 0x11d,7,speech,0,0,0x001,0,0x21115de,0x21115e0,0x40de5f8,0x40e07bc
0x14a,0x10c 0x109 0x19e 0x19f 0x1a0 0x1a1,6,speech,0,0,0x001,0,0x21115e2,0x21115e4,0x40de608,0x40e07d0
0x14b,0x10a,1,speech,0,0,0x001,0,0x21115e6,0x21115e8,0x40de616,0x40e07e4
0x14c,0x106 0x107 0x1a2 0x1a3 0x1a4 0x1a5,6,speech,0,0,0x001,0,0x21115ea,0x21115ec,0x40de61a,0x40e07f8
0x14d,0x118 0x119 0x11a 0x11b 0x11c 0x11d,6,speech,0,0,0x001,0,0x21115ee,0x21115f0,0x40de628,0x40e080c
0x14e,0x273 0x280 0x27e 0x272 0x27f 0x27a 0x279,7,speech,0,0,0x001,0,0x21115f2,0x21115f4,0x40de636,0x40e0820
0x14f,0x00c,1,sfx,0,0,0x1a1,0,0x21115f6,0x21115f8,0x40de646,0x40e0834
0x150,0x00c,1,sfx,0,0,0x001,0,0x21115fa,0x21115fc,0x40de64a,0x40e0848
0x151,0x00c,1,sfx,0,0,0x1a1,0,0x21115fe,0x2111600,0x40de64e,0x40e085c
0x152,0x00c,1,sfx,0,0,0x001,0,0x2111602,0x2111604,0x40de652,0x40e0870
0x153,0x00c,1,sfx,0,0,0x1a1,0,0x2111606,0x2111608,0x40de656,0x40e0884
0x154,0x00c,1,sfx,0,0,0x001,0,0x211160a,0x211160c,0x40de65a,0x40e0898
0x155,0x00c,1,sfx,0,0,0x1a1,0,0x211160e,0x2111610,0x40de65e,0x40e08ac
0x156,0x00c,1,sfx,0,0,0x001,0,0x2111612,0x2111614,0x40de662,0x40e08c0
0x157,0x0c7,1,sfx,0,0,0x09e,0,0x2111616,0x2111618,0x40de666,0x40e08d4
0x158,0x0c6,1,sfx,0,0,0x09f,0,0x211161a,0x211161c,0x40de66a,0x40e08e8
0x159,0x0da 0x0dc 0x0dd 0x0de 0x0df 0x0e0 0x0e1 0x0e2,8,sfx,0,0,0x180,0,0x211161e,0x2111620,0x40de66e,0x40e08fc
0x15a,0x02a 0x02b,2,sfx,0,0,0x180,0,0x2111622,0x2111624,0x40de680,0x40e0910
0x15b,0x0d4 0x0d6 0x0d7 0x0d8 0x0d9,5,sfx,0,0,0x180,0,0x2111626,0x2111628,0x40de686,0x40e0924
0x15c,0x029 0x025,2,sfx,0,0,0x180,0,0x211162a,0x211162c,0x40de692,0x40e0938
0x15d,0x092 0x096 0x095 0x094 0x093,5,sfx,0,0,0x180,0,0x211162e,0x2111630,0x40de698,0x40e094c
0x15e,0x00c,1,sfx,0,0,0x181,0,0x2111632,0x2111634,0x40de6a4,0x40e0960
0x15f,0x00c,1,sfx,0,0,0x001,0,0x2111636,0x2111638,0x40de6a8,0x40e0974
0x160,0x00c,1,sfx,0,0,0x001,0,0x211163a,0x211163c,0x40de6ac,0x40e0988
0x161,0x0c2 0x0c1 0x0c0,3,sfx,0,0,0x1b0,0,0x211163e,0x2111640,0x40de6b0,0x40e099c
0x162,0x24f,1,speech,0,0,0x001,0,0x2111642,0x2111644,0x40de6b8,0x40e09b0
0x163,0x0c2,1,sfx,0,0,0x180,0,0x2111646,0x2111648,0x40de6bc,0x40e09c4
0x164,0x09e,1,sfx,0,0,0x181,0,0x211164a,0x211164c,0x40de6c0,0x40e09d8
0x165,0x091,1,sfx,0,0,0x1c1,0,0x211164e,0x2111650,0x40de6c4,0x40e09ec
0x166,0x00c,1,sfx,0,0,0x001,0,0x2111652,0x2111654,0x40de6c8,0x40e0a00
0x167,0x049,1,sfx,0,0,0x1c1,0,0x2111656,0x2111658,0x40de6cc,0x40e0a14
0x168,0x00c,1,sfx,0,0,0x180,0,0x211165a,0x211165c,0x40de6d0,0x40e0a28
0x169,0x0c9 0x0ca,2,sfx,0,0,0x181,0,0x211165e,0x2111660,0x40de6d4,0x40e0a3c
0x16a,0x0c8,1,sfx,0,0,0x181,0,0x2111662,0x2111664,0x40de6da,0x40e0a50
0x16b,0x00c,1,sfx,0,0,0x001,0,0x2111666,0x2111668,0x40de6de,0x40e0a64
0x16c,0x06e,1,sfx,0,0,0x180,0,0x211166a,0x211166c,0x40de6e2,0x40e0a78
0x16d,0x0e5,1,sfx,0,0,0x180,0,0x211166e,0x2111670,0x40de6e6,0x40e0a8c
0x16e,0x00c,1,sfx,0,0,0x181,0,0x2111672,0x2111674,0x40de6ea,0x40e0aa0
0x16f,0x00c,1,sfx,0,0,0x1d0,0,0x2111676,0x2111678,0x40de6ee,0x40e0ab4
0x170,0x0cb 0x0cc 0x0a7 0x0a8 0x0ac,5,sfx,0,0,0x19e,0,0x211167a,0x211167c,0x40de6f2,0x40e0ac8
0x171,0x0cb 0x0cc,2,sfx,0,0,0x19e,0,0x211167e,0x2111680,0x40de6fe,0x40e0adc
0x172,0x0e4,1,sfx,0,0,0x19e,0,0x2111682,0x2111684,0x40de704,0x40e0af0
0x173,0x023 0x024,2,sfx,0,0,0x19e,0,0x2111686,0x2111688,0x40de708,0x40e0b04
0x174,0x0eb 0x0ec 0x0ed 0x0ee,4,sfx,0,0,0x19e,0,0x211168a,0x211168c,0x40de70e,0x40e0b18
0x175,0x026 0x027 0x028,3,sfx,0,0,0x19e,0,0x211168e,0x2111690,0x40de718,0x40e0b2c
0x176,0x022,1,sfx,0,0,0x19e,0,0x2111692,0x2111694,0x40de720,0x40e0b40
0x177,0x020 0x021,2,sfx,0,0,0x19e,0,0x2111696,0x2111698,0x40de724,0x40e0b54
0x178,0x00c,1,sfx,0,0,0x19e,0,0x211169a,0x211169c,0x40de72a,0x40e0b68
0x179,0x00c,1,sfx,0,0,0x001,0,0x211169e,0x21116a0,0x40de72e,0x40e0b7c
0x17a,0x00c,1,sfx,0,0,0x1a0,0,0x21116a2,0x21116a4,0x40de732,0x40e0b90
0x17b,0x00c,1,sfx,0,0,0x001,0,0x21116a6,0x21116a8,0x40de736,0x40e0ba4
0x17c,0x00c,1,sfx,0,0,0x001,0,0x21116aa,0x21116ac,0x40de73a,0x40e0bb8
0x17d,0x00c,1,sfx,0,0,0x1b0,0,0x21116ae,0x21116b0,0x40de73e,0x40e0bcc
0x17e,0x00c,1,sfx,0,0,0x001,0,0x21116b2,0x21116b4,0x40de742,0x40e0be0
0x17f,0x0a9,1,sfx,0,0,0x1b0,0,0x21116b6,0x21116b8,0x40de746,0x40e0bf4
0x180,0x21c,1,speech,0,0,0x001,0,0x21116ba,0x21116bc,0x40de74a,0x40e0c08
0x181,0x01e 0x01f,2,sfx,0,0,0x1b0,0,0x21116be,0x21116c0,0x40de74e,0x40e0c1c
0x182,0x0ab,1,sfx,0,0,0x1b0,0,0x21116c2,0x21116c4,0x40de754,0x40e0c30
0x183,0x0a9,1,sfx,0,0,0x1b0,0,0x21116c6,0x21116c8,0x40de758,0x40e0c44
0x184,0x0d2,1,sfx,0,0,0x1b0,0,0x21116ca,0x21116cc,0x40de75c,0x40e0c58
0x185,0x0a6,1,sfx,0,0,0x1b0,0,0x21116ce,0x21116d0,0x40de760,0x40e0c6c
0x186,0x0d5,1,sfx,0,0,0x1b0,0,0x21116d2,0x21116d4,0x40de764,0x40e0c80
0x187,0x0db,1,sfx,0,0,0x1b0,0,0x21116d6,0x21116d8,0x40de768,0x40e0c94
0x188,0x0d6,1,sfx,0,0,0x1b0,0,0x21116da,0x21116dc,0x40de76c,0x40e0ca8
0x189,0x0aa,1,sfx,0,0,0x1b0,0,0x21116de,0x21116e0,0x40de770,0x40e0cbc
0x18a,0x0a5,1,sfx,0,0,0x1b0,0,0x21116e2,0x21116e4,0x40de774,0x40e0cd0
0x18b,0x0ef,1,sfx,0,0,0x1b0,0,0x21116e6,0x21116e8,0x40de778,0x40e0ce4
0x18c,0x0f4,1,sfx,0,0,0x1b0,0,0x21116ea,0x21116ec,0x40de77c,0x40e0cf8
0x18d,0x0a5,1,sfx,0,0,0x1b0,0,0x21116ee,0x21116f0,0x40de780,0x40e0d0c
0x18e,0x21e 0x20f 0x23c 0x242 0x211 0x21f 0x210 0x22f 0x240 0x23d 0x23e 0x23f 0x241 0x243,14,speech,0,0,0x001,0,0x21116f2,0x21116f4,0x40de784,0x40e0d20
0x18f,0x21c,1,speech,0,0,0x001,0,0x21116f6,0x21116f8,0x40de7a2,0x40e0d34
0x190,0x21a,1,speech,0,0,0x001,0,0x21116fa,0x21116fc,0x40de7a6,0x40e0d48
0x191,0x090,1,sfx,0,0,0x1b2,0,0x21116fe,0x2111700,0x40de7aa,0x40e0d5c
0x192,0x17a,1,speech,0,0,0x001,0,0x2111702,0x2111704,0x40de7ae,0x40e0d70
0x193,0x0b0,1,sfx,0,0,0x1b0,0,0x2111706,0x2111708,0x40de7b2,0x40e0d84
0x194,0x221,1,speech,0,0,0x001,0,0x211170a,0x211170c,0x40de7b6,0x40e0d98
0x195,0x055,1,sfx,0,0,0x1b0,0,0x211170e,0x2111710,0x40de7ba,0x40e0dac
0x196,0x0d2,1,sfx,0,0,0x1b0,0,0x2111712,0x2111714,0x40de7be,0x40e0dc0
0x197,0x0a4,1,sfx,0,0,0x1b0,0,0x2111716,0x2111718,0x40de7c2,0x40e0dd4
0x198,0x07c,1,sfx,0,0,0x1b0,0,0x211171a,0x211171c,0x40de7c6,0x40e0de8
0x199,0x0d3,1,sfx,0,0,0x1b0,0,0x211171e,0x2111720,0x40de7ca,0x40e0dfc
0x19a,0x0a4,1,sfx,0,0,0x1b0,0,0x2111722,0x2111724,0x40de7ce,0x40e0e10
0x19b,0x07c,1,sfx,0,0,0x1b0,0,0x2111726,0x2111728,0x40de7d2,0x40e0e24
0x19c,0x0d5,1,sfx,0,0,0x1b0,0,0x211172a,0x211172c,0x40de7d6,0x40e0e38
0x19d,0x0a4,1,sfx,0,0,0x1b0,0,0x211172e,0x2111730,0x40de7da,0x40e0e4c
0x19e,0x076,1,sfx,0,0,0x1b0,0,0x2111732,0x2111734,0x40de7de,0x40e0e60
0x19f,0x00c,1,sfx,0,0,0x1b0,0,0x2111736,0x2111738,0x40de7e2,0x40e0e74
0x1a0,0x00c,1,sfx,0,0,0x1b0,0,0x211173a,0x211173c,0x40de7e6,0x40e0e88
0x1a1,0x00c,1,sfx,0,0,0x1b0,0,0x211173e,0x2111740,0x40de7ea,0x40e0e9c
0x1a2,0x0d1,1,sfx,0,0,0x1b0,0,0x2111742,0x2111744,0x40de7ee,0x40e0eb0
0x1a3,0x0d2,1,sfx,0,0,0x1b0,0,0x2111746,0x2111748,0x40de7f2,0x40e0ec4
0x1a4,0x250 0x259 0x25d 0x261 0x25f 0x25a 0x25c 0x25e 0x25b 0x260 0x281,11,speech,0,0,0x001,0,0x211174a,0x211174c,0x40de7f6,0x40e0ed8
0x1a5,0x090,1,sfx,0,0,0x1b2,0,0x211174e,0x2111750,0x40de80e,0x40e0eec
0x1a6,0x221,1,speech,0,0,0x001,0,0x2111752,0x2111754,0x40de812,0x40e0f00
0x1a7,0x21a,1,speech,0,0,0x001,0,0x2111756,0x2111758,0x40de816,0x40e0f14
0x1a8,0x090,1,sfx,0,0,0x1b2,0,0x211175a,0x211175c,0x40de81a,0x40e0f28
0x1a9,0x0ad,1,sfx,0,0,0x1b0,0,0x211175e,0x2111760,0x40de81e,0x40e0f3c
0x1aa,0x23a,1,speech,0,0,0x001,0,0x2111762,0x2111764,0x40de822,0x40e0f50
0x1ab,0x09a,1,sfx,0,0,0x1b0,0,0x2111766,0x2111768,0x40de826,0x40e0f64
0x1ac,0x0ad,1,sfx,0,0,0x1b0,0,0x211176a,0x211176c,0x40de82a,0x40e0f78
0x1ad,0x087,1,sfx,0,0,0x1b0,0,0x211176e,0x2111770,0x40de82e,0x40e0f8c
0x1ae,0x085,1,sfx,0,0,0x1b0,0,0x2111772,0x2111774,0x40de832,0x40e0fa0
0x1af,0x0f5,1,sfx,0,0,0x1b0,0,0x2111776,0x2111778,0x40de836,0x40e0fb4
0x1b0,0x196 0x19a,2,speech,0,0,0x001,0,0x211177a,0x211177c,0x40de83a,0x40e0fc8
0x1b1,0x198,1,speech,0,0,0x001,0,0x211177e,0x2111780,0x40de840,0x40e0fdc
0x1b2,0x199,1,speech,0,0,0x001,0,0x2111782,0x2111784,0x40de844,0x40e0ff0
0x1b3,0x0d7,1,sfx,0,4,0x001,1,0x2111786,0x2111790,0x40de848,0x40e1004
0x1b4,0x0df,1,sfx,0,4,0x001,1,0x2111792,0x211179c,0x40de84c,0x40e1018
0x1b5,0x0d9,1,sfx,0,4,0x001,1,0x211179e,0x21117a8,0x40de850,0x40e102c
0x1b6,0x0d4,1,sfx,0,4,0x001,1,0x21117aa,0x21117b4,0x40de854,0x40e1040
0x1b7,0x197,1,speech,0,0,0x001,0,0x21117b6,0x21117b8,0x40de858,0x40e1054
0x1b8,0x0d6,1,sfx,0,4,0x001,1,0x21117ba,0x21117c4,0x40de85c,0x40e1068
0x1b9,0x0c3,1,sfx,0,4,0x001,1,0x21117c6,0x21117d0,0x40de860,0x40e107c
0x1ba,0x0d9,1,sfx,0,4,0x001,1,0x21117d2,0x21117dc,0x40de864,0x40e1090
0x1bb,0x0e4,1,sfx,0,0,0x1b0,0,0x21117de,0x21117e0,0x40de868,0x40e10a4
0x1bc,0x185 0x186 0x189,3,speech,0,3,0x001,1,0x21117e2,0x21117ea,0x40de86c,0x40e10b8
0x1bd,0x0e4,1,sfx,0,0,0x1b0,0,0x21117ec,0x21117ee,0x40de874,0x40e10cc
0x1be,0x18e,1,speech,0,3,0x001,1,0x21117f0,0x21117f8,0x40de878,0x40e10e0
0x1bf,0x0e4,1,sfx,0,0,0x1b0,0,0x21117fa,0x21117fc,0x40de87c,0x40e10f4
0x1c0,0x0cb,1,sfx,0,0,0x1b0,0,0x21117fe,0x2111800,0x40de880,0x40e1108
0x1c1,0x188 0x18b 0x193,3,speech,0,3,0x001,1,0x2111802,0x211180a,0x40de884,0x40e111c
0x1c2,0x0e4,1,sfx,0,0,0x1b0,0,0x211180c,0x211180e,0x40de88c,0x40e1130
0x1c3,0x185 0x186 0x188 0x18a 0x18c 0x18e 0x193 0x194 0x196 0x197,10,speech,0,0,0x001,0,0x2111810,0x2111812,0x40de890,0x40e1144
0x1c4,0x00c 0x187 0x189 0x18b 0x18d 0x00c 0x00c 0x195 0x19a 0x00c,10,sfx speech,0,0,0x101,0,0x2111814,0x2111816,0x40de8a6,0x40e1158
0x1c5,0x18f 0x190 0x191 0x192,4,speech,0,0,0x101,0,0x2111818,0x211181a,0x40de8bc,0x40e116c
0x1c6,0x0a4,1,sfx,0,0,0x001,0,0x211181c,0x211181e,0x40de8c6,0x40e1180
0x1c7,0x0b3,1,sfx,0,0,0x001,0,0x2111820,0x2111822,0x40de8ca,0x40e1194
0x1c8,0x0b2,1,sfx,0,0,0x001,0,0x2111824,0x2111826,0x40de8ce,0x40e11a8
0x1c9,0x23a,1,speech,0,0,0x001,0,0x2111828,0x211182a,0x40de8d2,0x40e11bc
0x1ca,0x21a,1,speech,0,0,0x001,0,0x211182c,0x211182e,0x40de8d6,0x40e11d0
0x1cb,0x090,1,sfx,0,0,0x1b2,0,0x2111830,0x2111832,0x40de8da,0x40e11e4
0x1cc,0x00c,1,sfx,0,0,0x001,0,0x2111834,0x2111836,0x40de8de,0x40e11f8
0x1cd,0x0b1,1,sfx,0,0,0x1b0,0,0x2111838,0x211183a,0x40de8e2,0x40e120c
0x1ce,0x0be,1,sfx,0,0,0x1b0,0,0x211183c,0x211183e,0x40de8e6,0x40e1220
0x1cf,0x239,1,speech,0,0,0x001,0,0x2111840,0x2111842,0x40de8ea,0x40e1234
0x1d0,0x15e,1,speech,0,0,0x001,0,0x2111844,0x2111846,0x40de8ee,0x40e1248
0x1d1,0x04a 0x04b 0x04c 0x04d,4,sfx,0,0,0x1b0,0,0x2111848,0x211184a,0x40de8f2,0x40e125c
0x1d2,0x087,1,sfx,0,0,0x1b0,0,0x211184c,0x211184e,0x40de8fc,0x40e1270
0x1d3,0x086,1,sfx,0,0,0x1b0,0,0x2111850,0x2111852,0x40de900,0x40e1284
0x1d4,0x085,1,sfx,0,0,0x1b0,0,0x2111854,0x2111856,0x40de904,0x40e1298
0x1d5,0x084,1,sfx,0,0,0x1b0,0,0x2111858,0x211185a,0x40de908,0x40e12ac
0x1d6,0x083,1,sfx,0,0,0x1b0,0,0x211185c,0x211185e,0x40de90c,0x40e12c0
0x1d7,0x082,1,sfx,0,0,0x1b0,0,0x2111860,0x2111862,0x40de910,0x40e12d4
0x1d8,0x081,1,sfx,0,0,0x1b0,0,0x2111864,0x2111866,0x40de914,0x40e12e8
0x1d9,0x07f,1,sfx,0,0,0x1b0,0,0x2111868,0x211186a,0x40de918,0x40e12fc
0x1da,0x079,1,sfx,0,0,0x1b0,0,0x211186c,0x211186e,0x40de91c,0x40e1310
0x1db,0x0d0,1,sfx,0,0,0x1b0,0,0x2111870,0x2111872,0x40de920,0x40e1324
0x1dc,0x0d0,1,sfx,0,0,0x1b0,0,0x2111874,0x2111876,0x40de924,0x40e1338
0x1dd,0x0d0,1,sfx,0,0,0x1b0,0,0x2111878,0x211187a,0x40de928,0x40e134c
0x1de,0x0d0,1,sfx,0,0,0x1b0,0,0x211187c,0x211187e,0x40de92c,0x40e1360
0x1df,0x0d0,1,sfx,0,0,0x1b0,0,0x2111880,0x2111882,0x40de930,0x40e1374
0x1e0,0x0d0,1,sfx,0,0,0x1b0,0,0x2111884,0x2111886,0x40de934,0x40e1388
0x1e1,0x0d0,1,sfx,0,0,0x1b0,0,0x2111888,0x211188a,0x40de938,0x40e139c
0x1e2,0x079,1,sfx,0,0,0x1b0,0,0x211188c,0x211188e,0x40de93c,0x40e13b0
0x1e3,0x1b3 0x16d 0x16e 0x16c 0x16f 0x0f7 0x0f6 0x171 0x172 0x175,10,speech,0,9,0x001,1,0x2111890,0x21118a4,0x40de940,0x40e13c4
0x1e4,0x00c 0x00c 0x00c 0x00c 0x00c 0x170 0x00c 0x00c 0x173 0x176,10,sfx speech,0,9,0x101,1,0x21118a6,0x21118ba,0x40de956,0x40e13d8
0x1e5,0x239,1,speech,0,0,0x001,0,0x21118bc,0x21118be,0x40de96c,0x40e13ec
0x1e6,0x21a,1,speech,0,0,0x001,0,0x21118c0,0x21118c2,0x40de970,0x40e1400
0x1e7,0x090,1,sfx,0,0,0x1b2,0,0x21118c4,0x21118c6,0x40de974,0x40e1414
0x1e8,0x00c,1,sfx,0,0,0x001,0,0x21118c8,0x21118ca,0x40de978,0x40e1428
0x1e9,0x0e8,1,sfx,0,0,0x1b0,0,0x21118cc,0x21118ce,0x40de97c,0x40e143c
0x1ea,0x0ec,1,sfx,0,0,0x1b0,0,0x21118d0,0x21118d2,0x40de980,0x40e1450
0x1eb,0x0ec,1,sfx,0,0,0x1b0,0,0x21118d4,0x21118d6,0x40de984,0x40e1464
0x1ec,0x0f2,1,sfx,0,0,0x1b0,0,0x21118d8,0x21118da,0x40de988,0x40e1478
0x1ed,0x20d,1,speech,0,0,0x001,0,0x21118dc,0x21118de,0x40de98c,0x40e148c
0x1ee,0x03d 0x041 0x040 0x03f 0x03e,5,sfx,0,1,0x1b0,0,0x21118e0,0x21118e4,0x40de990,0x40e14a0
0x1ef,0x0e8 0x0e9 0x0ea,3,sfx,0,0,0x1b0,0,0x21118e6,0x21118e8,0x40de99c,0x40e14b4
0x1f0,0x0eb,1,sfx,0,0,0x1b0,0,0x21118ea,0x21118ec,0x40de9a4,0x40e14c8
0x1f1,0x0ea,1,sfx,0,0,0x1b0,0,0x21118ee,0x21118f0,0x40de9a8,0x40e14dc
0x1f2,0x19c,1,speech,0,0,0x001,0,0x21118f2,0x21118f4,0x40de9ac,0x40e14f0
0x1f3,0x19d,1,speech,0,0,0x001,0,0x21118f6,0x21118f8,0x40de9b0,0x40e1504
0x1f4,0x0ec,1,sfx,0,0,0x1b0,0,0x21118fa,0x21118fc,0x40de9b4,0x40e1518
0x1f5,0x0ed,1,sfx,0,0,0x1b0,0,0x21118fe,0x2111900,0x40de9b8,0x40e152c
0x1f6,0x0e8,1,sfx,0,0,0x1b0,0,0x2111902,0x2111904,0x40de9bc,0x40e1540
0x1f7,0x0a4,1,sfx,0,0,0x1b0,0,0x2111906,0x2111908,0x40de9c0,0x40e1554
0x1f8,0x0d0,1,sfx,0,0,0x1b0,0,0x211190a,0x211190c,0x40de9c4,0x40e1568
0x1f9,0x0ee,1,sfx,0,0,0x1b0,0,0x211190e,0x2111910,0x40de9c8,0x40e157c
0x1fa,,0,,0,0,0x001,0,0x2111912,0x2111914,0x40de9cc,0x40e1590
0x1fb,0x0f5,1,sfx,0,0,0x1b2,0,0x2111916,0x2111918,0x40de9ce,0x40e15a4
0x1fc,0x20d,1,speech,0,0,0x001,0,0x211191a,0x211191c,0x40de9d2,0x40e15b8
0x1fd,0x1cb,1,speech,0,0,0x001,0,0x211191e,0x2111920,0x40de9d6,0x40e15cc
0x1fe,0x09e,1,sfx,0,0,0x1b2,0,0x2111922,0x2111924,0x40de9da,0x40e15e0
0x1ff,0x00c,1,sfx,0,0,0x001,0,0x2111926,0x2111928,0x40de9de,0x40e15f4
0x200,0x20a,1,speech,0,0,0x001,0,0x211192a,0x211192c,0x40de9e2,0x40e1608
0x201,0x0c2 0x0c1 0x0c0,3,sfx,0,0,0x1b0,0,0x211192e,0x2111930,0x40de9e6,0x40e161c
0x202,0x0e9,1,sfx,0,0,0x1b0,0,0x2111932,0x2111934,0x40de9ee,0x40e1630
0x203,0x0f5,1,sfx,0,0,0x1b0,0,0x2111936,0x2111938,0x40de9f2,0x40e1644
0x204,0x0bf,1,sfx,0,0,0x1b0,0,0x211193a,0x211193c,0x40de9f6,0x40e1658
0x205,0x0e9,1,sfx,0,0,0x1b0,0,0x211193e,0x2111940,0x40de9fa,0x40e166c
0x206,0x0a4,1,sfx,0,0,0x1b0,0,0x2111942,0x2111944,0x40de9fe,0x40e1680
0x207,0x0f5,1,sfx,0,0,0x1b0,0,0x2111946,0x2111948,0x40dea02,0x40e1694
0x208,0x087,1,sfx,0,0,0x1b0,0,0x211194a,0x211194c,0x40dea06,0x40e16a8
0x209,0x0e9,1,sfx,0,0,0x1b0,0,0x211194e,0x2111950,0x40dea0a,0x40e16bc
0x20a,0x0c4,1,sfx,0,0,0x1b0,0,0x2111952,0x2111954,0x40dea0e,0x40e16d0
0x20b,0x0e1,1,sfx,0,0,0x1b0,0,0x2111956,0x2111958,0x40dea12,0x40e16e4
0x20c,0x0d4,1,sfx,0,0,0x1b0,0,0x211195a,0x211195c,0x40dea16,0x40e16f8
0x20d,0x073,1,sfx,0,0,0x1b0,0,0x211195e,0x2111960,0x40dea1a,0x40e170c
0x20e,0x0d1,1,sfx,0,0,0x1b0,0,0x2111962,0x2111964,0x40dea1e,0x40e1720
0x20f,0x07d,1,sfx,0,0,0x1b0,0,0x2111966,0x2111968,0x40dea22,0x40e1734
0x210,0x0d0,1,sfx,0,0,0x1b0,0,0x211196a,0x211196c,0x40dea26,0x40e1748
0x211,0x07a,1,sfx,0,0,0x1b0,0,0x211196e,0x2111970,0x40dea2a,0x40e175c
0x212,0x07c,1,sfx,0,0,0x1b0,0,0x2111972,0x2111974,0x40dea2e,0x40e1770
0x213,0x080,1,sfx,0,0,0x1b0,0,0x2111976,0x2111978,0x40dea32,0x40e1784
0x214,0x244 0x246 0x247 0x254 0x245 0x00c 0x00c 0x248 0x253 0x252,10,sfx speech,0,0,0x001,0,0x211197a,0x211197c,0x40dea36,0x40e1798
0x215,0x056,1,sfx,0,0,0x1b2,0,0x211197e,0x2111980,0x40dea4c,0x40e17ac
0x216,0x20a,1,speech,0,0,0x001,0,0x2111982,0x2111984,0x40dea50,0x40e17c0
0x217,0x1cb,1,speech,0,0,0x001,0,0x2111986,0x2111988,0x40dea54,0x40e17d4
0x218,0x09e,1,sfx,0,0,0x1b2,0,0x211198a,0x211198c,0x40dea58,0x40e17e8
0x219,0x00c,1,sfx,0,0,0x001,0,0x211198e,0x2111990,0x40dea5c,0x40e17fc
0x21a,0x075,1,sfx,0,0,0x1b0,0,0x2111992,0x2111994,0x40dea60,0x40e1810
0x21b,0x209,1,speech,0,0,0x001,0,0x2111996,0x2111998,0x40dea64,0x40e1824
0x21c,0x03a 0x03c,2,sfx,0,0,0x1b0,0,0x211199a,0x211199c,0x40dea68,0x40e1838
0x21d,0x07e,1,sfx,0,0,0x1b0,0,0x211199e,0x21119a0,0x40dea6e,0x40e184c
0x21e,0x0d8,1,sfx,0,0,0x1b0,0,0x21119a2,0x21119a4,0x40dea72,0x40e1860
0x21f,0x0d4,1,sfx,0,0,0x1b0,0,0x21119a6,0x21119a8,0x40dea76,0x40e1874
0x220,0x0b5,1,sfx,0,0,0x1b0,0,0x21119aa,0x21119ac,0x40dea7a,0x40e1888
0x221,0x07e,1,sfx,0,0,0x1b0,0,0x21119ae,0x21119b0,0x40dea7e,0x40e189c
0x222,0x0b4,1,sfx,0,0,0x1b0,0,0x21119b2,0x21119b4,0x40dea82,0x40e18b0
0x223,0x079,1,sfx,0,0,0x1b0,0,0x21119b6,0x21119b8,0x40dea86,0x40e18c4
0x224,0x07c,1,sfx,0,0,0x1b0,0,0x21119ba,0x21119bc,0x40dea8a,0x40e18d8
0x225,0x0d0,1,sfx,0,0,0x1b0,0,0x21119be,0x21119c0,0x40dea8e,0x40e18ec
0x226,0x0e1,1,sfx,0,0,0x1b0,0,0x21119c2,0x21119c4,0x40dea92,0x40e1900
0x227,0x0e1,1,sfx,0,0,0x1b0,0,0x21119c6,0x21119c8,0x40dea96,0x40e1914
0x228,0x076,1,sfx,0,0,0x1b0,0,0x21119ca,0x21119cc,0x40dea9a,0x40e1928
0x229,0x05b,1,sfx,0,0,0x1b0,0,0x21119ce,0x21119d0,0x40dea9e,0x40e193c
0x22a,0x05d,1,sfx,0,0,0x1b0,0,0x21119d2,0x21119d4,0x40deaa2,0x40e1950
0x22b,0x07e,1,sfx,0,0,0x1b0,0,0x21119d6,0x21119d8,0x40deaa6,0x40e1964
0x22c,0x0d0,1,sfx,0,0,0x1b0,0,0x21119da,0x21119dc,0x40deaaa,0x40e1978
0x22d,0x07d,1,sfx,0,0,0x1b0,0,0x21119de,0x21119e0,0x40deaae,0x40e198c
0x22e,0x166 0x167 0x163 0x15f 0x168 0x162 0x160 0x169 0x16a 0x161 0x13f,11,speech,0,11,0x001,1,0x21119e2,0x21119fa,0x40deab2,0x40e19a0
0x22f,0x0d4,1,sfx,0,0,0x1b0,0,0x21119fc,0x21119fe,0x40deaca,0x40e19b4
0x230,0x209,1,speech,0,0,0x001,0,0x2111a00,0x2111a02,0x40deace,0x40e19c8
0x231,0x1cb,1,speech,0,0,0x001,0,0x2111a04,0x2111a06,0x40dead2,0x40e19dc
0x232,0x09e,1,sfx,0,0,0x1b2,0,0x2111a08,0x2111a0a,0x40dead6,0x40e19f0
0x233,0x00c,1,sfx,0,0,0x001,0,0x2111a0c,0x2111a0e,0x40deada,0x40e1a04
0x234,0x0c4,1,sfx,0,0,0x1b0,0,0x2111a10,0x2111a12,0x40deade,0x40e1a18
0x235,0x208,1,speech,0,0,0x001,0,0x2111a14,0x2111a16,0x40deae2,0x40e1a2c
0x236,0x032,1,sfx,0,0,0x1b0,0,0x2111a18,0x2111a1a,0x40deae6,0x40e1a40
0x237,0x212 0x141 0x1b8 0x213 0x258 0x00c 0x214 0x269 0x268 0x108 0x26a,11,sfx speech,0,0,0x001,0,0x2111a1c,0x2111a1e,0x40deaea,0x40e1a54
0x238,0x0c6,1,sfx,0,0,0x1b0,0,0x2111a20,0x2111a22,0x40deb02,0x40e1a68
0x239,0x076,1,sfx,0,0,0x1b0,0,0x2111a24,0x2111a26,0x40deb06,0x40e1a7c
0x23a,0x0d4,1,sfx,0,0,0x1b0,0,0x2111a28,0x2111a2a,0x40deb0a,0x40e1a90
0x23b,0x0d6,1,sfx,0,0,0x1b0,0,0x2111a2c,0x2111a2e,0x40deb0e,0x40e1aa4
0x23c,0x0da,1,sfx,0,0,0x1b0,0,0x2111a30,0x2111a32,0x40deb12,0x40e1ab8
0x23d,0x076,1,sfx,0,0,0x1b0,0,0x2111a34,0x2111a36,0x40deb16,0x40e1acc
0x23e,0x0d4,1,sfx,0,0,0x1b0,0,0x2111a38,0x2111a3a,0x40deb1a,0x40e1ae0
0x23f,0x0d7,1,sfx,0,0,0x1b0,0,0x2111a3c,0x2111a3e,0x40deb1e,0x40e1af4
0x240,0x0da,1,sfx,0,0,0x1b0,0,0x2111a40,0x2111a42,0x40deb22,0x40e1b08
0x241,0x0d4,1,sfx,0,0,0x1b0,0,0x2111a44,0x2111a46,0x40deb26,0x40e1b1c
0x242,0x0e2,1,sfx,0,0,0x1b0,0,0x2111a48,0x2111a4a,0x40deb2a,0x40e1b30
0x243,0x0d9,1,sfx,0,0,0x1b0,0,0x2111a4c,0x2111a4e,0x40deb2e,0x40e1b44
0x244,0x076,1,sfx,0,0,0x1b0,0,0x2111a50,0x2111a52,0x40deb32,0x40e1b58
0x245,0x0d4,1,sfx,0,0,0x1b0,0,0x2111a54,0x2111a56,0x40deb36,0x40e1b6c
0x246,0x076,1,sfx,0,0,0x1b0,0,0x2111a58,0x2111a5a,0x40deb3a,0x40e1b80
0x247,0x073,1,sfx,0,0,0x1b0,0,0x2111a5c,0x2111a5e,0x40deb3e,0x40e1b94
0x248,0x0de,1,sfx,0,0,0x1b0,0,0x2111a60,0x2111a62,0x40deb42,0x40e1ba8
0x249,0x0d5,1,sfx,0,0,0x1b0,0,0x2111a64,0x2111a66,0x40deb46,0x40e1bbc
0x24a,0x0e2,1,sfx,0,0,0x1b0,0,0x2111a68,0x2111a6a,0x40deb4a,0x40e1bd0
0x24b,0x0de,1,sfx,0,0,0x1b0,0,0x2111a6c,0x2111a6e,0x40deb4e,0x40e1be4
0x24c,0x0d9,1,sfx,0,0,0x1b0,0,0x2111a70,0x2111a72,0x40deb52,0x40e1bf8
0x24d,0x0df,1,sfx,0,0,0x1b0,0,0x2111a74,0x2111a76,0x40deb56,0x40e1c0c
0x24e,0x0da,1,sfx,0,0,0x1b0,0,0x2111a78,0x2111a7a,0x40deb5a,0x40e1c20
0x24f,0x0d6,1,sfx,0,0,0x1b0,0,0x2111a7c,0x2111a7e,0x40deb5e,0x40e1c34
0x250,0x0d5,1,sfx,0,0,0x1b0,0,0x2111a80,0x2111a82,0x40deb62,0x40e1c48
0x251,0x0de,1,sfx,0,0,0x1b0,0,0x2111a84,0x2111a86,0x40deb66,0x40e1c5c
0x252,0x09e,1,sfx,0,0,0x1b0,0,0x2111a88,0x2111a8a,0x40deb6a,0x40e1c70
0x253,0x208,1,speech,0,0,0x001,0,0x2111a8c,0x2111a8e,0x40deb6e,0x40e1c84
0x254,0x1cb,1,speech,0,0,0x001,0,0x2111a90,0x2111a92,0x40deb72,0x40e1c98
0x255,0x09e,1,sfx,0,0,0x1b2,0,0x2111a94,0x2111a96,0x40deb76,0x40e1cac
0x256,0x00c,1,sfx,0,0,0x001,0,0x2111a98,0x2111a9a,0x40deb7a,0x40e1cc0
0x257,0x00c,1,sfx,0,0,0x17f,0,0x2111a9c,0x2111a9e,0x40deb7e,0x40e1cd4
0x258,0x00c,1,sfx,0,0,0x1c1,0,0x2111aa0,0x2111aa2,0x40deb82,0x40e1ce8
0x259,0x00c,1,sfx,0,0,0x001,0,0x2111aa4,0x2111aa6,0x40deb86,0x40e1cfc
0x25a,0x00c,1,sfx,0,0,0x001,0,0x2111aa8,0x2111aaa,0x40deb8a,0x40e1d10
0x25b,0x00c,1,sfx,0,0,0x001,0,0x2111aac,0x2111aae,0x40deb8e,0x40e1d24
0x25c,0x00c,1,sfx,0,0,0x180,0,0x2111ab0,0x2111ab2,0x40deb92,0x40e1d38
0x25d,0x08a 0x089 0x088,3,sfx,0,2,0x180,0,0x2111ab4,0x2111aba,0x40deb96,0x40e1d4c
0x25e,0x08b 0x08c,2,sfx,0,0,0x180,0,0x2111abc,0x2111abe,0x40deb9e,0x40e1d60
0x25f,0x00c,1,sfx,0,0,0x001,0,0x2111ac0,0x2111ac2,0x40deba4,0x40e1d74
0x260,0x0ae,1,sfx,0,0,0x181,0,0x2111ac4,0x2111ac6,0x40deba8,0x40e1d88
0x261,0x00c,1,sfx,0,0,0x180,0,0x2111ac8,0x2111aca,0x40debac,0x40e1d9c
0x262,0x0cd 0x0ce 0x0cf,3,sfx,0,0,0x180,0,0x2111acc,0x2111ace,0x40debb0,0x40e1db0
0x263,0x051 0x052 0x053 0x054,4,sfx,0,0,0x180,0,0x2111ad0,0x2111ad2,0x40debb8,0x40e1dc4
0x264,0x132 0x133 0x134 0x135 0x136 0x139 0x13a 0x13b 0x13c 0x13d 0x13e 0x13f 0x15c 0x16b,14,speech,0,13,0x001,0,0x2111ad4,0x2111af0,0x40debc2,0x40e1dd8
0x265,0x00c,1,sfx,0,0,0x001,0,0x2111af2,0x2111af4,0x40debe0,0x40e1dec
0x266,0x0bc 0x0bb 0x0bd 0x056 0x057 0x058 0x059,7,sfx,0,0,0x181,0,0x2111af6,0x2111af8,0x40debe4,0x40e1e00
0x267,0x00c,1,sfx,0,0,0x181,0,0x2111afa,0x2111afc,0x40debf4,0x40e1e14
0x268,0x00c,1,sfx,0,0,0x182,0,0x2111afe,0x2111b00,0x40debf8,0x40e1e28
0x269,0x00c,1,sfx,0,0,0x001,0,0x2111b02,0x2111b04,0x40debfc,0x40e1e3c
0x26a,0x00c,1,sfx,0,0,0x001,0,0x2111b06,0x2111b08,0x40dec00,0x40e1e50
0x26b,0x0e8 0x0e9 0x0ea,3,sfx,0,0,0x182,0,0x2111b0a,0x2111b0c,0x40dec04,0x40e1e64
0x26c,0x00c,1,sfx,0,0,0x182,0,0x2111b0e,0x2111b10,0x40dec0c,0x40e1e78
0x26d,0x09b 0x09c,2,sfx,0,0,0x185,0,0x2111b12,0x2111b14,0x40dec10,0x40e1e8c
0x26e,0x0c2 0x0c1 0x0c0,3,sfx,0,0,0x1b0,0,0x2111b16,0x2111b18,0x40dec16,0x40e1ea0
0x26f,0x24e,1,speech,0,0,0x001,0,0x2111b1a,0x2111b1c,0x40dec1e,0x40e1eb4
0x270,0x0c1,1,sfx,0,0,0x19f,0,0x2111b1e,0x2111b20,0x40dec22,0x40e1ec8
0x271,0x09e,1,sfx,0,0,0x19f,0,0x2111b22,0x2111b24,0x40dec26,0x40e1edc
0x272,0x04e 0x04f,2,sfx,0,0,0x181,0,0x2111b26,0x2111b28,0x40dec2a,0x40e1ef0
0x273,0x04e 0x04f,2,sfx,0,0,0x181,0,0x2111b2a,0x2111b2c,0x40dec30,0x40e1f04
0x274,0x00c,1,sfx,0,0,0x181,0,0x2111b2e,0x2111b30,0x40dec36,0x40e1f18
0x275,0x00c,1,sfx,0,0,0x182,0,0x2111b32,0x2111b34,0x40dec3a,0x40e1f2c
0x276,0x00c,1,sfx,0,0,0x001,0,0x2111b36,0x2111b38,0x40dec3e,0x40e1f40
0x277,0x00c,1,sfx,0,0,0x001,0,0x2111b3a,0x2111b3c,0x40dec42,0x40e1f54
0x278,0x00c,1,sfx,0,0,0x182,0,0x2111b3e,0x2111b40,0x40dec46,0x40e1f68
0x279,0x00c,1,sfx,0,0,0x182,0,0x2111b42,0x2111b44,0x40dec4a,0x40e1f7c
0x27a,0x01a,1,sfx,0,0,0x1b0,0,0x2111b46,0x2111b48,0x40dec4e,0x40e1f90
0x27b,0x24b 0x24a 0x249,3,speech,0,0,0x001,0,0x2111b4a,0x2111b4c,0x40dec52,0x40e1fa4
0x27c,0x01c 0x01d 0x01b,3,sfx,0,0,0x1b0,0,0x2111b4e,0x2111b50,0x40dec5a,0x40e1fb8
0x27d,0x24b 0x24a 0x249,3,speech,0,0,0x000,0,0x2111b52,0x2111b54,0x40dec62,0x40e1fcc
0x27e,0x00c,1,sfx,0,0,0x001,0,0x2111b56,0x2111b58,0x40dec6a,0x40e1fe0
0x27f,0x00c,1,sfx,0,0,0x001,0,0x2111b5a,0x2111b5c,0x40dec6e,0x40e1ff4
0x280,0x00c,1,sfx,0,0,0x001,0,0x2111b5e,0x2111b60,0x40dec72,0x40e2008
0x281,0x00c,1,sfx,0,0,0x001,0,0x2111b62,0x2111b64,0x40dec76,0x40e201c
0x282,0x00c,1,sfx,0,0,0x001,0,0x2111b66,0x2111b68,0x40dec7a,0x40e2030
0x283,0x00c,1,sfx,0,0,0x001,0,0x2111b6a,0x2111b6c,0x40dec7e,0x40e2044
0x284,0x00c,1,sfx,0,0,0x001,0,0x2111b6e,0x2111b70,0x40dec82,0x40e2058
0x285,0x00c,1,sfx,0,0,0x001,0,0x2111b72,0x2111b74,0x40dec86,0x40e206c
0x286,0x00c,1,sfx,0,0,0x1b0,0,0x2111b76,0x2111b78,0x40dec8a,0x40e2080
0x287,0x00c,1,sfx,0,0,0x0a0,0,0x2111b7a,0x2111b7c,0x40dec8e,0x40e2094
0x288,0x00c,1,sfx,0,0,0x001,0,0x2111b7e,0x2111b80,0x40dec92,0x40e20a8
0x289,0x00c,1,sfx,0,0,0x1b0,0,0x2111b82,0x2111b84,0x40dec96,0x40e20bc
0x28a,0x00c,1,sfx,0,0,0x001,0,0x2111b86,0x2111b88,0x40dec9a,0x40e20d0
0x28b,0x00c,1,sfx,0,0,0x19f,0,0x2111b8a,0x2111b8c,0x40dec9e,0x40e20e4
0x28c,0x00c,1,sfx,0,0,0x001,0,0x2111b8e,0x2111b90,0x40deca2,0x40e20f8
0x28d,0x05a 0x05b 0x05c 0x05d,4,sfx,0,0,0x1b0,0,0x2111b92,0x2111b94,0x40deca6,0x40e210c
0x28e,0x00c,1,sfx,0,0,0x1b0,0,0x2111b96,0x2111b98,0x40decb0,0x40e2120
0x28f,0x00c,1,sfx,0,0,0x001,0,0x2111b9a,0x2111b9c,0x40decb4,0x40e2134
0x290,0x0e3,1,sfx,0,0,0x1b2,0,0x2111b9e,0x2111ba0,0x40decb8,0x40e2148
0x291,0x00c,1,sfx,0,0,0x001,0,0x2111ba2,0x2111ba4,0x40decbc,0x40e215c
0x292,0x00c,1,sfx,0,0,0x190,0,0x2111ba6,0x2111ba8,0x40decc0,0x40e2170
0x293,0x042,1,sfx,0,0,0x191,0,0x2111baa,0x2111bac,0x40decc4,0x40e2184
0x294,0x1a8 0x1a9 0x1aa 0x1a7,4,speech,0,0,0x1b1,0,0x2111bae,0x2111bb0,0x40decc8,0x40e2198
0x295,0x1ac 0x1ab 0x1ad 0x1b0,4,speech,0,0,0x1b1,0,0x2111bb2,0x2111bb4,0x40decd2,0x40e21ac
0x296,0x1b1 0x1af 0x1ae 0x1b3,4,speech,0,0,0x1b1,0,0x2111bb6,0x2111bb8,0x40decdc,0x40e21c0
0x297,0x1c6 0x1c7 0x1c8 0x1c9,4,speech,0,0,0x1b1,0,0x2111bba,0x2111bbc,0x40dece6,0x40e21d4
0x298,0x142 0x143 0x144 0x145,4,speech,0,0,0x1b1,0,0x2111bbe,0x2111bc0,0x40decf0,0x40e21e8
0x299,0x146 0x147 0x149 0x148,4,speech,0,0,0x1b1,0,0x2111bc2,0x2111bc4,0x40decfa,0x40e21fc
0x29a,0x02f,1,sfx,0,0,0x1b1,0,0x2111bc6,0x2111bc8,0x40ded04,0x40e2210
0x29b,0x00c,1,sfx,0,0,0x001,0,0x2111bca,0x2111bcc,0x40ded08,0x40e2224
0x29c,0x030,1,sfx,0,0,0x1b1,0,0x2111bce,0x2111bd0,0x40ded0c,0x40e2238
0x29d,0x00c,1,sfx,0,0,0x001,0,0x2111bd2,0x2111bd4,0x40ded10,0x40e224c
0x29e,0x00c,1,sfx,0,0,0x001,0,0x2111bd6,0x2111bd8,0x40ded14,0x40e2260
0x29f,0x031,1,sfx,0,0,0x1b1,0,0x2111bda,0x2111bdc,0x40ded18,0x40e2274
0x2a0,0x00c,1,sfx,0,0,0x001,0,0x2111bde,0x2111be0,0x40ded1c,0x40e2288
0x2a1,0x00c,1,sfx,0,0,0x080,0,0x2111be2,0x2111be4,0x40ded20,0x40e229c
0x2a2,0x00c,1,sfx,0,0,0x080,0,0x2111be6,0x2111be8,0x40ded24,0x40e22b0
0x2a3,0x0f1 0x0f2,2,sfx,0,0,0x080,0,0x2111bea,0x2111bec,0x40ded28,0x40e22c4
0x2a4,0x050,1,sfx,0,0,0x080,0,0x2111bee,0x2111bf0,0x40ded2e,0x40e22d8
0x2a5,0x00c,1,sfx,0,0,0x081,0,0x2111bf2,0x2111bf4,0x40ded32,0x40e22ec
0x2a6,0x00c,1,sfx,0,0,0x1a0,0,0x2111bf6,0x2111bf8,0x40ded36,0x40e2300
0x2a7,0x00c,1,sfx,0,0,0x1a0,0,0x2111bfa,0x2111bfc,0x40ded3a,0x40e2314
0x2a8,0x00c,1,sfx,0,0,0x1a0,0,0x2111bfe,0x2111c00,0x40ded3e,0x40e2328
0x2a9,0x00c,1,sfx,0,0,0x1a0,0,0x2111c02,0x2111c04,0x40ded42,0x40e233c
0x2aa,0x0d9,1,sfx,0,0,0x1a2,0,0x2111c06,0x2111c08,0x40ded46,0x40e2350
0x2ab,0x0c5,1,sfx,0,0,0x1a2,0,0x2111c0a,0x2111c0c,0x40ded4a,0x40e2364
0x2ac,0x1e6 0x1f2,2,speech,0,0,0x001,0,0x2111c0e,0x2111c10,0x40ded4e,0x40e2378
0x2ad,0x00c,1,sfx,0,0,0x001,0,0x2111c12,0x2111c14,0x40ded54,0x40e238c
0x2ae,0x00c,1,sfx,0,0,0x1a2,0,0x2111c16,0x2111c18,0x40ded58,0x40e23a0
0x2af,0x00c,1,sfx,0,0,0x1a2,0,0x2111c1a,0x2111c1c,0x40ded5c,0x40e23b4
0x2b0,0x00c,1,sfx,0,0,0x001,0,0x2111c1e,0x2111c20,0x40ded60,0x40e23c8
0x2b1,0x11e 0x11f 0x120 0x121 0x122 0x127 0x12a 0x12b 0x12c 0x12d 0x12e 0x12f 0x130 0x131,14,speech,0,14,0x001,1,0x2111c22,0x2111c40,0x40ded64,0x40e23dc
0x2b2,0x1f0 0x1f1 0x1e5 0x1f6 0x1f7 0x1f8 0x1f9,7,speech,0,5,0x001,1,0x2111c42,0x2111c4e,0x40ded82,0x40e23f0
0x2b3,0x1f4 0x1e7 0x1ed,3,speech,0,1,0x001,1,0x2111c50,0x2111c54,0x40ded92,0x40e2404
0x2b4,0x1ee,1,speech,0,0,0x001,0,0x2111c56,0x2111c58,0x40ded9a,0x40e2418
0x2b5,0x155 0x1ba 0x1c3 0x227 0x257 0x1ec 0x22a 0x22b 0x22d 0x22e,10,speech,0,7,0x001,1,0x2111c5a,0x2111c6a,0x40ded9e,0x40e242c
0x2b6,0x156 0x1bc 0x1c4 0x1df 0x1e0 0x22c 0x1eb 0x1e8 0x1e9 0x1ea,10,speech,0,0,0x001,0,0x2111c6c,0x2111c6e,0x40dedb4,0x40e2440
0x2b7,0x00c,1,sfx,0,0,0x199,0,0x2111c70,0x2111c72,0x40dedca,0x40e2454
0x2b8,0x00c,1,sfx,0,0,0x199,0,0x2111c74,0x2111c76,0x40dedce,0x40e2468
0x2b9,0x00c,1,sfx,0,0,0x199,0,0x2111c78,0x2111c7a,0x40dedd2,0x40e247c
0x2ba,0x00c 0x00c 0x00c 0x00c 0x00c 0x00c,6,sfx,0,3,0x001,1,0x2111c7c,0x2111c84,0x40dedd6,0x40e2490
0x2bb,0x00c,1,sfx,0,1,0x001,1,0x2111c86,0x2111c8a,0x40dede4,0x40e24a4
0x2bc,0x00c,1,sfx,0,1,0x001,1,0x2111c8c,0x2111c90,0x40dede8,0x40e24b8
0x2bd,0x15b,1,speech,0,1,0x001,1,0x2111c92,0x2111c96,0x40dedec,0x40e24cc
0x2be,0x15e,1,speech,0,1,0x001,1,0x2111c98,0x2111c9c,0x40dedf0,0x40e24e0
0x2bf,0x0a4 0x0d8 0x0d7 0x0d9 0x0d4 0x0d5 0x0d2 0x0d3,8,sfx,0,6,0x1c4,0,0x2111c9e,0x2111cac,0x40dedf4,0x40e24f4
0x2c0,,0,,0,10,0x001,1,0x2111cae,0x2111cc4,0x40dee06,0x40e2508
