deff,name,priority,background_loop,flags,rom_text,animation_frames,run_ms,rendered_in_emulation,sounds_heard,sounds_in_code,lamp_effects_heard,lamp_effects_in_code,images_drawn,library_animations,started_by_code,rom_function,capture
1,deff_001_game_over,1,yes,0x1,"00 / GAME OVER / CREDITS 1/3 / REPLAY AT / 20,000,000 / AUTOBOT / GRAND CHAMPION / OPT / 75,000,000 / HIGH SCORE #1",5,9985.0,yes,,,,,,,0xa84,0x103c584,bg001
2,deff_002_use_to_adjust_volume,248,,0x2,USE -/+ TO ADJUST VOLUME / VOLUME 40,1,4908.1,yes,,,,,206 207,,0xee1c 0xf2a8,0x1040050,fg0
3,deff_003_transformers,253,,0x0,TRANSFORMERS / V1.8 / SYS. 1.64 / HDW. 1 / SERVICE MENU / PRESS 'SELECT' TO CONTINUE,1,12010.7,yes,,,,,,,0xed90,0x103f960,fg1
4,deff_004_50v_20v_disabled,247,,0x2,50V / 20V DISABLED / CLOSE COIN DOOR / OR PULL INTERLOCK SWITCH / TO RESTORE POWER,11,12000.2,yes,0x00a@256ms 0x00a@512ms 0x00a@768ms 0x00a@1024ms 0x00a@1280ms,0x010,,,,,,0x103ee10,fg2
5,deff_005,254,,0x2,,0,0.0,no,,,,,,,0x6ecc,0x103ef30,fg3
6,deff_006_0_hz,192,,0x2,000000 / 0 HZ,1,1.0,yes,,,,,,,,0x103f3ec,fg0
7,deff_007,255,,0x0,,0,0.0,no,,,,,,,0x5630,0x103ebd0,fg1
8,deff_008,255,,0x0,,0,,no,,,,,,,,0x103ed5c,
9,deff_009,73,,0x0,0/10 - 10,1,1.0,yes,,,,,,,,0x103ec9c,fg2
10,deff_010,239,,0x2,,0,0.0,no,,,,,,,0x3f00,0x1000000,fg3
11,deff_011_locating_pinballs,224,,0x2,LOCATING PINBALLS / PLEASE WAIT...,1,12008.0,yes,,,,,,,0x103b5e4,0x103c714,fg0
12,deff_012_operator_alert,241,,0x2,OPERATOR ALERT! / INVALID / DEVICE MALFUNCTION,1,2.0,yes,,,,,,,0x10383a8 0x10387ac 0x1038b80 0x10391a0,0x103c3e8,fg1
13,deff_013,240,,0x2,,0,0.0,no,,,,,,,0x103b8e0,0x103c508,fg2
14,deff_014,64,,0x2,BALL 1 / CREDITS 1/3 / 00,1,12016.2,yes,,,,,,,0x68ec 0x68ec 0x26608 0x26608,0x103c6f8,fg3
15,deff_015_insert_coins,238,,0x2, / INSERT COINS / 00,39,3114.2,yes,,,,,,,0x1a6e4,0x1000000,fg0
16,deff_016,238,,0x2,,0,0.0,no,,,,,,,0x1a6fc,0x103de04,fg1
17,deff_017_insert_coins,248,,0x2, / INSERT COINS / 00,38,3115.0,yes,,,,,,,0xf008 0xf290,0x1000000,fg2
18,deff_018_bump_n_win,96,,0x0,BUMP 'N' WIN / BUMP 'N' WIN SCORE / 00,27,3810.8,yes,,,,,208 209 212 213,anim_001_img00208 anim_003_img00212,0x1a6fc,0x103dff0,fg3
19,deff_019_replay_at_20_000_000,1,yes,0x1,"00 / BALL 1 / CREDITS 1/3 / REPLAY AT 20,000,000",92,9998.9,yes,,,,,,,0x19d30,0x102fb8c,bg019
20,deff_020_ball_saved,223,,0x0,BALL SAVED / KEEP SHOOTING,49,2317.8,yes,,0x05e 0x05f,,,,,0x17b3c,0x1007fa0,fg0
21,deff_021_tilt,1,yes,0x1,TILT,104,9984.3,yes,,,,,,,,0x103dcfc,bg021
22,deff_022,243,,0x2,,0,,no,,,,,,,,0x103dcf8,
23,deff_023_danger,241,,0x2,DANGER,1,1.0,yes,,,,,,,,0x103dd78,fg1
24,deff_024_slam_tilt,251,,0x2,SLAM TILT,1,1.0,yes,,,,,,,0x1d534,0x103dc88,fg2
25,deff_025_bonus,242,,0x0,"BONUS / 00 / 1X / 125,000 / TOTAL BONUS",97,5418.2,yes,0x014@0ms 0x04d@750ms 0x04e@750ms 0x04f@1073ms 0x016@2437ms 0x001@5432ms,0x001 0x022 0x079,,,8795 8796 8797 8798 8799 8800 8801 8802,anim_207_img08795,0x19e44,0x10014b8,fg3
26,deff_026,208,,0x0,00,23,2230.2,yes,0x03c@0ms 0x03d@1162ms,0x060 0x061,,,9801 9802 9803 9804 9805 9806 9807 9808 9809 9810 9811 9812 9813 9814 9815 9816 9817 9818 9819 9820 9821 9822 9823 9824,anim_256_img09801,0x19d30,0x1007ef4,fg0
27,deff_027_instant_info,16,,0x6,INSTANT INFO,1,1.2,yes,,,,,,,0x1914c,0x103d1e8,fg1
28,deff_028,240,,0x0,00,37,2757.9,yes,0x044@0ms,0x068,,,10142 10143 10144 10145 10146 10147 10148 10149 10150 10151 10152 10154 10155 10156 10157 10158 10159,anim_272_img10142,,0x10086e8,fg2
29,deff_029,240,,0x0,00,39,2735.2,yes,0x044@0ms,0x068,,,10142 10143 10144 10145 10146 10147 10148 10149 10150 10151 10152 10175 10176 10177 10178 10179 10180,anim_272_img10142,,0x100887c,fg3
30,deff_030_tickets,240,,0x0,0 / TICKETS,50,2404.2,yes,0x046@0ms,0x070,,,10206 10207 10208 10209 10210 10211,anim_273_img10206,,0x10088b4,fg0
31,deff_031_enter_initials,244,,0x2,PLAYER 0 / ENTER INITIALS,0,1.6,yes,,,,,,,0x18d54,0x103ce90,fg1
32,deff_032_i_x_d_h_t,244,,0x2,PLAYER 0 - ENTER INITIALS / I???X???d???h???t??? / I / D / L / A / V / N,108,12011.9,yes,,,,,203 204 205,,0x18d54,0x103c840,fg2
33,deff_033_x_d_h_t,244,,0x2,PLAYER 0 / ????X???d???h???t??? /  / 00,1,0.9,yes,,,,,,,0x18c04,0x103d0e4,fg3
34,deff_034_sorry,244,,0x2,"SORRY, / YOU DID NOT QUALIFY / PLEASE TRY AGAIN!",1,2.7,yes,,,,,,,0x1e810,0x103ea20,fg0
35,deff_035,244,,0x2,,0,0.0,no,,,,,,,0x1e328,0x103e208,fg1
36,deff_036_invalid,244,,0x2,INVALID /  PLACE / Q???X???d???h???t??? / I / D / L / A / V / N,107,12002.0,yes,,,,,203 204 205,,0x1e328 0x1e328,0x103e460,fg2
37,deff_037,244,,0x2,,0,0.0,no,,,,,,,0x1e328,0x103e980,fg3
38,deff_038,245,,0x0,00,20,5379.9,yes,0x017@0ms 0x049@4812ms,0x023 0x072 0x073 0x074,,,9570 9571 9572 9573 9574 9575 9576 9577 9578 9579 9580 9581 9582 9583 9584 9585 9587 9588 9589 9590,anim_236_img09570 anim_237_img09586,0x19668,0x100820c,fg0
39,deff_039_competition_mode,80,,0x0,COMPETITION MODE / READY / PRESS START NOW / 5 / 4 / 3 / 2 / 1 / 0,6,4962.3,yes,,,,,,,,0x103d240,fg1
40,deff_040_use_flippers_to,1,yes,0x1,00 / USE FLIPPERS TO / CHOOSE YOUR SIDE / PLUNGE BALL TO / CONFIRM SELECTION,94,10001.1,yes,,0x257,,,8756,anim_204_img08754,,0x1034198,bg040
41,deff_041_decepticon,193,,0x2,DECEPTICON / TRANSFORMER SELECTED / 00,38,2467.9,yes,0x03a@0ms,,96,96,,,0x1033f54,0x1034424,fg2
42,deff_042_hands_free,193,,0x2,00 / HANDS FREE / SKILL SHOT,56,2670.1,yes,0x0a5@0ms,0x165,93,93,9284 9285 9286 9287 9288 9289 9290 9291 9292 9293 9294 9295 9296 9297 9298 9299,anim_221_img09268,0x1031630,0x1031aa4,fg3
43,deff_043_super_skill_shot,193,,0x2,SUPER SKILL SHOT / 00,44,2475.9,yes,0x0a7@0ms,0x167,94,94,,,,0x1031d8c,fg0
44,deff_044,129,,0x2,,0,0.0,no,,0x059 0x05a,,,,,0x102db28 0x102e208,0x102de6c,fg1
45,deff_045,129,,0x2,,0,0.0,no,,,,,,,0x102db28 0x102e208,0x102e568,fg2
46,deff_046,128,,0x0,00,37,1145.5,yes,,,,,8025 8026 8027 8028 8029 8030 8031 8032 8033 8034 8035 8036 8037 8038 8039 8040 8041 8043 8044 8045 8046 8047 8048 8049 8050 8051,anim_183_img08025 anim_184_img08043,0x102c8c8,0x102d004,fg3
47,deff_047_pops_grow,129,,0x2,POPS GROW / 00,46,2049.9,yes,,0x15e,30,30,,,0x102c624,0x102c678,fg0
48,deff_048_0_way_combo,153,,0x2,0-WAY COMBO / 00 / 0 COMBOS,26,2389.0,yes,,,,,,,,0x1003354,fg1
49,deff_049_multipliers_lit,155,,0x2,00 / 0X / MULTIPLIERS LIT,14,1466.7,yes,,,36,36,,,,0x1023b10,fg2
50,deff_050,159,,0x2,,0,0.0,no,,0x05b 0x05c 0x05d,,38,,,0x10237ac,0x1023c5c,fg3
51,deff_051,129,,0x2,,0,0.0,no,,0x13e 0x13f,,,,,,0x1024080,fg0
52,deff_052_special,160,,0x2,"SPECIAL / LIT / 00 / EXTRA BALL / 200,000 / 0X BONUS / MULTIPLIER / ADD-A-BALL / ADD MORE / TIME",75,2604.0,yes,0x08c@0ms 0x090@195ms 0x08d@1626ms,0x140 0x141 0x142 0x143 0x144,41,41,9388 9389 9390 9391 9392 9393 9394 9395 9396 9397 9398 9399 9400 9401 9402 9403 9404 9405 9406 9407 9408 9409 9410 9411 9412 9413 9414 9415 9416 9417 9418 9419 9420 9421 9422 9423 9424 9425 9426 9427 9428 9429 9430 9431 9432 9433 9434 9435 9436 9437,anim_224_img09388,,0x1024524,fg1
53,deff_053_extra,180,,0x2,EXTRA / BALL / IS LIT / 00,70,4042.6,yes,0x03f@1190ms,,42,42,,,,0x1007bb4,fg2
54,deff_054,181,,0x2,00,139,6306.1,yes,0x040@0ms 0x041@4370ms,0x064,43,43,9696 9697 9698 9699 9700 9701 9702 9703 9704 9705 9706 9707 9708 9709 9710 9711 9712 9713 9714 9715 9716 9717 9718 9719 9720 9721 9722 9723 9724 9725 9726 9727 9728 9729 9730 9731 9732 9733 9734 9735 9736 9737 9738 9739 9740 9741 9742 9743 9744 9745 9746 9747 9748 9749 9750 9751 9752 9753 9754 9755,anim_255_img09696,0x1007b74,0x1007d4c,fg3
55,deff_055_special,180,,0x2,SPECIAL / IS LIT / 00,51,2407.7,yes,0x042@0ms 0x043@1303ms,0x066,,,,,,0x1008578,fg0
56,deff_056,181,,0x2,,0,0.0,no,,0x068,,,,,,0x1008894,fg1
57,deff_057,192,,0x2,00,95,5748.8,yes,0x05d@1632ms,0x07d,45,45,4336 4337 4338 4339 4340 4341 4342 4343 4344 4345 4346 4347 4348 4349 4350 4351 4352 4353 4354 4355 4356 4357 4358 4359 4360 4361 4362 4363 4364 4365 4366 4367 4368 4369 8777 8785,anim_081_img04336,,0x10280bc,fg2
58,deff_058_optimus_prime,1,yes,0x1,00 / OPTIMUS PRIME / MULTIBALL / SHOOT / FLASHING / SHOTS,78,10001.5,yes,,,,,9665 9666 9667 9668 9669 9670 9671 9672,anim_251_img09665,,0x10283c8,bg058
59,deff_059,193,,0x2,,0,0.0,no,,,,48,,,0x1027b74,0x1028950,fg3
60,deff_060,193,,0x2,,0,0.0,no,,0x084,,49,,,0x1027b74,0x1028da0,fg0
61,deff_061_super_jackpot,194,,0x2,00 / SUPER JACKPOT,109,5171.3,yes,0x05a@3015ms,0x08f 0x090 0x0a1,50,50,4736 4737 4738 4739 4740 4741 4742 4743 4744 4745 4746 4747 4748 4749 4750 4751 4752 4753 4754 4755 4756 4757 4758 4759 4760 4761 4762 4763 4764 4765 4766 4767 4768 4769 4770 4771 4772,anim_091_img04736,0x1027b74,0x1029014,fg1
62,deff_062,207,,0x2,,0,0.0,no,,0x091,,51,,,,0x1029218,fg2
63,deff_063,192,,0x2,00,160,8657.9,yes,,0x0a4 0x0b0,53,53,5406 5407 5408 5409 5410 5411 5412 5413 5414 5415 5416 5417 5418 5419 5420 5421 5422 5423 5424 5425 5426 5427 5428 5429 5430 5431 5432 5433 5434 5435 5436 5437 5438 5439 5440 5441 5442 5443 5444 5445 5446 5447 5448 5449 5450 5451 5452 5453 5454 5455 5456 5457 5458 5459 5460 5461 5462 5463 5464 5465,anim_110_img05406,,0x102a1b8,fg3
64,deff_064,1,yes,0x1,,0,0.0,no,,,,,,,,0x102a4e8,bg064
65,deff_065_jackpot,193,,0x2,00 / JACKPOT,61,2632.4,yes,,0x0b1,56,56,5702 5703 5704 5705 5706 5707 5708 5709 5710 5711 5712 5713 5714 5715 5716,anim_119_img05702,0x1029bf4 0x1029bf4,0x102aa70,fg0
66,deff_066,193,,0x2,,0,0.0,no,,0x0aa 0x0c4,,57,,,0x1029bf4,0x102ad30,fg1
67,deff_067_super_jackpot,194,,0x2,00 / SUPER JACKPOT,164,6640.0,yes,,0x0ab 0x0c5,58,58,6241 6242 6243 6244 6245 6246 6247 6248 6249 6250 6251 6252 6253 6254 6255 6256 6257 6258 6259 6260 6261 6262 6263 6264 6265 6266 6267 6268 6269 6270 6271 6272 6273 6274 6275 6276 6277 6278 6279 6280 6281 6282 6283 6284 6285 6286 6287 6288 6289 6290 6291 6292 6293 6294 6295 6296 6297 6298 6299 6300,anim_134_img06241,0x1029bf4,0x102af98,fg2
68,deff_068,207,,0x2,,0,0.0,no,,0x0ae,,59,,,,0x102b18c,fg3
69,deff_069,192,,0x2,00,130,6379.4,yes,,0x0c8 0x0c9,61,61,4553 4554 4555 4556 4557 4558 4559 4560 4561 4562 4563 4564 4565 4566 4567 4568 4569 4570 4571 4572 4573 4574 4575 4576 4577 4578 4579 4580 4581 4582 4583 4584 4585 4586 4587 4588 4589 4590 4591 4592 4593 8771 8775,anim_086_img04553,,0x100c9e4,fg0
70,deff_070,1,yes,0x1,,0,0.0,no,,,,,,,,0x100cd04,bg070
71,deff_071_jackpot,193,,0x2,00 / JACKPOT,85,3643.1,yes,,0x0d1,64,64,4879 4880 4881 4882 4883 4884 4885 4886 4887 4888 4889 4890 4891 4892 4893 4894 4895 4896 4897 4898 4899 4900 4901 4902 4903 4904 4905 4906 4907 4908 4909 4910 4911,anim_096_img04879,0x100c430,0x100d214,fg1
72,deff_072_double_jackpot,193,,0x2,00 / DOUBLE JACKPOT,114,4827.2,yes,,0x0d8,65,65,4965 4966 4967 4968 4969 4970 4971 4972 4973 4974 4975 4976 4977 4978 4979 4980 4981 4982 4983 4984 4985 4986 4987 4988 4989 4990 4991 4992 4993 4994 4995 4996 4997 4998 4999 5000 5001 5002 5003 5004 5005 5006 5007 5008,anim_099_img04965,0x100c430,0x100d550,fg2
73,deff_073_super_jackpot,194,,0x2,00 / SUPER JACKPOT,135,6011.9,yes,,0x0d9,66,66,5035 5036 5037 5038 5039 5040 5041 5042 5043 5044 5045 5046 5047 5048 5049 5050 5051 5052 5053 5054 5055 5056 5057 5058 5059 5060 5061 5062 5063 5064 5065 5066 5067 5068 5069 5070 5071,anim_101_img05035,0x100c430,0x100d7bc,fg3
74,deff_074_megatron,207,,0x2,00 / MEGATRON / MULTIBALL / TOTAL:,30,1970.9,yes,,0x0de,67,67,9694,anim_254_img09687,,0x100d97c,fg0
75,deff_075,192,,0x2,00,132,6126.8,yes,,0x0e2 0x0e3,69,69,6194 6195 6196 6197 6198 6199 6200 6201 6202 6203 6204 6205 6206 6207 6208 6209 6210 6211 6212 6213 6214 6215 6216 6217 6218 6219 6220 6221 6222 6223 6224 6225 6226 6227 6228 6229 6230 6231 6232 6233 6234 6235 6236 6237 6238 6239 6240 8774 8775,anim_133_img06194,,0x100e890,fg1
76,deff_076_megatron,1,yes,0x1,00 / MEGATRON / MULTIBALL / SHOOT FLASHING / SHOTS,79,10001.5,yes,,,,,9687 9688 9689 9690 9691 9692 9693 9694,anim_254_img09687,,0x100ebd0,bg076
77,deff_077_jackpot,193,,0x2,00 / JACKPOT,218,8945.2,yes,,,72,72,6460 6461 6462 6463 6464 6465 6466 6467 6468 6469 6470 6471 6472 6473 6474 6475 6476 6477 6478 6479 6480 6481 6482 6483 6484 6485 6486 6487 6488 6489 6490 6491 6492 6493 6494 6495 6496 6497 6498 6499 6500 6501 6502 6503 6504 6505 6506 6507 6508 6509 6510 6511 6512 6513 6514 6515 6516 6517 6518 6519,anim_137_img06460 anim_138_img06499,0x100e29c,0x100f3b4,fg2
78,deff_078_double_jackpot,193,,0x2,00 / DOUBLE JACKPOT,52,2665.4,yes,,0x0f8,73,73,,,0x100e29c,0x100f6dc,fg3
79,deff_079,194,,0x2,,0,0.0,no,,0x0f9,,74,,,0x100e29c,0x100f958,fg0
80,deff_080,207,,0x2,,1,0.0,no,,0x0fc,,75,,,,0x100fb18,fg1
81,deff_081_complete_all_shots,192,,0x2,00 / COMPLETE ALL SHOTS / FOR / SUPER JACKPOT,61,5172.7,yes,,,78,78,9977 9978 9979 9980 9981 9982 9983 9984 9985 9986 9987 9988 9989 9990 9991,anim_266_img09977,,0x1010544,fg2
82,deff_082_all_hail_megatron,1,yes,0x1,"00 / ALL HAIL MEGATRON / NEXT SHOT = 500,000 / SUPER = 00",90,9991.5,yes,,,,,,,,0x10107e8,bg082
83,deff_083_soundwave,193,,0x2,00 / SOUNDWAVE,73,3128.3,yes,,0x11b,81,81,9906 9907 9908 9909 9910 9911 9912 9913 9914 9915 9916 9917 9918 9919 9920 9921,anim_262_img09906,0x1010174,0x1011750,fg3
84,deff_084_all_hail_megatron,195,,0x2,00 / ALL HAIL MEGATRON / COMPLETED,63,3970.9,yes,0x080@0ms,0x128,82,82,9949 9950 9951 9952 9953 9954 9955 9956 9957 9958 9959 9960 9961 9962 9963 9964 9965 9966 9967 9968 9969 9970 9971 9972 9973 9974 9975,anim_265_img09949,,0x1011a54,fg0
85,deff_085_all_hail_megatron,196,,0x2,00 / ALL HAIL MEGATRON / TOTAL:,27,1321.4,yes,,0x12c,83,83,,,,0x1011d88,fg1
86,deff_086_battle,192,,0x2,00 / BATTLE / FOR / CYBERTRON / COMPLETE ALL SHOTS / SUPER JACKPOT,212,10497.8,yes,0x082@4292ms,0x12d 0x12e 0x130,86,86,10070 10071 10072 10073 10074 10075 10076 10077 10078 10079 10080 10081 10082 10083 10084 10085 10086 10087 10088 10089 10090 10091 10092 10093 10094 10095 10096 10097 10098 10099 10100 10101 10102 10103 10104 10105 10106 10107 10108 10109 10110 10111 10112 10113 10114 10115 10116 10117 10118 10119 10120 10121 10122 10123 10124 10125 10126 10127 10128 10129,anim_271_img10070,,0x10369b0,fg2
87,deff_087_next_shot_500_000,1,yes,0x1,"00 / NEXT SHOT = 500,000",63,10000.5,yes,,,,,10112 10113 10114 10115 10116 10117 10118 10119 10120 10121 10122 10123 10124 10125 10134 10135 10136 10137 10138 10139 10140 10141,,,0x1036d50,bg087
88,deff_088,193,,0x2,,1,0.0,no,,0x131,,89,,,0x10365c4,0x1037258,fg3
89,deff_089_super_wizard,194,,0x2,00 / SUPER WIZARD / JACKPOT,77,4452.8,yes,0x087@0ms 0x08b@0ms 0x089@2506ms,0x135 0x136 0x137 0x138 0x139,90,90,10041 10042 10043 10044 10045 10046 10047 10048 10049 10050 10051 10052 10053 10054 10055 10056 10057 10058 10059 10060 10061 10062 10063 10064 10065 10066 10067 10068,anim_270_img10041,0x10365c4,0x10374dc,fg0
90,deff_090,196,,0x2,,0,0.0,no,,0x13a,,91,,,,0x10377a4,fg1
91,deff_091_0_more,158,,0x2,0 MORE / FOR / MODE START / 00,49,2427.2,yes,0x0aa@0ms,0x170 0x171 0x172 0x173 0x174 0x175 0x176 0x177,103,103,2744 2745 2746 2747 2748 2749 2750 2751 2752 2753 2754 2755 2756 2757 2758 2759 2760 2761 2762 2763 2764 8758,anim_036_img02744 anim_205_img08757,0x1020074,0x1022608,fg2
92,deff_092_starscream,176,,0x2,00 / STARSCREAM / BATTLE,108,5504.6,yes,0x0b4@4292ms,0x17f 0x180,105,105,2059 2060 2061 2062 2063 2064 2065 2066 2067 2068 2069 2070 2071 2072 2073 2074 2075 2076 2077 2078 2079 2080 2081 2082 2083 2084 2085 2086 2087 2088 2089 2090 2091 2092 2093 2094 2095 2096 2097 2098 2099 2100 2101 2102 2103 2104 2105 2106 2107 2108 2109 2110 2111 2112 2113 2114 2115 2116 2117 2118,anim_020_img02059,,0x10185e0,fg3
93,deff_093,1,yes,0x1,,0,0.0,no,,,,,,,,0x1018720,bg093
94,deff_094,176,,0x2,,0,0.0,no,,0x18f,,107,,,0x1017b24,0x10189a8,fg0
95,deff_095_starscream,178,,0x2,STARSCREAM / TOTAL: / 00,49,1917.0,yes,0x0bf@0ms 0x0c0@1014ms,0x191,108,108,9519,,,0x1018d38,fg1
96,deff_096,176,,0x2,,0,0.0,no,,0x193 0x194,,109,,,,0x101f274,fg2
97,deff_097_shockwave,1,yes,0x1,SHOCKWAVE / 0 / SHOOT 11 SHOTS / 00,140,9995.0,yes,,,,,9530 9531 9532 9533 9534 9535,anim_232_img09530 anim_233_img09534,,0x101f3b4,bg097
98,deff_098,176,,0x2,00,78,4100.6,yes,,0x1a6,111,111,2861 2862 2863 2864 2865 2866 2867 2868 2869 2870 2871 2872 2873 2874 2875 2876 2877 2878 2879 2880 2881 2882 2883 2884 2885 2886 2887 2888 2889 2890 2891 2892 2893 2894 2895 2896 2897 2898 2899 2900 2901 2902 2903 2904 2905 2906,anim_040_img02861,0x101e5d4,0x101f6c8,fg3
99,deff_099_shockwave,178,,0x2,SHOCKWAVE / TOTAL: / 00,48,1902.7,yes,,0x1a8,112,112,9536,,,0x101fa48,fg0
100,deff_100_blackout,176,,0x2,00 / BLACKOUT / BATTLE,70,4785.9,yes,,0x1a9 0x1aa,113,113,1804 1805 1806 1807 1808 1809 1810 1811 1812 1813 1814 1815 1816 1817 1818 1819 1820 1821 1822 1823 1824 1825 1826 1827 1828 1829 1830 1831 1832 1833 1834 1835 1836 1837 1838 1839,anim_012_img01804,,0x101d768,fg1
101,deff_101_blackout,1,yes,0x1,BLACKOUT / 0 / SHOOT 11 SHOTS / 00,153,9994.7,yes,,,,,1965 1966 1967 1968 1969 1970 1971 1972 1973 1974 1975 1976 1977 1978 1979 1980,anim_017_img01965,,0x101d8ac,bg101
102,deff_102,176,,0x2,00,50,3947.7,yes,,0x1c9,115,115,1804 1805 1806 1807 1808 1809 1810 1811 1812 1813 1814 1815 1816 1817 1818 1819 1820 1821 1822 1823 1824 1825 1826 1827 1828 1829 1830 1831 1832 1833 1834 1835 1836 1837 1838,anim_012_img01804,0x101cc6c,0x101dc18,fg2
103,deff_103_blackout,178,,0x2,BLACKOUT / TOTAL: / 00,51,1896.2,yes,,0x1cb,116,116,1981,anim_017_img01965,,0x101dfb4,fg3
104,deff_104_devastator,176,,0x2,00 / DEVASTATOR / BATTLE,92,5327.1,yes,,0x1cd 0x1cf,117,117,7630 7631 7632 7633 7634 7635 7636 7637 7638 7639 7640 7641 7642 7643 7644 7645 7646 7647 7648 7649 7650 7651 7652 7653 7654 7655 7656 7657 7658 7659 7660 7661 7662 7663 7664,anim_170_img07630,,0x1016c24,fg0
105,deff_105_devastator,1,yes,0x1,DEVASTATOR / 0 / SHOOT 10 SHOTS / 00,152,9985.7,yes,,,,,9537 9538 9539 9540 9541 9542 9543 9544 9545 9546 9547 9548 9549 9550 9551 9552 9553 9554 9555 9556 9557 9558 9559 9560 9561 9562 9563 9564 9565 9566,anim_234_img09537 anim_235_img09553,,0x1016d7c,bg105
106,deff_106,176,,0x2,,0,0.0,no,,0x1e5,,119,,,0x1015f8c,0x10170b8,fg1
107,deff_107_devastator,178,,0x2,DEVASTATOR / TOTAL: / 00,48,1922.2,yes,,0x1e7,121,121,9569,,,0x1017460,fg2
108,deff_108,176,,0x2,,0,0.0,no,,0x1ed,,122,,,,0x101504c,fg3
109,deff_109_bumblebee,1,yes,0x1,BUMBLEBEE / 00 / SHOOT CAMARO / FOR 00,101,9987.2,yes,,,,,9520 9521 9522 9523 9524 9525 9526 9527 9528,anim_231_img09520,,0x1015184,bg109
110,deff_110,176,,0x2,00,143,5655.3,yes,,0x1fc,125,125,3944 3945 3946 3947 3948 3949 3950 3951 3952 3953 3954 3955 3956 3957 3958 3959 3960 3961 3962 3963 3964 3965 3966 3967 3968 3969 3970 3971 3972 3973 3974 3975 3976 3977 3978 3979 3980 3981 3982 3983 3984 3985 3986 3987 3988 3989 3990 3991 3992 3993 3994 3995 3996 3997 3998 3999 4000 4001 4002 4003,anim_071_img03944 anim_072_img03975,0x1014638 0x1014638,0x101555c,fg0
111,deff_111,178,,0x2,,1,0.0,no,,0x1fe,,126,,,,0x10158a4,fg1
112,deff_112_ironhide,176,,0x2,00 / IRONHIDE / BATTLE,101,5257.0,yes,0x0cb@48ms 0x0cc@1747ms 0x0c8@4027ms,0x17d 0x200,127,127,3497 3498 3499 3500 3501 3502 3503 3504 3505 3506 3507 3508 3509 3510 3511 3512 3513 3514 3515 3516 3517 3518 3519 3520 3521 3522 3523 3524 3525 3526 3527 3528 3529 3530 3531 3532 3533 3534 3535 3536 3537 3538 3539 3540 3541 3542 3543 3544 3545 3546 3547 3548 3549 3550 3551 3552 3553 3554 3555 3556,anim_055_img03497,,0x101be20,fg2
113,deff_113_ironhide,1,yes,0x1,IRONHIDE / 0 / SHOOT 10 SHOTS / 00,149,9994.7,yes,,,,,3865 3870 3871,anim_069_img03865,,0x101bf60,bg113
114,deff_114,176,,0x2,00,82,4418.3,yes,0x0cb@1172ms 0x0cc@2868ms,0x216,129,129,3497 3498 3499 3500 3501 3502 3503 3504 3505 3506 3507 3508 3509 3510 3511 3512 3513 3514 3515 3516 3517 3518 3519 3520 3521 3522 3523 3524 3525 3526 3527 3528 3529 3530 3531 3532 3533 3534 3535 3536 3537 3538 3539 3540 3541 3542 3543 3544 3545 3546 3547 3548 3549 3550 3551 3552 3553 3554 3555 3556,anim_055_img03497,0x101afbc,0x101c208,fg3
115,deff_115_ironhide,178,,0x2,IRONHIDE / TOTAL: / 00,51,1901.8,yes,0x0da@0ms 0x0db@1003ms,0x218,130,130,3875,anim_069_img03865,,0x101c590,fg0
116,deff_116_mudflap,176,,0x2,00 / MUDFLAP / & SKIDS,93,5369.9,yes,,0x17d 0x21b,131,131,6556 6557 6558 6559 6560 6561 6562 6563 6564 6565 6566 6567 6568 6569 6570 6571 6572 6573 6574 6575 6576 6577 6578 6579 6580 6581 6582 6583 6584 6585 6586 6587 6588 6589 6590,anim_139_img06556,,0x101a104,fg1
117,deff_117,1,yes,0x1,,0,0.0,no,,,,,,,,0x101a248,bg117
118,deff_118,176,,0x2,,0,0.0,no,,0x230,,133,,,0x1019294,0x101a538,fg2
119,deff_119,178,,0x2,,0,0.0,no,,0x232,,134,,,,0x101a8dc,fg3
120,deff_120_ratchet,176,,0x2,00 / RATCHET / BATTLE,62,3749.3,yes,0x0ea@64ms 0x0eb@2526ms,0x17d 0x235,135,135,8052 8053 8054 8055 8056 8057 8058 8059 8060 8061 8062 8063 8064 8065 8066 8067 8068 8069 8070 8071 8072 8073 8074 8075 8076 8077 8078 8079,anim_185_img08052,,0x1013628,fg0
121,deff_121,1,yes,0x1,,0,0.0,no,,,,,,,,0x101376c,bg121
122,deff_122,176,,0x2,00,42,2941.4,yes,0x0ea@1191ms,0x253,137,137,8052 8053 8054 8055 8056 8057 8058 8059 8060 8061 8062 8063 8064 8065 8066 8067 8068 8069 8070 8071 8072 8073 8074 8075 8076 8077 8078 8079,anim_185_img08052,0x1012508,0x1013a1c,fg1
123,deff_123_ratchet,178,,0x2,RATCHET / TOTAL / 00,50,1915.0,yes,0x0ff@0ms 0x100@1014ms,0x255,138,138,9508,,,0x1013d9c,fg2
124,deff_124,128,,0x2,,1,0.0,no,,,,,,,0x10309a4,0x1030b94,fg3
125,deff_125,129,,0x2,,0,0.0,no,,0x13e 0x13f,,,,,0x10309a4,0x1031038,fg0
126,deff_126_0_more,128,,0x2,0 MORE / FOR / FAST SCORING / 00,35,2797.9,yes,0x10a@402ms 0x109@1206ms 0x108@1206ms,0x264 0x266,,,7204 7205 7206 7207 7208 7209 7210 7211 7212 7213 7214 7215 7216 7217 7218 7219,anim_154_img07204,,0x102eaec,fg1
127,deff_127_bumblebee_grows,131,,0x2,BUMBLEBEE GROWS / 00,56,2220.9,yes,,,,,,,,0x10018fc,fg2
128,deff_128,130,,0x2,,0,0.0,no,,0x26b,,150,,,0x1001a70,0x10023e8,fg3
129,deff_129_double,176,,0x2,00 / DOUBLE / SCORING / ALL SCORES / DOUBLED / FOR 0 SECONDS,64,4134.4,yes,,0x27a,,,,,0x10039a0,0x1003c5c,fg0
130,deff_130,1,yes,0x1,,0,0.0,no,,,,,,,,0x1003e14,bg130
131,deff_131_fast,160,,0x2,FAST / SCORING / READY / 00,56,2240.3,yes,0x11f@0ms 0x120@587ms,0x287 0x288,,,,,0x1004334,0x1004ba8,fg1
132,deff_132_fast,176,,0x2,00 / FAST / SCORING / ALL TARGETS / SCORE / 00 POINTS,54,3970.9,yes,0x121@0ms,0x289 0x28a,158,158,,,,0x1004de8,fg2
133,deff_133_all_targets_00,1,yes,0x1,0 / ALL TARGETS=00 / 00,90,9997.2,yes,,,,,,,,0x1004ff4,bg133
134,deff_134_all_targets_00,158,,0x2,00 / 0 / ALL TARGETS=00,10,1026.3,yes,,,,,,,0x1004644,0x1005394,fg3
135,deff_135_all,159,,0x2,ALL / TARGETS / 00,28,1012.7,yes,,0x28b 0x28c,,,,,0x1004520,0x10054f8,fg0
136,deff_136_all_targets_00,160,,0x2,0 / ALL TARGETS=00 / TIME / EXTENDED / 00,40,1501.3,yes,,0x28e 0x28f,163,163,,,0x100457c,0x1005648,fg1
137,deff_137,178,,0x2,,0,0.0,no,,0x290,,165,,,,0x1005910,fg2
138,deff_138_0_more,144,,0x2,00 / 0 MORE / TARGET COMPLETIONS / TO LIGHT LOCK,23,1155.0,yes,0x124@0ms,0x292,166,166,,,,0x100b2f0,fg3
139,deff_139,145,,0x2,,0,0.0,no,,0x293,,167,,,0x100af0c,0x100b468,fg0
140,deff_140,177,,0x2,,0,0.0,no,,,,168,,,,0x100b7f0,fg1
141,deff_141_0_more,128,,0x2,0 MORE / TO ACCESS / OPTIMUS / 00,27,1504.7,yes,,0x2a4,,,,,0x1025de4,0x1025f18,fg2
142,deff_142,160,,0x2,,1,0.0,no,,0x2ab 0x2ad,,174,,,0x102628c,0x10269d8,fg3
143,deff_143_optimus_battle,1,yes,0x1,OPTIMUS BATTLE! / SHOOT OPTIMUS / 00,89,9998.2,yes,,,,,,,,0x1026ec0,bg143
144,deff_144_more_to_start,162,,0x2,00 / 0 / MORE TO START / OPTIMUS MULTIBALL,77,4221.7,yes,,0x2b2 0x2b3 0x2b4,,,5479 5480 5481 5482 5483 5484 5485 5486 5487 5488 5489 5490 5491 5492 5493 5494 5495 5496 5497 5498 5499 5500 5501 5502 5503 5504 5505,anim_111_img05479,0x10262f0,0x102712c,fg0
145,deff_145_right_spinner,133,,0x0,RIGHT SPINNER = / 00,15,1510.3,yes,,,,,,,,0x1032344,fg1
146,deff_146_super,176,,0x0,SUPER / SPINNER / 00 / LIT,34,1946.2,yes,,0x26e 0x26f,153,153,,,,0x103267c,fg2
147,deff_147_super_spinner,159,,0x2,SUPER SPINNER / 255 / HITS REMAINING / 00,15,1526.4,yes,,,,,,,0x10320a4,0x10329c8,fg3
148,deff_148_super_spinner,159,,0x2,SUPER SPINNER / COMPLETED / 00,20,2153.3,yes,0x10f@0ms,0x271,,,,,0x10320a4,0x1032ba0,fg0
149,deff_149_super,176,,0x0,SUPER / POP BUMPERS / 00 / LIT,34,1942.7,yes,0x0a1@0ms 0x0a2@970ms,0x161 0x162,31,31,,,,0x102d3e0,fg1
150,deff_150_super_pop_bumpers,128,,0x2,SUPER POP BUMPERS / 255 / HITS REMAINING / 00,15,1526.2,yes,,,,,,,0x102c8c8,0x102d770,fg2
151,deff_151_super_pop_bumpers,129,,0x2,SUPER POP BUMPERS / COMPLETED / 00,20,2125.5,yes,0x0a4@0ms,0x164,,,,,0x102c8c8,0x102d950,fg3
152,deff_152,162,,0x2,,0,0.0,no,,,,,,,,0x1006e30,fg0
153,deff_153_bah_weep,238,,0x2,BAH-WEEP / GRAAAAAGNAH-WHEEP / NI NI-BONG,3,4049.5,yes,,0x2bd,,,,,,0x10070a8,fg1
154,deff_154,238,,0x2,,0,0.0,no,,0x2be 0x2bf,,,,,,0x100728c,fg2
155,deff_155_nice_to,238,,0x2,NICE TO / SEE YOU AGAIN / MIKE KYZIVAT,1,4059.0,yes,0x0a5@0ms,0x165,,,,,,0x10071a8,fg3
